ISO-10303-21;
HEADER;
FILE_DESCRIPTION(('ViewDefinition [ReferenceView_V1.2]'),'2;1');
FILE_NAME('Building-Structural.ifc','2024-11-14T11:09:12',(''),(''),'IFC-manager for SketchUp (5.3.3)','SketchUp 2024 (24.0.594)','None');
FILE_SCHEMA(('IFC4'));
ENDSEC;
DATA;
#1=IFCOWNERHISTORY(#2,#5,$,.ADDED.,1731578952,#2,#5,1731578952);
#2=IFCPERSONANDORGANIZATION(#3,#4,$);
#3=IFCPERSON('3720f2e9-0107-4ce6-b699-e20d9bd03331','Jan B.',$,$,$,$,$,$);
#4=IFCORGANIZATION($,'buildingSMART International','buildingSMART is the worldwide industry body driving the digital transformation of the built environment.',$,$);
#5=IFCAPPLICATION(#6,'5.3.3','IFC manager for sketchup','su_ifcmanager');
#6=IFCORGANIZATION($,'BIM-Tools',$,$,$);
#7=IFCAXIS2PLACEMENT3D(#8,#9,#10);
#8=IFCCARTESIANPOINT((0.,0.,0.));
#9=IFCDIRECTION((0.,0.,1.));
#10=IFCDIRECTION((1.,0.,0.));
#11=IFCGEOMETRICREPRESENTATIONCONTEXT($,'Model',3,$,#7,$);
#12=IFCGEOMETRICREPRESENTATIONSUBCONTEXT('Body','Model',*,*,*,*,#11,$,.MODEL_VIEW.,$);
#13=IFCPROJECT('2Ndyd$OSX7s9A04nc4lyye',#1,'ifc silly sample scene - project','Demystifying IFC with a playful scene using diverse building elements and compositions.',$,$,$,(#11),#14);
#14=IFCUNITASSIGNMENT((#15,#16,#17));
#15=IFCSIUNIT(*,.LENGTHUNIT.,.MILLI.,.METRE.);
#16=IFCSIUNIT(*,.AREAUNIT.,$,.SQUARE_METRE.);
#17=IFCSIUNIT(*,.VOLUMEUNIT.,$,.CUBIC_METRE.);
#18=IFCPROJECTEDCRS('EPSG:32760','EPSG:32760 - WGS 84 / UTM zone 60S','WGS 84',$,$,$,#15);
#19=IFCMAPCONVERSION(#11,#18,729013348.82970035,9063992684.6973629,1300.0000000000011,0.49999999999999989,0.86602540378443871,1.);
#20=IFCSITE('23sFQGRy90RxVbRHD9iSE2',#1,'environment - site','A sample scene environment, showcasing the surrounding landscape.',$,#22,$,$,.COMPLEX.,$,$,0.,$,$);
#21=IFCRELAGGREGATES('0oxik3NHL8WwNmRqfgUDeo',#1,'ifc silly sample scene - project container',$,#13,(#20));
#22=IFCLOCALPLACEMENT($,#7);
#23=IFCSITE('1Pbuu0tu59NfhrTsztVBK1',#1,'house - site','Smoke curls from a friendly chimney, promising warmth within this idyllic hilltop house.',$,#25,$,$,.PARTIAL.,$,$,0.,$,$);
#24=IFCRELAGGREGATES('3zDClUSv10BgOdMB11_kd4',#1,'environment - site container',$,#20,(#23));
#25=IFCLOCALPLACEMENT(#22,#26);
#26=IFCAXIS2PLACEMENT3D(#27,#28,#29);
#27=IFCCARTESIANPOINT((5800.0000000000146,5800.0000000000009,-1300.0000000000018));
#28=IFCDIRECTION((0.,0.,1.));
#29=IFCDIRECTION((1.,0.,0.));
#30=IFCBUILDING('0c$N1CTon2BB2Sp89385G8',#1,'Single-family house','The main building structure, providing shelter and space.',$,#38,$,'house - building',.ELEMENT.,$,$,$);
#31=IFCPROPERTYSINGLEVALUE('ConstructionMethod',$,IFCLABEL('new construction'),$);
#32=IFCPROPERTYSET('18DB$FpSH4QhNntrrSRVGz',#1,'Pset_BuildingCommon',$,(#31));
#33=IFCRELDEFINESBYPROPERTIES('141p4IPfrBnRJ5dWbakDZK',#1,$,$,(#30),#32);
#34=IFCCLASSIFICATION('Molio','1.0','2023-01-23','CCI Construction',$,'https://identifier.buildingsmart.org/uri/molio/cciconstruction/1.0',$);
#35=IFCCLASSIFICATIONREFERENCE('https://identifier.buildingsmart.org/uri/molio/cciconstruction/1.0/class/E-AAA','E-AAA','Single-family house',#34,$,$);
#36=IFCRELASSOCIATESCLASSIFICATION('03PQtV4nbFoPd97bT_31oH',#1,'CCI Construction Classification',$,(#30),#35);
#37=IFCRELAGGREGATES('125RJLSU1E$x$3y4Ura4jb',#1,'house - site container',$,#23,(#30));
#38=IFCLOCALPLACEMENT(#25,#39);
#39=IFCAXIS2PLACEMENT3D(#40,#41,#42);
#40=IFCCARTESIANPOINT((-2799.9999999999868,-2799.9999999999927,1300.));
#41=IFCDIRECTION((0.,0.,1.));
#42=IFCDIRECTION((1.,0.,0.));
#43=IFCBUILDINGSTOREY('1Ano2ZUxnEIvVQ_beukl8b',#1,'00 groundfloor','The ground floor, forming the base level of the building.',$,#45,$,$,.ELEMENT.,-1.8047785488306545E-12);
#44=IFCRELAGGREGATES('2Z0bwx$9T0uvCFhebTd6KT',#1,'Single-family house container',$,#30,(#43));
#45=IFCLOCALPLACEMENT(#38,#46);
#46=IFCAXIS2PLACEMENT3D(#47,#48,#49);
#47=IFCCARTESIANPOINT((0.,0.,0.));
#48=IFCDIRECTION((0.,0.,1.));
#49=IFCDIRECTION((1.,0.,0.));
#50=IFCFOOTINGTYPE('39zsrh6sTE69jN0aDa_2y3',#1,'house - foundation','A house strip footing, ensuring stability and support.',$,$,$,'884636','strip_footing',.STRIP_FOOTING.);
#51=IFCRELDEFINESBYTYPE('2Ca0YqD5bBUxjYPcKrr8dB',#1,$,$,(#52),#50);
#52=IFCFOOTING('0pFmhV8oD1dB40_b4pscr8',#1,'house - foundation','A house strip footing, ensuring stability and support.','strip_footing',#58,#68,'454425.1027891.979946.932083.920028',$);
#53=IFCSURFACESTYLERENDERING(#54,0.,$,$,$,$,$,$,.NOTDEFINED.);
#54=IFCCOLOURRGB($,0.57647058823529407,0.57647058823529407,0.57647058823529407);
#55=IFCRELASSOCIATESMATERIAL('0oKrXjQf58gwTDmoHg_xVx',#1,$,$,(#52),#56);
#56=IFCMATERIAL('concrete_reinforced_in-situ',$,$);
#57=IFCRELCONTAINEDINSPATIALSTRUCTURE('32VVuS88fAuuHaSNYFaS2D',#1,$,$,(#52,#71,#101,#125,#148,#162,#172),#43);
#58=IFCLOCALPLACEMENT(#45,#59);
#59=IFCAXIS2PLACEMENT3D(#60,#61,#62);
#60=IFCCARTESIANPOINT((0.,2.5988811103161424E-11,-499.99999999999852));
#61=IFCDIRECTION((0.,0.,1.));
#62=IFCDIRECTION((1.,0.,0.));
#63=IFCTRIANGULATEDFACESET(#64,((-1.46491765327155E-18,-1.,5.0132737467518135E-17),(-1.46491765327155E-18,-1.,5.0132737467518135E-17),(-1.46491765327155E-18,-1.,5.0132737467518135E-17),(-1.46491765327155E-18,-1.,5.0132737467518135E-17),(6.2737042239002989E-15,1.,1.2031856992198741E-16),(6.2737042239002989E-15,1.,1.2031856992198741E-16),(6.2737042239002989E-15,1.,1.2031856992198741E-16),(6.2737042239002989E-15,1.,1.2031856992198741E-16),(1.,-1.9250971187527679E-14,-3.2242190574690827E-30),(1.,-1.9250971187527679E-14,-3.2242190574690827E-30),(1.,-1.9250971187527679E-14,-3.2242190574690827E-30),(1.,-1.9250971187527679E-14,-3.2242190574690827E-30),(-1.0828671292983906E-14,-1.,9.565299016287626E-30),(-1.0828671292983906E-14,-1.,9.565299016287626E-30),(-1.0828671292983906E-14,-1.,9.565299016287626E-30),(-1.0828671292983906E-14,-1.,9.565299016287626E-30),(2.0085356046416778E-16,1.,8.4473440079098366E-30),(2.0085356046416778E-16,1.,8.4473440079098366E-30),(2.0085356046416778E-16,1.,8.4473440079098366E-30),(2.0085356046416778E-16,1.,8.4473440079098366E-30),(1.,6.93550613764915E-15,8.7686746955391083E-31),(1.,6.93550613764915E-15,8.7686746955391083E-31),(1.,6.93550613764915E-15,8.7686746955391083E-31),(1.,6.93550613764915E-15,8.7686746955391083E-31),(-1.,0.,0.),(-1.,0.,0.),(-1.,0.,0.),(-1.,0.,0.),(1.,-2.1595640755239669E-15,-1.59357953415006E-30),(1.,-2.1595640755239669E-15,-1.59357953415006E-30),(1.,-2.1595640755239669E-15,-1.59357953415006E-30),(1.,-2.1595640755239669E-15,-1.59357953415006E-30),(2.2581771231866958E-14,-1.,3.7345825983413234E-14),(2.2581771231866958E-14,-1.,3.7345825983413234E-14),(2.2581771231866958E-14,-1.,3.7345825983413234E-14),(2.2581771231866958E-14,-1.,3.7345825983413234E-14),(-1.,-2.2298598362803405E-16,3.0079642479990719E-17),(-1.,-2.2298598362803405E-16,3.0079642479990719E-17),(-1.,-2.2298598362803405E-16,3.0079642479990719E-17),(-1.,-2.2298598362803405E-16,3.0079642479990719E-17),(6.3566407383912172E-18,-2.1423683666671721E-17,-1.),(6.3566407383912172E-18,-2.1423683666671721E-17,-1.),(6.3566407383912172E-18,-2.1423683666671721E-17,-1.),(6.3566407383912172E-18,-2.1423683666671721E-17,-1.),(6.3566407383912172E-18,-2.1423683666671721E-17,-1.),(6.3566407383912172E-18,-2.1423683666671721E-17,-1.),(6.3566407383912172E-18,-2.1423683666671721E-17,-1.),(6.3566407383912172E-18,-2.1423683666671721E-17,-1.),(6.3566407383912172E-18,-2.1423683666671721E-17,-1.),(6.3566407383912172E-18,-2.1423683666671721E-17,-1.),(6.3566407383912172E-18,-2.1423683666671721E-17,-1.),(6.3566407383912172E-18,-2.1423683666671721E-17,-1.),(6.3566407383912172E-18,-2.1423683666671721E-17,-1.),(6.3566407383912172E-18,-2.1423683666671721E-17,-1.),(6.3566407383912172E-18,-2.1423683666671721E-17,-1.),(6.3566407383912172E-18,-2.1423683666671721E-17,-1.),(5.486730273252906E-18,3.135196050775392E-17,1.),(5.486730273252906E-18,3.135196050775392E-17,1.),(5.486730273252906E-18,3.135196050775392E-17,1.),(5.486730273252906E-18,3.135196050775392E-17,1.),(5.486730273252906E-18,3.135196050775392E-17,1.),(5.486730273252906E-18,3.135196050775392E-17,1.),(5.486730273252906E-18,3.135196050775392E-17,1.),(5.486730273252906E-18,3.135196050775392E-17,1.),(5.486730273252906E-18,3.135196050775392E-17,1.),(5.486730273252906E-18,3.135196050775392E-17,1.),(5.486730273252906E-18,3.135196050775392E-17,1.),(5.486730273252906E-18,3.135196050775392E-17,1.),(5.486730273252906E-18,3.135196050775392E-17,1.),(5.486730273252906E-18,3.135196050775392E-17,1.),(5.486730273252906E-18,3.135196050775392E-17,1.),(5.486730273252906E-18,3.135196050775392E-17,1.),(4.8981365264111169E-15,-1.,1.5526841401514399E-16),(4.8981365264111169E-15,-1.,1.5526841401514399E-16),(4.8981365264111169E-15,-1.,1.5526841401514399E-16),(4.8981365264111169E-15,-1.,1.5526841401514399E-16),(1.5250536565293434E-16,1.,5.0132737467518166E-17),(1.5250536565293434E-16,1.,5.0132737467518166E-17),(1.5250536565293434E-16,1.,5.0132737467518166E-17),(1.5250536565293434E-16,1.,5.0132737467518166E-17),(1.,-8.5709659506530554E-16,1.8299061265187592E-31),(1.,-8.5709659506530554E-16,1.8299061265187592E-31),(1.,-8.5709659506530554E-16,1.8299061265187592E-31),(1.,-8.5709659506530554E-16,1.8299061265187592E-31),(-1.,4.6079452310569274E-16,1.4438228390645239E-15),(-1.,4.6079452310569274E-16,1.4438228390645239E-15),(-1.,4.6079452310569274E-16,1.4438228390645239E-15),(-1.,4.6079452310569274E-16,1.4438228390645239E-15),(-1.,6.7422251026929422E-16,1.9250971187526995E-15),(-1.,6.7422251026929422E-16,1.9250971187526995E-15),(-1.,6.7422251026929422E-16,1.9250971187526995E-15),(-1.,6.7422251026929422E-16,1.9250971187526995E-15),(-4.0106189974014464E-16,-1.,1.1581246614468541E-30),(-4.0106189974014464E-16,-1.,1.1581246614468541E-30),(-4.0106189974014464E-16,-1.,1.1581246614468541E-30),(-4.0106189974014464E-16,-1.,1.1581246614468541E-30)),$,((1,2,3),(2,1,4),(5,6,7),(6,5,8),(9,10,11),(10,9,12),(13,14,15),(14,13,16),(17,18,19),(18,17,20),(21,22,23),(22,21,24),(25,26,27),(26,25,28),(29,30,31),(30,29,32),(33,34,35),(34,33,36),(37,38,39),(38,37,40),(41,42,43),(42,41,44),(43,42,45),(42,44,46),(46,44,47),(47,44,48),(48,44,49),(49,44,50),(42,51,45),(51,42,52),(51,52,49),(51,49,53),(53,49,54),(53,54,55),(55,54,56),(54,49,50),(45,56,43),(56,45,55),(57,58,59),(58,57,60),(60,57,61),(62,63,64),(65,66,58),(66,65,67),(67,65,61),(67,61,68),(68,61,69),(69,61,57),(68,69,70),(68,70,62),(71,66,72),(66,71,59),(66,59,58),(72,66,63),(72,63,62),(72,62,70),(73,74,75),(74,73,76),(77,78,79),(78,77,80),(81,82,83),(82,81,84),(85,86,87),(86,85,88),(89,90,91),(90,89,92),(93,94,95),(94,93,96)),$);
#64=IFCCARTESIANPOINTLIST3D(((4300.00000000003,-100.00000000003212,249.99999999999937),(-100.00000000001624,-100.00000000003212,-50.00000000000054),(4300.00000000003,-100.00000000003212,-50.00000000000054),(-100.00000000001624,-100.00000000003212,249.99999999999937),(350.00000000000267,349.99999999996658,-50.00000000000054),(3850.0000000000341,349.99999999990882,249.99999999999918),(3850.0000000000341,349.99999999990882,-50.000000000000632),(350.00000000000267,349.99999999996658,249.99999999999909),(350.00000000002871,1699.9999999999179,-50.000000000000632),(350.00000000000267,349.99999999996658,249.99999999999909),(350.00000000000267,349.99999999996658,-50.00000000000054),(350.00000000002871,1699.9999999999179,249.99999999999909),(3850.0000000000341,1699.9999999998804,-50.00000000000027),(350.00000000002871,1699.9999999999179,249.99999999999909),(350.00000000002871,1699.9999999999179,-50.000000000000632),(3850.0000000000341,1699.9999999998804,249.99999999999949),(350.00000000002871,2149.9999999999168,249.99999999999918),(5250.0000000000018,2149.9999999999154,-49.99999999999973),(350.00000000002871,2149.9999999999168,-50.000000000000632),(5250.0000000000018,2149.9999999999154,250.00000000000017),(350.00000000000415,5649.9999999999563,-50.000000000001805),(350.00000000002871,2149.9999999999168,249.99999999999918),(350.00000000002871,2149.9999999999168,-50.000000000000632),(350.00000000000415,5649.9999999999563,249.99999999999793),(3850.0000000000341,1699.9999999998804,249.99999999999949),(3850.0000000000341,349.99999999990882,-50.000000000000632),(3850.0000000000341,349.99999999990882,249.99999999999918),(3850.0000000000341,1699.9999999998804,-50.00000000000027),(4300.0000000000327,1699.9999999998804,-50.000000000000178),(4300.00000000003,-100.00000000003212,249.99999999999937),(4300.00000000003,-100.00000000003212,-50.00000000000054),(4300.0000000000327,1699.9999999998804,249.99999999999963),(5700.,1699.9999999999166,249.99999999999909),(4300.0000000000327,1699.9999999998804,-50.000000000000178),(5700.,1699.9999999999166,-50.000000000000632),(4300.0000000000327,1699.9999999998804,249.99999999999963),(-100.00000000003645,6099.9999999999827,249.99999999999918),(-100.00000000001624,-100.00000000003212,-50.00000000000054),(-100.00000000001624,-100.00000000003212,249.99999999999937),(-100.00000000003645,6099.9999999999827,-50.000000000000632),(-100.00000000003645,6099.9999999999827,-50.000000000000632),(350.00000000000415,5649.9999999999563,-50.000000000001805),(-100.00000000001624,-100.00000000003212,-50.00000000000054),(5700.0000000000027,6099.9999999999818,-50.000000000000632),(350.00000000000267,349.99999999996658,-50.00000000000054),(4600.0000000000628,5649.9999999999827,-50.00000000000054),(4600.0000000000628,4499.9999999999482,-49.99999999999973),(5250.0000000000018,4499.9999999999482,-50.00000000000027),(5250.0000000000018,2149.9999999999154,-49.99999999999973),(5700.,1699.9999999999166,-50.000000000000632),(350.00000000002871,1699.9999999999179,-50.000000000000632),(350.00000000002871,2149.9999999999168,-50.000000000000632),(3850.0000000000341,1699.9999999998804,-50.00000000000027),(4300.0000000000327,1699.9999999998804,-50.000000000000178),(3850.0000000000341,349.99999999990882,-50.000000000000632),(4300.00000000003,-100.00000000003212,-50.00000000000054),(4300.00000000003,-100.00000000003212,249.99999999999937),(350.00000000000267,349.99999999996658,249.99999999999909),(-100.00000000001624,-100.00000000003212,249.99999999999937),(3850.0000000000341,349.99999999990882,249.99999999999918),(3850.0000000000341,1699.9999999998804,249.99999999999949),(5250.0000000000018,4499.9999999999482,249.99999999999963),(4600.0000000000628,5649.9999999999827,249.99999999999937),(4600.0000000000628,4499.9999999999482,250.00000000000048),(350.00000000002871,1699.9999999999179,249.99999999999909),(350.00000000000415,5649.9999999999563,249.99999999999793),(350.00000000002871,2149.9999999999168,249.99999999999918),(5250.0000000000018,2149.9999999999154,250.00000000000017),(4300.0000000000327,1699.9999999998804,249.99999999999963),(5700.,1699.9999999999166,249.99999999999909),(-100.00000000003645,6099.9999999999827,249.99999999999918),(5700.0000000000027,6099.9999999999818,249.99999999999918),(4600.0000000000628,5649.9999999999827,-50.00000000000054),(350.00000000000415,5649.9999999999563,249.99999999999793),(350.00000000000415,5649.9999999999563,-50.000000000001805),(4600.0000000000628,5649.9999999999827,249.99999999999937),(-100.00000000003645,6099.9999999999827,249.99999999999918),(5700.0000000000027,6099.9999999999818,-50.000000000000632),(-100.00000000003645,6099.9999999999827,-50.000000000000632),(5700.0000000000027,6099.9999999999818,249.99999999999918),(5700.0000000000027,6099.9999999999818,-50.000000000000632),(5700.,1699.9999999999166,249.99999999999909),(5700.,1699.9999999999166,-50.000000000000632),(5700.0000000000027,6099.9999999999818,249.99999999999918),(5250.0000000000018,4499.9999999999482,249.99999999999963),(5250.0000000000018,2149.9999999999154,-49.99999999999973),(5250.0000000000018,2149.9999999999154,250.00000000000017),(5250.0000000000018,4499.9999999999482,-50.00000000000027),(4600.0000000000628,5649.9999999999827,249.99999999999937),(4600.0000000000628,4499.9999999999482,-49.99999999999973),(4600.0000000000628,4499.9999999999482,250.00000000000048),(4600.0000000000628,5649.9999999999827,-50.00000000000054),(5250.0000000000018,4499.9999999999482,249.99999999999963),(4600.0000000000628,4499.9999999999482,-49.99999999999973),(5250.0000000000018,4499.9999999999482,-50.00000000000027),(4600.0000000000628,4499.9999999999482,250.00000000000048)));
#65=IFCSTYLEDITEM(#63,(#66),$);
#66=IFCSURFACESTYLE('concrete_reinforced_in-situ',.BOTH.,(#53));
#67=IFCSHAPEREPRESENTATION(#12,'Body','Tessellation',(#63));
#68=IFCPRODUCTDEFINITIONSHAPE($,$,(#67));
#69=IFCWALLTYPE('0_8SeeJGr948J4bU1RPXce',#1,'house - outer wall - house back','A solid outer wall, forming the back of the house.',$,$,$,'919510','solidwall',.SOLIDWALL.);
#70=IFCRELDEFINESBYTYPE('1Dq$Dv2C19kvvXmEBQkP5l',#1,$,$,(#71),#69);
#71=IFCWALL('0DyViLJJ175RvWQi1rE7a6',#1,'house - outer wall - house back','A solid outer wall, forming the back of the house.','solidwall',#88,#98,'454425.1027891.979946.932083.920030',$);
#72=IFCPROPERTYENUMERATEDVALUE('Status',$,(IFCLABEL('UNSET')),#73);
#73=IFCPROPERTYENUMERATION('#<BimTools::IfcManager::Types::IfcLabel:0x000001cc1a1a45b8>',(IFCLABEL('NEW'),IFCLABEL('EXISTING'),IFCLABEL('DEMOLISH'),IFCLABEL('TEMPORARY'),IFCLABEL('OTHER'),IFCLABEL('NOTKNOWN'),IFCLABEL('UNSET')),$);
#74=IFCPROPERTYSINGLEVALUE('IsExternal',$,IFCBOOLEAN(.T.),$);
#75=IFCPROPERTYSINGLEVALUE('LoadBearing',$,IFCBOOLEAN(.T.),$);
#76=IFCPROPERTYSET('0hVJYXG1r7ywQAq8Vpug40',#1,'Pset_WallCommon',$,(#72,#74,#75));
#77=IFCRELDEFINESBYPROPERTIES('37JtmMF1HE8uDDbwzFG43E',#1,$,$,(#71),#76);
#78=IFCSURFACESTYLERENDERING(#79,0.,$,$,$,$,$,$,.NOTDEFINED.);
#79=IFCCOLOURRGB($,1.,1.,1.);
#80=IFCRELASSOCIATESMATERIAL('0sAYN8OJzFKu1rNoJBdSki',#1,$,$,(#71,#101,#125,#148,#172),#81);
#81=IFCMATERIAL('stone_sand-lime',$,$);
#82=IFCQUANTITYVOLUME('NetVolume',$,$,4.28651536853961,$);
#83=IFCQUANTITYLENGTH('Width',$,$,200.00000000007941,$);
#84=IFCQUANTITYLENGTH('Length',$,$,5200.0000000002037,$);
#85=IFCQUANTITYAREA('NetSideArea',$,$,21.432576842689539,$);
#86=IFCELEMENTQUANTITY('0VVWsZ$_bFHgmAwNtcydte',#1,'Qto_WallBaseQuantities',$,$,(#82,#83,#84,#85));
#87=IFCRELDEFINESBYPROPERTIES('1SWTv4zQ95LhMduNc2qS5N',#1,$,$,(#71),#86);
#88=IFCLOCALPLACEMENT(#45,#89);
#89=IFCAXIS2PLACEMENT3D(#90,#91,#92);
#90=IFCCARTESIANPOINT((200.00000000001228,5900.0000000000064,-3.6095570976613087E-13));
#91=IFCDIRECTION((0.,0.,1.));
#92=IFCDIRECTION((1.,0.,0.));
#93=IFCTRIANGULATEDFACESET(#94,((4.9782820546946396E-15,1.,1.1730609307457722E-14),(4.9782820546946396E-15,1.,1.1730609307457722E-14),(4.9782820546946396E-15,1.,1.1730609307457722E-14),(4.9782820546946396E-15,1.,1.1730609307457722E-14),(4.9782820546946396E-15,1.,1.1730609307457722E-14),(-1.,-3.7866607115511961E-14,-4.0252174302320419E-15),(-1.,-3.7866607115511961E-14,-4.0252174302320419E-15),(-1.,-3.7866607115511961E-14,-4.0252174302320419E-15),(-1.,-3.7866607115511961E-14,-4.0252174302320419E-15),(1.,-2.6042944740838581E-13,-3.1113575685951425E-14),(1.,-2.6042944740838581E-13,-3.1113575685951425E-14),(1.,-2.6042944740838581E-13,-3.1113575685951425E-14),(1.,-2.6042944740838581E-13,-3.1113575685951425E-14),(-1.6948977865644299E-15,-1.,-1.3039587602823116E-14),(-1.6948977865644299E-15,-1.,-1.3039587602823116E-14),(-1.6948977865644299E-15,-1.,-1.3039587602823116E-14),(-1.6948977865644299E-15,-1.,-1.3039587602823116E-14),(-1.6948977865644299E-15,-1.,-1.3039587602823116E-14),(-1.6948977865644299E-15,-1.,-1.3039587602823116E-14),(-1.6948977865644299E-15,-1.,-1.3039587602823116E-14),(-1.6948977865644299E-15,-1.,-1.3039587602823116E-14),(-1.6948977865644299E-15,-1.,-1.3039587602823116E-14),(-1.6948977865644299E-15,-1.,-1.3039587602823116E-14),(-1.6948977865644299E-15,-1.,-1.3039587602823116E-14),(-1.6948977865644299E-15,-1.,-1.3039587602823116E-14),(-1.6948977865644299E-15,-1.,-1.3039587602823116E-14),(-1.6948977865644299E-15,-1.,-1.3039587602823116E-14),(-1.6948977865644299E-15,-1.,-1.3039587602823116E-14),(-1.6948977865644299E-15,-1.,-1.3039587602823116E-14),(-1.6948977865644299E-15,-1.,-1.3039587602823116E-14),(-1.6948977865644299E-15,-1.,-1.3039587602823116E-14),(-1.6948977865644299E-15,-1.,-1.3039587602823116E-14),(-1.6948977865644299E-15,-1.,-1.3039587602823116E-14),(-1.6948977865644299E-15,-1.,-1.3039587602823116E-14),(-1.6948977865644299E-15,-1.,-1.3039587602823116E-14),(-1.6948977865644299E-15,-1.,-1.3039587602823116E-14),(-1.6948977865644299E-15,-1.,-1.3039587602823116E-14),(1.7578181698870839E-14,-1.,4.0837476813380513E-14),(1.7578181698870839E-14,-1.,4.0837476813380513E-14),(1.7578181698870839E-14,-1.,4.0837476813380513E-14),(1.7578181698870839E-14,-1.,4.0837476813380513E-14),(1.7578181698870839E-14,-1.,4.0837476813380513E-14),(-2.4535466264927826E-14,-1.,-2.6799594158778721E-14),(-2.4535466264927826E-14,-1.,-2.6799594158778721E-14),(-2.4535466264927826E-14,-1.,-2.6799594158778721E-14),(-2.4535466264927826E-14,-1.,-2.6799594158778721E-14),(-2.4535466264927826E-14,-1.,-2.6799594158778721E-14),(-2.453546626492202E-14,-1.,-2.6799594158773663E-14),(-2.453546626492202E-14,-1.,-2.6799594158773663E-14),(-2.453546626492202E-14,-1.,-2.6799594158773663E-14),(-2.453546626492202E-14,-1.,-2.6799594158773663E-14),(-2.453546626492202E-14,-1.,-2.6799594158773663E-14),(1.3749668247620028E-14,-1.,-3.9561305662955703E-14),(1.3749668247620028E-14,-1.,-3.9561305662955703E-14),(1.3749668247620028E-14,-1.,-3.9561305662955703E-14),(1.3749668247620028E-14,-1.,-3.9561305662955703E-14),(1.3749668247620028E-14,-1.,-3.9561305662955703E-14),(-0.70710678118661885,2.0702726780658274E-18,0.70710678118647619),(-0.70710678118661885,2.0702726780658274E-18,0.70710678118647619),(-0.70710678118661885,2.0702726780658274E-18,0.70710678118647619),(-0.70710678118661885,2.0702726780658274E-18,0.70710678118647619),(0.70710678118657211,-6.6330746772901553E-14,-0.70710678118652293),(0.70710678118657211,-6.6330746772901553E-14,-0.70710678118652293),(0.70710678118657211,-6.6330746772901553E-14,-0.70710678118652293),(0.70710678118657211,-6.6330746772901553E-14,-0.70710678118652293),(-1.,2.9278076857621794E-18,-4.0781053747615277E-15),(-1.,2.9278076857621794E-18,-4.0781053747615277E-15),(-1.,2.9278076857621794E-18,-4.0781053747615277E-15),(-1.,2.9278076857621794E-18,-4.0781053747615277E-15),(0.70710678118655867,1.2945196161570941E-15,0.70710678118653647),(0.70710678118655867,1.2945196161570941E-15,0.70710678118653647),(0.70710678118655867,1.2945196161570941E-15,0.70710678118653647),(0.70710678118655867,1.2945196161570941E-15,0.70710678118653647),(0.70710678118657044,-3.0593487962154387E-14,-0.70710678118652481),(0.70710678118657044,-3.0593487962154387E-14,-0.70710678118652481),(0.70710678118657044,-3.0593487962154387E-14,-0.70710678118652481),(0.70710678118657044,-3.0593487962154387E-14,-0.70710678118652481),(1.,-2.9278076854681315E-18,1.3101998118915924E-14),(1.,-2.9278076854681315E-18,1.3101998118915924E-14),(1.,-2.9278076854681315E-18,1.3101998118915924E-14),(1.,-2.9278076854681315E-18,1.3101998118915924E-14),(0.70710678118655146,-1.276351374539106E-13,-0.7071067811865438),(0.70710678118655146,-1.276351374539106E-13,-0.7071067811865438),(0.70710678118655146,-1.276351374539106E-13,-0.7071067811865438),(0.70710678118655146,-1.276351374539106E-13,-0.7071067811865438),(-0.70710678118654902,2.6825273597743388E-14,0.70710678118654602),(-0.70710678118654902,2.6825273597743388E-14,0.70710678118654602),(-0.70710678118654902,2.6825273597743388E-14,0.70710678118654602),(-0.70710678118654902,2.6825273597743388E-14,0.70710678118654602),(-0.70710678118654957,9.9555862674061607E-14,0.70710678118654546),(-0.70710678118654957,9.9555862674061607E-14,0.70710678118654546),(-0.70710678118654957,9.9555862674061607E-14,0.70710678118654546),(-0.70710678118654957,9.9555862674061607E-14,0.70710678118654546),(-4.0781053747614409E-15,6.497202775792069E-14,1.),(-4.0781053747614409E-15,6.497202775792069E-14,1.),(-4.0781053747614409E-15,6.497202775792069E-14,1.),(-4.0781053747614409E-15,6.497202775792069E-14,1.),(-4.0781053747614409E-15,6.497202775792069E-14,1.),(0.70710678118655179,-3.41516342756418E-15,0.70710678118654324),(0.70710678118655179,-3.41516342756418E-15,0.70710678118654324),(0.70710678118655179,-3.41516342756418E-15,0.70710678118654324),(0.70710678118655179,-3.41516342756418E-15,0.70710678118654324),(0.70710678118655179,-3.41516342756418E-15,0.70710678118654324),(-0.70710678118655235,1.2581417274674211E-15,-0.7071067811865428),(-0.70710678118655235,1.2581417274674211E-15,-0.7071067811865428),(-0.70710678118655235,1.2581417274674211E-15,-0.7071067811865428),(-0.70710678118655235,1.2581417274674211E-15,-0.7071067811865428),(0.70710678118654557,2.5964689275978471E-14,0.70710678118654957),(0.70710678118654557,2.5964689275978471E-14,0.70710678118654957),(0.70710678118654557,2.5964689275978471E-14,0.70710678118654957),(0.70710678118654557,2.5964689275978471E-14,0.70710678118654957),(0.70710678118654557,2.5964689275978471E-14,0.70710678118654957),(-0.70710678118651438,2.809431945925012E-14,0.70710678118658066),(-0.70710678118651438,2.809431945925012E-14,0.70710678118658066),(-0.70710678118651438,2.809431945925012E-14,0.70710678118658066),(-0.70710678118651438,2.809431945925012E-14,0.70710678118658066),(-0.70710678118651438,2.809431945925012E-14,0.70710678118658066),(0.70710678118652659,1.6989085119202603E-14,0.70710678118656856),(0.70710678118652659,1.6989085119202603E-14,0.70710678118656856),(0.70710678118652659,1.6989085119202603E-14,0.70710678118656856),(0.70710678118652659,1.6989085119202603E-14,0.70710678118656856),(0.70710678118652659,1.6989085119202603E-14,0.70710678118656856),(2.2641278938497974E-15,-1.,-3.5469636219794095E-15),(2.2641278938497974E-15,-1.,-3.5469636219794095E-15),(2.2641278938497974E-15,-1.,-3.5469636219794095E-15),(2.2641278938497974E-15,-1.,-3.5469636219794095E-15),(2.2641278938497974E-15,-1.,-3.5469636219794095E-15),(2.2641278938497974E-15,-1.,-3.5469636219794095E-15),(-0.70710678118654879,-6.6832223413132019E-15,0.70710678118654624),(-0.70710678118654879,-6.6832223413132019E-15,0.70710678118654624),(-0.70710678118654879,-6.6832223413132019E-15,0.70710678118654624),(-0.70710678118654879,-6.6832223413132019E-15,0.70710678118654624),(-0.70710678118654879,-6.6832223413132019E-15,0.70710678118654624),(-0.70710678118654879,-6.6832223413132019E-15,0.70710678118654624),(-0.70710678118654879,-6.6832223413132019E-15,0.70710678118654624),(-0.70710678118654879,-6.6832223413132019E-15,0.70710678118654624),(-0.70710678118654879,-6.6832223413132019E-15,0.70710678118654624),(-0.70710678118654879,-6.6832223413132019E-15,0.70710678118654624),(8.6334358465693E-16,-2.2221335882477798E-14,-1.),(8.6334358465693E-16,-2.2221335882477798E-14,-1.),(8.6334358465693E-16,-2.2221335882477798E-14,-1.),(8.6334358465693E-16,-2.2221335882477798E-14,-1.),(0.70710678118653736,-1.3444726813532154E-13,0.70710678118655768),(0.70710678118653736,-1.3444726813532154E-13,0.70710678118655768),(0.70710678118653736,-1.3444726813532154E-13,0.70710678118655768),(0.70710678118653736,-1.3444726813532154E-13,0.70710678118655768),(0.70710678118653736,-1.3444726813532154E-13,0.70710678118655768),(0.70710678118653736,-1.3444726813532154E-13,0.70710678118655768),(0.70710678118653736,-1.3444726813532154E-13,0.70710678118655768),(0.70710678118653736,-1.3444726813532154E-13,0.70710678118655768),(0.70710678118653736,-1.3444726813532154E-13,0.70710678118655768),(0.70710678118653736,-1.3444726813532154E-13,0.70710678118655768),(0.70710678118653736,-1.3444726813532154E-13,0.70710678118655768),(0.70710678118653736,-1.3444726813532154E-13,0.70710678118655768),(0.70710678118653736,-1.3444726813532154E-13,0.70710678118655768),(0.70710678118653736,-1.3444726813532154E-13,0.70710678118655768),(0.70710678118653736,-1.3444726813532154E-13,0.70710678118655768),(0.70710678118653736,-1.3444726813532154E-13,0.70710678118655768),(0.70710678118653736,-1.3444726813532154E-13,0.70710678118655768),(0.70710678118653736,-1.3444726813532154E-13,0.70710678118655768)),$,((1,2,3),(2,1,4),(4,1,5),(6,7,8),(7,6,9),(10,11,12),(11,10,13),(14,15,16),(17,18,19),(20,21,22),(21,20,16),(21,16,15),(21,15,23),(21,23,19),(21,19,18),(21,18,24),(21,24,25),(21,25,26),(21,26,27),(25,28,26),(28,25,29),(30,31,32),(28,33,26),(33,28,34),(33,34,35),(35,34,32),(35,32,36),(35,36,37),(36,32,31),(38,39,40),(39,38,41),(39,41,42),(43,44,45),(44,43,46),(46,43,47),(48,49,50),(49,48,51),(51,48,52),(53,54,55),(54,53,56),(56,53,57),(58,59,60),(59,58,61),(62,63,64),(63,62,65),(66,67,68),(67,66,69),(70,71,72),(71,70,73),(74,75,76),(75,74,77),(78,79,80),(79,78,81),(82,83,84),(83,82,85),(86,87,88),(87,86,89),(90,91,92),(91,90,93),(94,95,96),(95,94,97),(95,97,98),(99,100,101),(100,99,102),(102,99,103),(104,105,106),(105,104,107),(108,109,110),(109,108,111),(111,108,112),(113,114,115),(114,113,116),(114,116,117),(118,119,120),(119,118,121),(119,121,122),(123,124,125),(124,123,126),(126,123,127),(127,123,128),(129,130,131),(130,129,132),(132,129,133),(132,133,134),(135,136,137),(136,135,138),(138,135,132),(138,132,134),(139,140,141),(140,139,142),(143,144,145),(146,147,148),(149,150,151),(152,153,154),(153,152,155),(153,155,156),(156,155,157),(156,157,158),(153,156,144),(153,144,159),(159,144,143),(153,159,147),(153,147,160),(160,147,146),(153,160,150),(153,150,149)),$);
#94=IFCCARTESIANPOINTLIST3D(((-1.7393553264355431E-11,99.999999999983757,3375.7359312880853),(5200.0000000000573,99.999999999998195,-250.00000000000009),(-2.7522872869667478E-12,99.999999999998195,-250.00000000000009),(5200.0000000001864,99.999999999947661,1975.7359312880535),(1899.9999999999834,99.999999999930338,5275.7359312880835),(-1.7393553264355431E-11,99.999999999983757,3375.7359312880853),(4.7149839588200843E-12,-99.999999999999631,-250.00000000000009),(-9.8134833592666837E-12,-100.0000000000249,3375.7359312880831),(-2.7522872869667478E-12,99.999999999998195,-250.00000000000009),(5200.0000000000628,-100.00000000001407,-249.99999999999116),(5200.0000000001864,99.999999999947661,1975.7359312880535),(5200.0000000000737,-100.00000000002129,1975.7359312880617),(5200.0000000000573,99.999999999998195,-250.00000000000009),(4760.3553390592651,-100.00000000002635,2415.3805922288584),(4618.9339828219181,-100.00000000003645,2273.9592359914836),(5200.0000000000737,-100.00000000002129,1975.7359312880617),(3835.3553390592838,-100.00000000004512,3340.380592228822),(3693.9339828219304,-100.00000000004655,3198.9592359914686),(4689.6446609406103,-100.00000000002923,2486.0912703475092),(5200.0000000000628,-100.00000000001407,-249.99999999999116),(-9.8134833592666837E-12,-100.0000000000249,3375.7359312880831),(4.7149839588200843E-12,-99.999999999999631,-250.00000000000009),(4548.2233047032578,-100.00000000003645,2344.6699141101435),(3623.2233047032814,-100.00000000004584,3269.6699141101185),(3764.6446609406235,-100.00000000004584,3411.0912703474778),(1031.0660171779725,-100.00000000004873,4123.9592359914413),(889.64466094065392,-100.00000000005234,4265.3805922287638),(2768.9339828219959,-100.0000000000545,4123.9592359914486),(2910.3553390593152,-100.00000000006099,4265.3805922287729),(1949.9999999999623,-100.00000000008122,5225.735931288109),(1949.9999999999629,-100.00000000006389,5025.7359312881081),(2839.6446609406576,-100.00000000006389,4336.0912703474305),(1101.7766952966278,-100.00000000005234,4194.6699141100971),(2698.2233047033355,-100.0000000000545,4194.6699141101053),(960.35533905931914,-100.00000000005161,4336.0912703474087),(1849.9999999999714,-100.00000000006389,5025.7359312881081),(1849.9999999999695,-100.00000000008122,5225.7359312880808),(1066.4213562373013,-9.2404661700129504E-11,4159.3145750507656),(889.64466094065415,-9.3126573119661768E-11,4265.3805922287638),(1031.06601717797,-9.2404661700129504E-11,4123.9592359914413),(1101.7766952966329,-9.3126573119661768E-11,4194.6699141100898),(960.35533905930845,-8.4463636085274622E-11,4336.0912703474187),(2910.3553390593179,-8.0132167568081048E-11,4265.3805922287693),(2733.578643762668,-7.4356876211822959E-11,4159.3145750507701),(2768.9339828219922,-7.3634964792290695E-11,4123.959235991445),(2698.2233047033437,-7.3634964792290695E-11,4194.6699141100971),(2839.6446609406653,-8.0132167568081048E-11,4336.0912703474196),(3835.3553390592897,-7.8688344729016532E-11,3340.3805922288147),(3658.578643762613,-7.2191141953226179E-11,3234.3145750507897),(3693.9339828219377,-7.291305337275843E-11,3198.9592359914614),(3623.2233047032814,-7.2191141953226179E-11,3269.669914110118),(3764.6446609406339,-7.9410256148548797E-11,3411.0912703474701),(4760.3553390592651,-6.9303496275097121E-11,2415.3805922288584),(4583.5786437625866,-7.0025407694629386E-11,2309.3145750508152),(4618.9339828219181,-7.0025407694629386E-11,2273.9592359914836),(4548.2233047032551,-7.0025407694629386E-11,2344.6699141101399),(4689.6446609406157,-7.7244521889952004E-11,2486.0912703475055),(4760.3553390592651,-100.00000000002635,2415.3805922288584),(4618.9339828219181,-7.0025407694629386E-11,2273.9592359914836),(4618.9339828219181,-100.00000000003645,2273.9592359914836),(4760.3553390592651,-6.9303496275097121E-11,2415.3805922288584),(3623.2233047032814,-7.2191141953226179E-11,3269.669914110118),(3764.6446609406235,-100.00000000004584,3411.0912703474778),(3623.2233047032814,-100.00000000004584,3269.6699141101185),(3764.6446609406339,-7.9410256148548797E-11,3411.0912703474701),(1949.9999999999616,-9.0238927441532724E-11,5225.735931288109),(1949.9999999999629,-100.00000000006389,5025.7359312881081),(1949.9999999999623,-100.00000000008122,5225.735931288109),(1949.9999999999623,-9.0238927441532724E-11,5025.7359312881008),(1031.0660171779725,-100.00000000004873,4123.9592359914413),(889.64466094065415,-9.3126573119661768E-11,4265.3805922287638),(889.64466094065392,-100.00000000005234,4265.3805922287638),(1031.06601717797,-9.2404661700129504E-11,4123.9592359914413),(4548.2233047032551,-7.0025407694629386E-11,2344.6699141101399),(4689.6446609406103,-100.00000000002923,2486.0912703475092),(4548.2233047032578,-100.00000000003645,2344.6699141101435),(4689.6446609406157,-7.7244521889952004E-11,2486.0912703475055),(1849.9999999999714,-100.00000000006389,5025.7359312881081),(1849.9999999999691,-9.0960838861064975E-11,5225.7359312880808),(1849.9999999999695,-100.00000000008122,5225.7359312880808),(1849.9999999999704,-9.0960838861064975E-11,5025.7359312881008),(2698.2233047033355,-100.0000000000545,4194.6699141101053),(2839.6446609406653,-8.0132167568081048E-11,4336.0912703474196),(2839.6446609406576,-100.00000000006389,4336.0912703474305),(2698.2233047033437,-7.3634964792290695E-11,4194.6699141100971),(2910.3553390593179,-8.0132167568081048E-11,4265.3805922287693),(2768.9339828219959,-100.0000000000545,4123.9592359914486),(2910.3553390593152,-100.00000000006099,4265.3805922287729),(2768.9339828219922,-7.3634964792290695E-11,4123.959235991445),(3835.3553390592838,-100.00000000004512,3340.380592228822),(3693.9339828219377,-7.291305337275843E-11,3198.9592359914614),(3693.9339828219304,-100.00000000004655,3198.9592359914686),(3835.3553390592897,-7.8688344729016532E-11,3340.3805922288147),(1849.9999999999714,-100.00000000006389,5025.7359312881081),(1899.9999999999663,-9.0238927441532724E-11,5025.7359312881008),(1849.9999999999704,-9.0960838861064975E-11,5025.7359312881008),(1949.9999999999629,-100.00000000006389,5025.7359312881081),(1949.9999999999623,-9.0238927441532724E-11,5025.7359312881008),(3693.9339828219377,-7.291305337275843E-11,3198.9592359914614),(3623.2233047032814,-100.00000000004584,3269.6699141101185),(3693.9339828219304,-100.00000000004655,3198.9592359914686),(3623.2233047032814,-7.2191141953226179E-11,3269.669914110118),(3658.578643762613,-7.2191141953226179E-11,3234.3145750507897),(960.35533905931914,-100.00000000005161,4336.0912703474087),(1101.7766952966329,-9.3126573119661768E-11,4194.6699141100898),(1101.7766952966278,-100.00000000005234,4194.6699141100971),(960.35533905930845,-8.4463636085274622E-11,4336.0912703474187),(2768.9339828219959,-100.0000000000545,4123.9592359914486),(2698.2233047033437,-7.3634964792290695E-11,4194.6699141100971),(2698.2233047033355,-100.0000000000545,4194.6699141101053),(2733.578643762668,-7.4356876211822959E-11,4159.3145750507701),(2768.9339828219922,-7.3634964792290695E-11,4123.959235991445),(1031.0660171779725,-100.00000000004873,4123.9592359914413),(1066.4213562373013,-9.2404661700129504E-11,4159.3145750507656),(1031.06601717797,-9.2404661700129504E-11,4123.9592359914413),(1101.7766952966278,-100.00000000005234,4194.6699141100971),(1101.7766952966329,-9.3126573119661768E-11,4194.6699141100898),(4548.2233047032578,-100.00000000003645,2344.6699141101435),(4583.5786437625866,-7.0025407694629386E-11,2309.3145750508152),(4548.2233047032551,-7.0025407694629386E-11,2344.6699141101399),(4618.9339828219181,-100.00000000003645,2273.9592359914836),(4618.9339828219181,-7.0025407694629386E-11,2273.9592359914836),(1949.9999999999616,-9.0238927441532724E-11,5225.735931288109),(1899.9999999999663,-9.0238927441532724E-11,5025.7359312881008),(1949.9999999999623,-9.0238927441532724E-11,5025.7359312881008),(1849.9999999999704,-9.0960838861064975E-11,5025.7359312881008),(1849.9999999999691,-9.0960838861064975E-11,5225.7359312880808),(1899.9999999999852,-9.0238927441532724E-11,5275.7359312880835),(1849.9999999999691,-9.0960838861064975E-11,5225.7359312880808),(960.35533905931914,-100.00000000005161,4336.0912703474087),(1849.9999999999695,-100.00000000008122,5225.7359312880808),(960.35533905930845,-8.4463636085274622E-11,4336.0912703474187),(1899.9999999999852,-9.0238927441532724E-11,5275.7359312880835),(1899.9999999999834,99.999999999930338,5275.7359312880835),(889.64466094065415,-9.3126573119661768E-11,4265.3805922287638),(-9.8134833592666837E-12,-100.0000000000249,3375.7359312880831),(889.64466094065392,-100.00000000005234,4265.3805922287638),(-1.7393553264355431E-11,99.999999999983757,3375.7359312880853),(5200.0000000000573,99.999999999998195,-250.00000000000009),(4.7149839588200843E-12,-99.999999999999631,-250.00000000000009),(-2.7522872869667478E-12,99.999999999998195,-250.00000000000009),(5200.0000000000628,-100.00000000001407,-249.99999999999116),(3764.6446609406235,-100.00000000004584,3411.0912703474778),(2910.3553390593179,-8.0132167568081048E-11,4265.3805922287693),(2910.3553390593152,-100.00000000006099,4265.3805922287729),(4689.6446609406103,-100.00000000002923,2486.0912703475092),(3835.3553390592897,-7.8688344729016532E-11,3340.3805922288147),(3835.3553390592838,-100.00000000004512,3340.380592228822),(5200.0000000000737,-100.00000000002129,1975.7359312880617),(4760.3553390592651,-6.9303496275097121E-11,2415.3805922288584),(4760.3553390592651,-100.00000000002635,2415.3805922288584),(1899.9999999999852,-9.0238927441532724E-11,5275.7359312880835),(5200.0000000001864,99.999999999947661,1975.7359312880535),(1899.9999999999834,99.999999999930338,5275.7359312880835),(1949.9999999999616,-9.0238927441532724E-11,5225.735931288109),(2839.6446609406653,-8.0132167568081048E-11,4336.0912703474196),(1949.9999999999623,-100.00000000008122,5225.735931288109),(2839.6446609406576,-100.00000000006389,4336.0912703474305),(3764.6446609406339,-7.9410256148548797E-11,3411.0912703474701),(4689.6446609406157,-7.7244521889952004E-11,2486.0912703475055)));
#95=IFCSTYLEDITEM(#93,(#96),$);
#96=IFCSURFACESTYLE('stone_sand-lime',.BOTH.,(#78));
#97=IFCSHAPEREPRESENTATION(#12,'Body','Tessellation',(#93));
#98=IFCPRODUCTDEFINITIONSHAPE($,$,(#97));
#99=IFCWALLTYPE('0KOC4PbVP4CgUUcPIljzX8',#1,'house - outer wall - house front','A solid outer wall, forming the front of the house.',$,$,$,'919267','solidwall',.SOLIDWALL.);
#100=IFCRELDEFINESBYTYPE('2j$nW3pT9Fewa4SjRDvSsa',#1,$,$,(#101),#99);
#101=IFCWALL('3SGBcf7Lv0r80vKtUCgOpf',#1,'house - outer wall - house front','A solid outer wall, forming the front of the house.','solidwall',#113,#122,'454425.1027891.979946.932083.920035',$);
#102=IFCPROPERTYENUMERATEDVALUE('Status',$,(IFCLABEL('UNSET')),#73);
#103=IFCPROPERTYSINGLEVALUE('IsExternal',$,IFCBOOLEAN(.T.),$);
#104=IFCPROPERTYSINGLEVALUE('LoadBearing',$,IFCBOOLEAN(.T.),$);
#105=IFCPROPERTYSET('0ek$CCUjnFefFg04xFxxG_',#1,'Pset_WallCommon',$,(#102,#103,#104));
#106=IFCRELDEFINESBYPROPERTIES('19ODOikkP12ekL3tHCBrti',#1,$,$,(#101),#105);
#107=IFCQUANTITYVOLUME('NetVolume',$,$,2.9313093077792742,$);
#108=IFCQUANTITYLENGTH('Width',$,$,200.00000000009933,$);
#109=IFCQUANTITYLENGTH('Length',$,$,3800.0000000000714,$);
#110=IFCQUANTITYAREA('NetSideArea',$,$,14.65654653888909,$);
#111=IFCELEMENTQUANTITY('22KfX2yaj4UBecOFxQr$3y',#1,'Qto_WallBaseQuantities',$,$,(#107,#108,#109,#110));
#112=IFCRELDEFINESBYPROPERTIES('3i60ni0ojBxOwszT3oi472',#1,$,$,(#101),#111);
#113=IFCLOCALPLACEMENT(#45,#114);
#114=IFCAXIS2PLACEMENT3D(#115,#116,#117);
#115=IFCCARTESIANPOINT((0.,0.,0.));
#116=IFCDIRECTION((0.,0.,1.));
#117=IFCDIRECTION((1.,-7.1054273576010023E-16,0.));
#118=IFCTRIANGULATEDFACESET(#119,((0.,1.1550582712516207E-14,1.),(0.,1.1550582712516207E-14,1.),(0.,1.1550582712516207E-14,1.),(0.,1.1550582712516207E-14,1.),(0.,0.,-1.),(0.,0.,-1.),(0.,0.,-1.),(0.,0.,-1.),(1.,-1.8932661725304286E-30,0.),(1.,-1.8932661725304286E-30,0.),(1.,-1.8932661725304286E-30,0.),(1.,-1.8932661725304286E-30,0.),(-1.,1.8932661725304286E-30,0.),(-1.,1.8932661725304286E-30,0.),(-1.,1.8932661725304286E-30,0.),(-1.,1.8932661725304286E-30,0.),(2.6683192199736136E-28,-1.1550582712516207E-14,-1.),(2.6683192199736136E-28,-1.1550582712516207E-14,-1.),(2.6683192199736136E-28,-1.1550582712516207E-14,-1.),(2.6683192199736136E-28,-1.1550582712516207E-14,-1.),(0.,0.,-1.),(0.,0.,-1.),(0.,0.,-1.),(0.,0.,-1.),(1.,1.1550582712516422E-14,0.),(1.,1.1550582712516422E-14,0.),(1.,1.1550582712516422E-14,0.),(1.,1.1550582712516422E-14,0.),(-1.,-1.1550582712516422E-14,2.6683192199736127E-28),(-1.,-1.1550582712516422E-14,2.6683192199736127E-28),(-1.,-1.1550582712516422E-14,2.6683192199736127E-28),(-1.,-1.1550582712516422E-14,2.6683192199736127E-28),(3.933735155787816E-16,1.,1.3194156759284187E-14),(3.933735155787816E-16,1.,1.3194156759284187E-14),(3.933735155787816E-16,1.,1.3194156759284187E-14),(3.933735155787816E-16,1.,1.3194156759284187E-14),(3.933735155787816E-16,1.,1.3194156759284187E-14),(3.933735155787816E-16,1.,1.3194156759284187E-14),(3.933735155787816E-16,1.,1.3194156759284187E-14),(3.933735155787816E-16,1.,1.3194156759284187E-14),(3.933735155787816E-16,1.,1.3194156759284187E-14),(3.933735155787816E-16,1.,1.3194156759284187E-14),(3.933735155787816E-16,1.,1.3194156759284187E-14),(3.933735155787816E-16,1.,1.3194156759284187E-14),(3.933735155787816E-16,1.,1.3194156759284187E-14),(3.933735155787816E-16,1.,1.3194156759284187E-14),(3.933735155787816E-16,1.,1.3194156759284187E-14),(3.933735155787816E-16,1.,1.3194156759284187E-14),(3.933735155787816E-16,1.,1.3194156759284187E-14),(3.933735155787816E-16,1.,1.3194156759284187E-14),(3.933735155787816E-16,1.,1.3194156759284187E-14),(3.933735155787816E-16,1.,1.3194156759284187E-14),(3.933735155787816E-16,1.,1.3194156759284187E-14),(3.933735155787816E-16,1.,1.3194156759284187E-14),(3.933735155787816E-16,1.,1.3194156759284187E-14),(3.933735155787816E-16,1.,1.3194156759284187E-14),(-0.70710678118654546,4.6170287041260599E-14,0.70710678118654968),(-0.70710678118654546,4.6170287041260599E-14,0.70710678118654968),(-0.70710678118654546,4.6170287041260599E-14,0.70710678118654968),(-0.70710678118654546,4.6170287041260599E-14,0.70710678118654968),(-0.70710678118654546,4.6170287041260599E-14,0.70710678118654968),(-0.70710678118654546,4.6170287041260599E-14,0.70710678118654968),(-0.70710678118654546,4.6170287041260599E-14,0.70710678118654968),(-0.70710678118654546,4.6170287041260599E-14,0.70710678118654968),(-0.70710678118654546,4.6170287041260599E-14,0.70710678118654968),(-0.70710678118654546,4.6170287041260599E-14,0.70710678118654968),(-1.2761711504179971E-15,1.,1.2761711504181268E-15),(-1.2761711504179971E-15,1.,1.2761711504181268E-15),(-1.2761711504179971E-15,1.,1.2761711504181268E-15),(-1.2761711504179971E-15,1.,1.2761711504181268E-15),(-1.2761711504179971E-15,1.,1.2761711504181268E-15),(1.2761711504180312E-15,1.,1.2761711504180075E-15),(1.2761711504180312E-15,1.,1.2761711504180075E-15),(1.2761711504180312E-15,1.,1.2761711504180075E-15),(1.2761711504180312E-15,1.,1.2761711504180075E-15),(1.2761711504180312E-15,1.,1.2761711504180075E-15),(-1.,9.023892744154552E-15,2.4364510409213664E-14),(-1.,9.023892744154552E-15,2.4364510409213664E-14),(-1.,9.023892744154552E-15,2.4364510409213664E-14),(-1.,9.023892744154552E-15,2.4364510409213664E-14),(0.70710678118655701,-2.6823203325055444E-14,0.70710678118653814),(0.70710678118655701,-2.6823203325055444E-14,0.70710678118653814),(0.70710678118655701,-2.6823203325055444E-14,0.70710678118653814),(0.70710678118655701,-2.6823203325055444E-14,0.70710678118653814),(1.,1.4799184100408844E-13,-6.4972027757913293E-14),(1.,1.4799184100408844E-13,-6.4972027757913293E-14),(1.,1.4799184100408844E-13,-6.4972027757913293E-14),(1.,1.4799184100408844E-13,-6.4972027757913293E-14),(-0.70710678118655212,2.5526613436237096E-15,-0.70710678118654291),(-0.70710678118655212,2.5526613436237096E-15,-0.70710678118654291),(-0.70710678118655212,2.5526613436237096E-15,-0.70710678118654291),(-0.70710678118655212,2.5526613436237096E-15,-0.70710678118654291),(0.70710678118657044,6.2560462135790849E-14,-0.70710678118652459),(0.70710678118657044,6.2560462135790849E-14,-0.70710678118652459),(0.70710678118657044,6.2560462135790849E-14,-0.70710678118652459),(0.70710678118657044,6.2560462135790849E-14,-0.70710678118652459),(-0.70710678118655113,-1.2803825152143146E-14,0.70710678118654391),(-0.70710678118655113,-1.2803825152143146E-14,0.70710678118654391),(-0.70710678118655113,-1.2803825152143146E-14,0.70710678118654391),(-0.70710678118655113,-1.2803825152143146E-14,0.70710678118654391),(0.707106781186563,-5.5041527586499864E-15,0.70710678118653214),(0.707106781186563,-5.5041527586499864E-15,0.70710678118653214),(0.707106781186563,-5.5041527586499864E-15,0.70710678118653214),(0.707106781186563,-5.5041527586499864E-15,0.70710678118653214),(0.707106781186563,-5.5041527586499864E-15,0.70710678118653214),(0.,0.,1.),(0.,0.,1.),(0.,0.,1.),(0.,0.,1.),(0.,0.,1.),(-0.70710678118647885,5.125688251852756E-15,0.7071067811866163),(-0.70710678118647885,5.125688251852756E-15,0.7071067811866163),(-0.70710678118647885,5.125688251852756E-15,0.7071067811866163),(-0.70710678118647885,5.125688251852756E-15,0.7071067811866163),(-0.70710678118647885,5.125688251852756E-15,0.7071067811866163),(-1.6127472346338368E-27,1.,4.4650012653149412E-15),(-1.6127472346338368E-27,1.,4.4650012653149412E-15),(-1.6127472346338368E-27,1.,4.4650012653149412E-15),(-1.6127472346338368E-27,1.,4.4650012653149412E-15),(-1.6127472346338368E-27,1.,4.4650012653149412E-15),(-1.6127472346338368E-27,1.,4.4650012653149412E-15),(-1.,3.7649167479431958E-14,4.9776888969426158E-17),(-1.,3.7649167479431958E-14,4.9776888969426158E-17),(-1.,3.7649167479431958E-14,4.9776888969426158E-17),(-1.,3.7649167479431958E-14,4.9776888969426158E-17),(0.70710678118653392,1.3284458036190051E-14,0.7071067811865609),(0.70710678118653392,1.3284458036190051E-14,0.7071067811865609),(0.70710678118653392,1.3284458036190051E-14,0.7071067811865609),(0.70710678118653392,1.3284458036190051E-14,0.7071067811865609),(0.70710678118653392,1.3284458036190051E-14,0.7071067811865609),(0.70710678118653392,1.3284458036190051E-14,0.7071067811865609),(0.70710678118653392,1.3284458036190051E-14,0.7071067811865609),(0.70710678118653392,1.3284458036190051E-14,0.7071067811865609),(0.70710678118653392,1.3284458036190051E-14,0.7071067811865609),(0.70710678118653392,1.3284458036190051E-14,0.7071067811865609),(-4.8711195859851928E-15,-1.,-1.0132084825662725E-14),(-4.8711195859851928E-15,-1.,-1.0132084825662725E-14),(-4.8711195859851928E-15,-1.,-1.0132084825662725E-14),(-4.8711195859851928E-15,-1.,-1.0132084825662725E-14),(-4.8711195859851928E-15,-1.,-1.0132084825662725E-14),(-4.8711195859851928E-15,-1.,-1.0132084825662725E-14),(-4.8711195859851928E-15,-1.,-1.0132084825662725E-14),(-4.8711195859851928E-15,-1.,-1.0132084825662725E-14),(-4.8711195859851928E-15,-1.,-1.0132084825662725E-14),(-4.8711195859851928E-15,-1.,-1.0132084825662725E-14),(-4.8711195859851928E-15,-1.,-1.0132084825662725E-14),(-4.8711195859851928E-15,-1.,-1.0132084825662725E-14),(-4.8711195859851928E-15,-1.,-1.0132084825662725E-14),(1.,6.309860718924715E-15,1.333823416031891E-29),(1.,6.309860718924715E-15,1.333823416031891E-29),(1.,6.309860718924715E-15,1.333823416031891E-29),(1.,6.309860718924715E-15,1.333823416031891E-29),(6.4456376743943299E-17,-4.5119463720763562E-16,-1.),(6.4456376743943299E-17,-4.5119463720763562E-16,-1.),(6.4456376743943299E-17,-4.5119463720763562E-16,-1.),(6.4456376743943299E-17,-4.5119463720763562E-16,-1.)),$,((1,2,3),(2,1,4),(5,6,7),(6,5,8),(9,10,11),(10,9,12),(13,14,15),(14,13,16),(17,18,19),(18,17,20),(21,22,23),(22,21,24),(25,26,27),(26,25,28),(29,30,31),(30,29,32),(33,34,35),(34,33,36),(36,33,37),(37,33,38),(36,37,39),(36,39,40),(36,40,41),(42,43,44),(43,42,45),(45,42,33),(33,42,38),(38,42,46),(46,42,47),(47,42,48),(46,47,39),(39,47,40),(47,49,40),(49,47,50),(49,50,51),(49,51,52),(52,51,53),(53,51,54),(52,55,56),(55,52,53),(57,58,59),(58,57,60),(58,60,61),(61,60,62),(62,60,63),(62,63,64),(63,60,65),(66,59,58),(67,68,69),(68,67,70),(70,67,71),(72,73,74),(73,72,75),(73,75,76),(77,78,79),(78,77,80),(81,82,83),(82,81,84),(85,86,87),(86,85,88),(89,90,91),(90,89,92),(93,94,95),(94,93,96),(97,98,99),(98,97,100),(101,102,103),(102,101,104),(104,101,105),(106,107,108),(107,106,109),(107,109,110),(111,112,113),(112,111,114),(114,111,115),(116,117,118),(117,116,119),(119,116,120),(120,116,121),(122,123,124),(123,122,125),(126,127,128),(127,126,129),(127,129,130),(127,130,131),(130,129,132),(132,129,133),(133,129,134),(135,131,130),(136,137,138),(137,136,139),(137,139,140),(140,139,141),(141,139,142),(142,139,143),(142,143,144),(140,145,146),(145,140,147),(147,140,148),(148,140,141),(147,148,144),(147,144,143),(149,150,151),(150,149,152),(153,154,155),(154,153,156)),$);
#119=IFCCARTESIANPOINTLIST3D(((2349.9999999999386,-5.7752913562580943E-11,3200.0000000000014),(1849.9999999999591,199.99999999989677,3200.0000000000014),(1849.9999999999543,-5.7752913562580943E-11,3200.0000000000014),(2349.9999999999459,199.99999999989677,3200.0000000000014),(2600.000000000005,200.0000000000127,2200.0000000000023),(1599.9999999999595,4.5119463720766362E-13,2200.0000000000023),(1599.9999999999595,200.0000000000127,2200.0000000000023),(2600.000000000005,4.5119463720766362E-13,2200.0000000000023),(1599.9999999999595,200.0000000000127,-250.00000000000045),(1599.9999999999595,4.5119463720766362E-13,2200.0000000000023),(1599.9999999999595,0.,-250.00000000000045),(1599.9999999999595,200.0000000000127,2200.0000000000023),(2600.000000000005,200.0000000000127,2200.0000000000023),(2600.000000000005,4.5119463720766362E-13,-250.00000000000045),(2600.000000000005,4.5119463720766362E-13,2200.0000000000023),(2600.000000000005,200.0000000000127,-250.00000000000045),(1849.9999999999591,199.99999999989677,3700.0000000000023),(2349.9999999999386,-5.7752913562580943E-11,3699.9999999999995),(1849.9999999999543,-5.7752913562580943E-11,3699.9999999999995),(2349.9999999999459,199.99999999992565,3700.0000000000023),(200.00000000000821,200.00000000001228,-250.00000000000045),(1599.9999999999595,0.,-250.00000000000045),(200.00000000000145,0.,-250.00000000000045),(1599.9999999999595,200.0000000000127,-250.00000000000045),(1849.9999999999591,199.99999999989677,3200.0000000000014),(1849.9999999999543,-5.7752913562580943E-11,3699.9999999999995),(1849.9999999999543,-5.7752913562580943E-11,3200.0000000000014),(1849.9999999999591,199.99999999989677,3700.0000000000023),(2349.9999999999459,199.99999999992565,3700.0000000000023),(2349.9999999999386,-5.7752913562580943E-11,3200.0000000000014),(2349.9999999999386,-5.7752913562580943E-11,3699.9999999999995),(2349.9999999999459,199.99999999989677,3200.0000000000014),(2600.000000000005,200.0000000000127,2200.0000000000023),(4000.0000000000728,200.00000000001228,-250.00000000000045),(2600.000000000005,200.0000000000127,-250.00000000000045),(4000.0000000000728,199.9999999999834,3375.7359312880831),(2349.9999999999459,199.99999999989677,3200.0000000000014),(1849.9999999999591,199.99999999989677,3200.0000000000014),(2349.9999999999459,199.99999999992565,3700.0000000000023),(2968.9339828220136,199.99999999996129,4123.9592359914368),(3110.3553390593402,199.99999999995677,4265.3805922287638),(200.00000000000867,199.9999999999834,3375.7359312880831),(1599.9999999999595,200.0000000000127,-250.00000000000045),(200.00000000000821,200.00000000001228,-250.00000000000045),(1599.9999999999595,200.0000000000127,2200.0000000000023),(1849.9999999999591,199.99999999989677,3700.0000000000023),(1231.0660171779953,199.99999999996129,4123.9592359914386),(1089.644660940688,199.99999999995947,4265.3805922287493),(2898.2233047033574,199.99999999996038,4194.6699141100944),(1301.7766952966558,199.99999999995993,4194.6699141100871),(1160.3553390593427,199.99999999995856,4336.0912703474014),(3039.6446609406808,199.99999999995407,4336.0912703474205),(2049.9999999999955,199.99999999995046,5025.7359312880926),(2049.9999999999955,199.99999999994773,5225.735931288059),(2149.9999999999909,199.99999999995092,5025.7359312880926),(2149.9999999999945,199.99999999992744,5225.7359312881008),(200.00000000000145,-2.8876456781290472E-11,3375.7359312880844),(1089.6446609406762,99.999999999941608,4265.3805922287575),(200.00000000000867,199.9999999999834,3375.7359312880831),(2100.00000000001,-8.6629370343871415E-11,5275.7359312880753),(1160.3553390593313,99.999999999941608,4336.0912703474132),(1160.3553390593427,199.99999999995856,4336.0912703474014),(2050.0000000000214,99.999999999941608,5225.7359312881008),(2049.9999999999955,199.99999999994773,5225.735931288059),(2099.9999999999918,99.999999999939803,5275.7359312880535),(1089.644660940688,199.99999999995947,4265.3805922287493),(1089.6446609406762,99.999999999941608,4265.3805922287575),(1266.4213562373234,99.999999999941167,4159.314575050762),(1231.0660171779919,99.999999999941167,4123.9592359914377),(1301.7766952966549,99.999999999941167,4194.6699141100862),(1160.3553390593313,99.999999999941608,4336.0912703474132),(2933.5786437626898,99.999999999948827,4159.3145750507583),(3110.3553390593402,99.999999999948827,4265.3805922287638),(2968.9339828220141,99.999999999948827,4123.9592359914341),(2898.2233047033656,99.999999999948827,4194.6699141100862),(3039.6446609406808,99.999999999948386,4336.0912703474205),(2149.9999999999945,199.99999999992744,5225.7359312881008),(2149.9999999999877,99.999999999941167,5025.7359312880926),(2149.9999999999945,99.999999999941167,5225.7359312881008),(2149.9999999999909,199.99999999995092,5025.7359312880926),(1231.0660171779953,199.99999999996129,4123.9592359914386),(1089.6446609406762,99.999999999941608,4265.3805922287575),(1231.0660171779919,99.999999999941167,4123.9592359914377),(1089.644660940688,199.99999999995947,4265.3805922287493),(2049.9999999999955,199.99999999995046,5025.7359312880926),(2050.0000000000214,99.999999999941608,5225.7359312881008),(2049.9999999999964,99.999999999941608,5025.7359312880926),(2049.9999999999955,199.99999999994773,5225.735931288059),(1160.3553390593313,99.999999999941608,4336.0912703474132),(1301.7766952966558,199.99999999995993,4194.6699141100871),(1301.7766952966549,99.999999999941167,4194.6699141100862),(1160.3553390593427,199.99999999995856,4336.0912703474014),(2898.2233047033656,99.999999999948827,4194.6699141100862),(3039.6446609406808,199.99999999995407,4336.0912703474205),(3039.6446609406808,99.999999999948386,4336.0912703474205),(2898.2233047033574,199.99999999996038,4194.6699141100944),(3110.3553390593402,199.99999999995677,4265.3805922287638),(2968.9339828220141,99.999999999948827,4123.9592359914341),(3110.3553390593402,99.999999999948827,4265.3805922287638),(2968.9339828220136,199.99999999996129,4123.9592359914368),(2968.9339828220136,199.99999999996129,4123.9592359914368),(2933.5786437626898,99.999999999948827,4159.3145750507583),(2968.9339828220141,99.999999999948827,4123.9592359914341),(2898.2233047033656,99.999999999948827,4194.6699141100862),(2898.2233047033574,199.99999999996038,4194.6699141100944),(2049.9999999999964,99.999999999941608,5025.7359312880926),(2149.9999999999909,199.99999999995092,5025.7359312880926),(2049.9999999999955,199.99999999995046,5025.7359312880926),(2099.9999999999918,99.999999999941608,5025.7359312880926),(2149.9999999999877,99.999999999941167,5025.7359312880926),(1266.4213562373234,99.999999999941167,4159.314575050762),(1231.0660171779953,199.99999999996129,4123.9592359914386),(1231.0660171779919,99.999999999941167,4123.9592359914377),(1301.7766952966558,199.99999999995993,4194.6699141100871),(1301.7766952966549,99.999999999941167,4194.6699141100862),(2050.0000000000214,99.999999999941608,5225.7359312881008),(2099.9999999999918,99.999999999941608,5025.7359312880926),(2049.9999999999964,99.999999999941608,5025.7359312880926),(2149.9999999999877,99.999999999941167,5025.7359312880926),(2149.9999999999945,99.999999999941167,5225.7359312881008),(2099.9999999999918,99.999999999939803,5275.7359312880535),(200.00000000000867,199.9999999999834,3375.7359312880831),(200.00000000000145,0.,-250.00000000000045),(200.00000000000145,-2.8876456781290472E-11,3375.7359312880844),(200.00000000000821,200.00000000001228,-250.00000000000045),(2100.00000000001,-8.6629370343871415E-11,5275.7359312880753),(2149.9999999999945,99.999999999941167,5225.7359312881008),(2099.9999999999918,99.999999999939803,5275.7359312880535),(4000.0000000000728,-3.4290792427782435E-11,3375.7359312880831),(3039.6446609406808,99.999999999948386,4336.0912703474205),(2149.9999999999945,199.99999999992744,5225.7359312881008),(3110.3553390593402,99.999999999948827,4265.3805922287638),(3110.3553390593402,199.99999999995677,4265.3805922287638),(4000.0000000000728,199.9999999999834,3375.7359312880831),(3039.6446609406808,199.99999999995407,4336.0912703474205),(4000.0000000000728,-3.4290792427782435E-11,-250.00000000000023),(2600.000000000005,4.5119463720766362E-13,2200.0000000000023),(2600.000000000005,4.5119463720766362E-13,-250.00000000000045),(4000.0000000000728,-3.4290792427782435E-11,3375.7359312880831),(1599.9999999999595,4.5119463720766362E-13,2200.0000000000023),(2349.9999999999386,-5.7752913562580943E-11,3200.0000000000014),(2349.9999999999386,-5.7752913562580943E-11,3699.9999999999995),(2100.00000000001,-8.6629370343871415E-11,5275.7359312880753),(1849.9999999999543,-5.7752913562580943E-11,3699.9999999999995),(200.00000000000145,0.,-250.00000000000045),(1599.9999999999595,0.,-250.00000000000045),(200.00000000000145,-2.8876456781290472E-11,3375.7359312880844),(1849.9999999999543,-5.7752913562580943E-11,3200.0000000000014),(4000.0000000000728,200.00000000001228,-250.00000000000045),(4000.0000000000728,-3.4290792427782435E-11,3375.7359312880831),(4000.0000000000728,-3.4290792427782435E-11,-250.00000000000023),(4000.0000000000728,199.9999999999834,3375.7359312880831),(4000.0000000000728,200.00000000001228,-250.00000000000045),(2600.000000000005,4.5119463720766362E-13,-250.00000000000045),(2600.000000000005,200.0000000000127,-250.00000000000045),(4000.0000000000728,-3.4290792427782435E-11,-250.00000000000023)));
#120=IFCSTYLEDITEM(#118,(#96),$);
#121=IFCSHAPEREPRESENTATION(#12,'Body','Tessellation',(#118));
#122=IFCPRODUCTDEFINITIONSHAPE($,$,(#121));
#123=IFCWALLTYPE('2JyKYAYaHEEwkOiNxZBS0J',#1,'house - outer wall - house front right','A solid outer wall, forming the front right side of the house.',$,$,$,'919673','solidwall',.SOLIDWALL.);
#124=IFCRELDEFINESBYTYPE('0Lutqys6D3UQmJeJXWcI9a',#1,$,$,(#125),#123);
#125=IFCWALL('3oNJ9yHi5FJuFnK8yg68Yt',#1,'house - outer wall - house front right','A solid outer wall, forming the front right side of the house.','solidwall',#136,#145,'454425.1027891.979946.932083.920036',$);
#126=IFCPROPERTYENUMERATEDVALUE('Status',$,(IFCLABEL('UNSET')),#73);
#128=IFCPROPERTYSET('2DaAsqJGPDexb$sFANyw0e',#1,'Pset_WallCommon',$,(#126));
#129=IFCRELDEFINESBYPROPERTIES('0yeZtWBK50_x61UkYOEKtO',#1,$,$,(#125),#128);
#130=IFCQUANTITYVOLUME('NetVolume',$,$,0.74569134213481458,$);
#131=IFCQUANTITYLENGTH('Width',$,$,200.00000000004979,$);
#132=IFCQUANTITYLENGTH('Length',$,$,1299.9999999999152,$);
#133=IFCQUANTITYAREA('NetSideArea',$,$,3.7284567106731448,$);
#134=IFCELEMENTQUANTITY('16mzz5kV15mAyMAccFRkj4',#1,'Qto_WallBaseQuantities',$,$,(#130,#131,#132,#133));
#135=IFCRELDEFINESBYPROPERTIES('1BA0VHArv909Ms582hMplk',#1,$,$,(#125),#134);
#136=IFCLOCALPLACEMENT(#45,#137);
#137=IFCAXIS2PLACEMENT3D(#138,#139,#140);
#138=IFCCARTESIANPOINT((5400.0000000000136,1899.9999999999434,-2.1657342585967854E-11));
#139=IFCDIRECTION((7.5736242674142136E-15,-8.283039504820624E-30,1.));
#140=IFCDIRECTION((-1.,-1.0824674490095276E-14,7.5736242674142136E-15));
#141=IFCTRIANGULATEDFACESET(#142,((-2.661898271520319E-14,-1.,4.4765050136086229E-15),(-2.661898271520319E-14,-1.,4.4765050136086229E-15),(-2.661898271520319E-14,-1.,4.4765050136086229E-15),(-2.661898271520319E-14,-1.,4.4765050136086229E-15),(-2.661898271520319E-14,-1.,4.4765050136086229E-15),(-2.661898271520319E-14,-1.,4.4765050136086229E-15),(-2.661898271520319E-14,-1.,4.4765050136086229E-15),(-2.661898271520319E-14,-1.,4.4765050136086229E-15),(6.2642490279166327E-15,-1.,-1.7866396105848336E-14),(6.2642490279166327E-15,-1.,-1.7866396105848336E-14),(6.2642490279166327E-15,-1.,-1.7866396105848336E-14),(6.2642490279166327E-15,-1.,-1.7866396105848336E-14),(6.2642490279166327E-15,-1.,-1.7866396105848336E-14),(-0.70710678118655845,1.0329135437736341E-14,-0.7071067811865368),(-0.70710678118655845,1.0329135437736341E-14,-0.7071067811865368),(-0.70710678118655845,1.0329135437736341E-14,-0.7071067811865368),(-0.70710678118655845,1.0329135437736341E-14,-0.7071067811865368),(0.70710678118656567,7.6461350245663043E-14,0.70710678118652948),(0.70710678118656567,7.6461350245663043E-14,0.70710678118652948),(0.70710678118656567,7.6461350245663043E-14,0.70710678118652948),(0.70710678118656567,7.6461350245663043E-14,0.70710678118652948),(-0.7071067811865025,1.8175258417197414E-15,0.70710678118659254),(-0.7071067811865025,1.8175258417197414E-15,0.70710678118659254),(-0.7071067811865025,1.8175258417197414E-15,0.70710678118659254),(-0.7071067811865025,1.8175258417197414E-15,0.70710678118659254),(-0.7071067811865025,1.8175258417197414E-15,0.70710678118659254),(1.8345276457941856E-16,-2.3349322475495577E-14,-1.),(1.8345276457941856E-16,-2.3349322475495577E-14,-1.),(1.8345276457941856E-16,-2.3349322475495577E-14,-1.),(1.8345276457941856E-16,-2.3349322475495577E-14,-1.),(-1.,-2.3572001107331336E-13,1.4709264666823317E-14),(-1.,-2.3572001107331336E-13,1.4709264666823317E-14),(-1.,-2.3572001107331336E-13,1.4709264666823317E-14),(-1.,-2.3572001107331336E-13,1.4709264666823317E-14),(1.,-1.4430286570848327E-14,2.3040049383719444E-18),(1.,-1.4430286570848327E-14,2.3040049383719444E-18),(1.,-1.4430286570848327E-14,2.3040049383719444E-18),(1.,-1.4430286570848327E-14,2.3040049383719444E-18),(-0.70710678118653936,-7.4459677539455481E-14,0.70710678118655579),(-0.70710678118653936,-7.4459677539455481E-14,0.70710678118655579),(-0.70710678118653936,-7.4459677539455481E-14,0.70710678118655579),(-0.70710678118653936,-7.4459677539455481E-14,0.70710678118655579),(-0.70710678118653936,-7.4459677539455481E-14,0.70710678118655579),(-0.70710678118653936,-7.4459677539455481E-14,0.70710678118655579),(-0.70710678118653936,-7.4459677539455481E-14,0.70710678118655579),(-0.70710678118653936,-7.4459677539455481E-14,0.70710678118655579),(1.8833504969879846E-14,1.,-7.4181456066547052E-15),(1.8833504969879846E-14,1.,-7.4181456066547052E-15),(1.8833504969879846E-14,1.,-7.4181456066547052E-15),(1.8833504969879846E-14,1.,-7.4181456066547052E-15)),$,((1,2,3),(2,1,4),(2,4,5),(2,5,6),(4,1,7),(8,6,5),(9,10,11),(10,9,12),(10,12,13),(14,15,16),(15,14,17),(18,19,20),(19,18,21),(22,23,24),(23,22,25),(23,25,26),(27,28,29),(28,27,30),(31,32,33),(32,31,34),(35,36,37),(36,35,38),(39,40,41),(42,43,44),(43,42,45),(43,45,46),(44,43,40),(44,40,39),(47,48,49),(48,47,50)),$);
#142=IFCCARTESIANPOINTLIST3D(((1299.9999999998913,-100.00000000000577,3275.7359312879503),(1.0106759873451664E-11,-99.999999999986642,-249.9999999999911),(1299.9999999998913,-100.0000000000166,-249.99999999999511),(651.77669529678781,-99.999999999991701,2344.6699141101376),(581.06601717813123,-99.99999999999531,2273.9592359914895),(6.1362470660242252E-11,-99.999999999974733,1975.7359312881104),(510.35533905942128,-99.999999999979423,2486.0912703475037),(439.64466094076761,-99.999999999978343,2415.3805922288511),(616.42135623745628,-9.4209440248960158E-11,2309.3145750508111),(439.64466094076909,-9.3126573119661768E-11,2415.3805922288484),(581.06601717812475,-9.3848484539194033E-11,2273.95923599148),(651.7766952967886,-8.9877971731766585E-11,2344.6699141101367),(510.35533905942634,-9.3848484539194033E-11,2486.0912703475055),(510.35533905942128,-99.999999999979423,2486.0912703475037),(651.7766952967886,-8.9877971731766585E-11,2344.6699141101367),(651.77669529678781,-99.999999999991701,2344.6699141101376),(510.35533905942634,-9.3848484539194033E-11,2486.0912703475055),(581.06601717812475,-9.3848484539194033E-11,2273.95923599148),(439.64466094076761,-99.999999999978343,2415.3805922288511),(581.06601717813123,-99.99999999999531,2273.9592359914895),(439.64466094076909,-9.3126573119661768E-11,2415.3805922288484),(581.06601717813123,-99.99999999999531,2273.9592359914895),(616.42135623745628,-9.4209440248960158E-11,2309.3145750508111),(581.06601717812475,-9.3848484539194033E-11,2273.95923599148),(651.77669529678781,-99.999999999991701,2344.6699141101376),(651.7766952967886,-8.9877971731766585E-11,2344.6699141101367),(1299.9999999998943,99.999999999987722,-249.99999999999554),(1.0106759873451664E-11,-99.999999999986642,-249.9999999999911),(-2.0935431166435589E-11,99.999999999992411,-250.00000000000003),(1299.9999999998913,-100.0000000000166,-249.99999999999511),(6.1362470660242252E-11,-99.999999999974733,1975.7359312881104),(-2.0935431166435589E-11,99.999999999992411,-250.00000000000003),(1.0106759873451664E-11,-99.999999999986642,-249.9999999999911),(-2.165734258596785E-12,100.00000000003321,1975.7359312881165),(1299.9999999998943,99.999999999987722,-249.99999999999554),(1299.9999999998913,-100.00000000000577,3275.7359312879503),(1299.9999999998913,-100.0000000000166,-249.99999999999511),(1299.9999999998943,99.99999999999855,3275.7359312879503),(1299.9999999998913,-100.00000000000577,3275.7359312879503),(510.35533905942634,-9.3848484539194033E-11,2486.0912703475055),(510.35533905942128,-99.999999999979423,2486.0912703475037),(-2.165734258596785E-12,100.00000000003321,1975.7359312881165),(439.64466094076909,-9.3126573119661768E-11,2415.3805922288484),(1299.9999999998943,99.99999999999855,3275.7359312879503),(6.1362470660242252E-11,-99.999999999974733,1975.7359312881104),(439.64466094076761,-99.999999999978343,2415.3805922288511),(-2.165734258596785E-12,100.00000000003321,1975.7359312881165),(1299.9999999998943,99.999999999987722,-249.99999999999554),(-2.0935431166435589E-11,99.999999999992411,-250.00000000000003),(1299.9999999998943,99.99999999999855,3275.7359312879503)));
#143=IFCSTYLEDITEM(#141,(#96),$);
#144=IFCSHAPEREPRESENTATION(#12,'Body','Tessellation',(#141));
#145=IFCPRODUCTDEFINITIONSHAPE($,$,(#144));
#146=IFCCHIMNEYTYPE('10FwQBcdzD9ve3W6PvBTti',#1,'house - chimney','A chimney, standing tall and proud, guiding smoke away from the home.',$,$,$,'884350','flue',.USERDEFINED.);
#147=IFCRELDEFINESBYTYPE('22pEICzjP0uQNvM7rXMZ6g',#1,$,$,(#148),#146);
#148=IFCCHIMNEY('3dkFAzOGrAIuOzY_RdrdVv',#1,'house - chimney','A chimney, standing tall and proud, guiding smoke away from the home.','flue',#149,#161,'454425.1027891.979946.932083.2023772',$);
#149=IFCLOCALPLACEMENT(#45,#150);
#150=IFCAXIS2PLACEMENT3D(#151,#152,#153);
#151=IFCCARTESIANPOINT((4700.0000000000628,5299.9999999999673,-1.8769696907838806E-11));
#152=IFCDIRECTION((0.,0.,1.));
#153=IFCDIRECTION((-1.3322676295501878E-15,-1.,0.));
#154=IFCTRIANGULATEDFACESET(#155,((1.,1.1102230246251563E-15,-1.7079616105392299E-16),(1.,1.1102230246251563E-15,-1.7079616105392299E-16),(1.,1.1102230246251563E-15,-1.7079616105392299E-16),(1.,1.1102230246251563E-15,-1.7079616105392299E-16),(0.,0.,1.),(0.,0.,1.),(0.,0.,1.),(0.,0.,1.),(0.,0.,1.),(0.,0.,1.),(0.,0.,1.),(0.,0.,1.),(0.,0.,1.),(0.,0.,1.),(0.,0.,1.),(0.,0.,1.),(0.,0.,1.),(0.,0.,1.),(0.,0.,1.),(0.,0.,1.),(-4.4045190775033676E-16,-1.216614111042097E-15,-1.),(-4.4045190775033676E-16,-1.216614111042097E-15,-1.),(-4.4045190775033676E-16,-1.216614111042097E-15,-1.),(-4.4045190775033676E-16,-1.216614111042097E-15,-1.),(1.9206858326015208E-14,-1.,4.8127427968817027E-15),(1.9206858326015208E-14,-1.,4.8127427968817027E-15),(1.9206858326015208E-14,-1.,4.8127427968817027E-15),(1.9206858326015208E-14,-1.,4.8127427968817027E-15),(5.5511151231257827E-17,1.,0.),(5.5511151231257827E-17,1.,0.),(5.5511151231257827E-17,1.,0.),(5.5511151231257827E-17,1.,0.),(0.94868329805051888,-0.31622776601682312,4.5030281139457456E-16),(0.94868329805051888,-0.31622776601682312,4.5030281139457456E-16),(0.94868329805051888,-0.31622776601682312,4.5030281139457456E-16),(0.94868329805051888,-0.31622776601682312,4.5030281139457456E-16),(0.94868329805051888,-0.31622776601682312,4.5030281139457456E-16),(3.1554436208840472E-30,1.2031856992204362E-14,1.),(3.1554436208840472E-30,1.2031856992204362E-14,1.),(3.1554436208840472E-30,1.2031856992204362E-14,1.),(3.1554436208840472E-30,1.2031856992204362E-14,1.),(-5.5511151231257827E-17,-1.,0.),(-5.5511151231257827E-17,-1.,0.),(-5.5511151231257827E-17,-1.,0.),(-5.5511151231257827E-17,-1.,0.),(-5.5511151231257827E-17,-1.,0.),(-5.5511151231257827E-17,-1.,0.),(-5.5511151231257827E-17,-1.,0.),(-5.5511151231257827E-17,-1.,0.),(-1.,-4.0523140398818206E-15,-1.962545980369749E-16),(-1.,-4.0523140398818206E-15,-1.962545980369749E-16),(-1.,-4.0523140398818206E-15,-1.962545980369749E-16),(-1.,-4.0523140398818206E-15,-1.962545980369749E-16),(1.8004916639192415E-16,-9.0238927441525751E-15,-1.),(1.8004916639192415E-16,-9.0238927441525751E-15,-1.),(1.8004916639192415E-16,-9.0238927441525751E-15,-1.),(1.8004916639192415E-16,-9.0238927441525751E-15,-1.),(-0.94868329805051177,-0.3162277660168441,2.7451152156169216E-15),(-0.94868329805051177,-0.3162277660168441,2.7451152156169216E-15),(-0.94868329805051177,-0.3162277660168441,2.7451152156169216E-15),(-0.94868329805051177,-0.3162277660168441,2.7451152156169216E-15),(-0.94868329805051177,-0.3162277660168441,2.7451152156169216E-15)),$,((1,2,3),(2,1,4),(5,6,7),(6,5,8),(8,5,9),(8,9,10),(10,9,11),(11,9,12),(12,9,13),(5,14,15),(14,5,16),(16,5,7),(14,16,17),(14,17,18),(14,18,19),(14,19,20),(14,20,13),(14,13,9),(21,22,23),(22,21,24),(25,26,27),(26,25,28),(29,30,31),(30,29,32),(33,34,35),(34,33,36),(36,33,37),(38,39,40),(39,38,41),(42,43,44),(43,42,45),(43,45,46),(46,45,47),(44,48,49),(48,44,43),(49,48,47),(49,47,45),(50,51,52),(51,50,53),(54,55,56),(55,54,57),(58,59,60),(59,58,61),(61,58,62)),$);
#155=IFCCARTESIANPOINTLIST3D(((699.99999999999966,699.9999999999967,-249.99999999999926),(699.99999999999966,0.,4700.0000000000036),(699.99999999999966,0.,-249.99999999999926),(699.99999999999966,699.9999999999967,4700.0000000000036),(0.,0.,4700.0000000000036),(263.39745962155229,150.00000000001208,4700.0000000000009),(250.00000000000378,200.00000000000648,4700.0000000000009),(299.99999999999818,113.39745962156621,4700.0000000000009),(699.99999999999966,0.,4700.0000000000036),(349.99999999999835,99.999999999994586,4700.0000000000009),(399.99999999999852,113.39745962156621,4700.0000000000009),(436.60254037844732,150.00000000000054,4700.0000000000009),(450.00000000000449,200.00000000000648,4700.0000000000009),(699.99999999999966,699.9999999999967,4700.0000000000036),(-2.887645678129047E-12,700.0000000000025,4700.0000000000036),(263.39745962155808,250.00000000000091,4700.0000000000009),(299.99999999999528,286.60254037844101,4700.0000000000009),(350.00000000000125,299.99999999998374,4700.0000000000009),(399.99999999999568,286.6025403784468,4700.0000000000009),(436.60254037844732,250.00000000000668,4700.0000000000009),(699.99999999999966,699.9999999999967,-249.99999999999926),(0.,0.,-249.99999999999784),(-2.887645678129047E-12,700.0000000000025,-249.99999999999926),(699.99999999999966,0.,-249.99999999999926),(499.99999999998738,300.00000000000688,699.9999999999975),(199.99999999999204,299.99999999999528,299.99999999999784),(499.99999999999022,299.99999999998954,299.99999999999784),(199.99999999999204,299.99999999999528,699.9999999999975),(-2.887645678129047E-12,700.0000000000025,4700.0000000000036),(699.99999999999966,699.9999999999967,-249.99999999999926),(-2.887645678129047E-12,700.0000000000025,-249.99999999999926),(699.99999999999966,699.9999999999967,4700.0000000000036),(199.99999999999204,299.99999999999528,299.99999999999784),(100.00000000000036,0.,700.00000000000102),(100.00000000000036,0.,300.00000000000142),(116.66666666666323,50.000000000000178,700.00000000000034),(199.99999999999204,299.99999999999528,699.9999999999975),(599.99999999999932,0.,300.00000000000142),(199.99999999999204,299.99999999999528,299.99999999999784),(100.00000000000036,0.,300.00000000000142),(499.99999999999022,299.99999999998954,299.99999999999784),(699.99999999999966,0.,-249.99999999999926),(599.99999999999932,0.,300.00000000000142),(0.,0.,-249.99999999999784),(699.99999999999966,0.,4700.0000000000036),(599.99999999999636,0.,700.00000000000102),(100.00000000000036,0.,700.00000000000102),(100.00000000000036,0.,300.00000000000142),(0.,0.,4700.0000000000036),(-2.887645678129047E-12,700.0000000000025,4700.0000000000036),(0.,0.,-249.99999999999784),(0.,0.,4700.0000000000036),(-2.887645678129047E-12,700.0000000000025,-249.99999999999926),(116.66666666666323,50.000000000000178,700.00000000000034),(599.99999999999636,0.,700.00000000000102),(100.00000000000036,0.,700.00000000000102),(583.33333333332484,50.000000000000178,700.00000000000068),(583.33333333332484,50.000000000000178,700.00000000000068),(599.99999999999932,0.,300.00000000000142),(599.99999999999636,0.,700.00000000000102),(499.99999999999022,299.99999999998954,299.99999999999784),(499.99999999998738,300.00000000000688,699.9999999999975)));
#156=IFCSTYLEDITEM(#154,(#96),$);
#157=IFCTRIANGULATEDFACESET(#158,((0.86602540378444748,-0.49999999999998496,-1.3894263874743331E-16),(0.49999999999996514,-0.8660254037844588,-2.6441663130442241E-16),(0.86602540378444925,-0.49999999999998185,-1.3894263874742769E-16),(0.49999999999996364,-0.86602540378445969,-2.6441663130442044E-16),(-0.86602540378445381,0.49999999999997391,4.8183319622190462E-16),(-0.50000000000003475,0.86602540378441883,1.3920047357034113E-16),(-0.50000000000003375,0.86602540378441939,1.3920047357033923E-16),(-0.86602540378445492,0.49999999999997186,4.8183319622190403E-16),(-0.86602540378442727,-0.50000000000001976,-5.7001270564911723E-16),(-1.,-1.6207659538660567E-14,-8.817950942720271E-17),(-1.,-1.3317354564497629E-14,-8.8179509427197385E-17),(-0.86602540378442627,-0.50000000000002187,-5.7001270564911732E-16),(-2.3925306180672123E-14,0.97014250014533765,-0.24253562503631018),(-2.3925306180672123E-14,0.97014250014533765,-0.24253562503631018),(-2.3925306180672123E-14,0.97014250014533765,-0.24253562503631018),(-2.3925306180672123E-14,0.97014250014533765,-0.24253562503631018),(-2.3925306180672123E-14,0.97014250014533765,-0.24253562503631018),(-2.3925306180672123E-14,0.97014250014533765,-0.24253562503631018),(-2.3925306180672123E-14,0.97014250014533765,-0.24253562503631018),(1.7319479184152439E-14,-0.97014250014533021,-0.2425356250363396),(1.7319479184152439E-14,-0.97014250014533021,-0.2425356250363396),(1.7319479184152439E-14,-0.97014250014533021,-0.2425356250363396),(1.7319479184152439E-14,-0.97014250014533021,-0.2425356250363396),(1.7319479184152439E-14,-0.97014250014533021,-0.2425356250363396),(-8.7089179609710821E-17,1.2226263772440967E-14,1.),(-8.7089179609710821E-17,1.2226263772440967E-14,1.),(-8.7089179609710821E-17,1.2226263772440967E-14,1.),(-8.7089179609710821E-17,1.2226263772440967E-14,1.),(-8.7089179609710821E-17,1.2226263772440967E-14,1.),(-8.7089179609710821E-17,1.2226263772440967E-14,1.),(-8.7089179609710821E-17,1.2226263772440967E-14,1.),(-8.7089179609710821E-17,1.2226263772440967E-14,1.),(-6.815141820410596E-16,-1.6466235606148379E-14,-1.),(-6.815141820410596E-16,-1.6466235606148379E-14,-1.),(-6.815141820410596E-16,-1.6466235606148379E-14,-1.),(-6.815141820410596E-16,-1.6466235606148379E-14,-1.),(-6.815141820410596E-16,-1.6466235606148379E-14,-1.),(-6.815141820410596E-16,-1.6466235606148379E-14,-1.),(-6.815141820410596E-16,-1.6466235606148379E-14,-1.),(-6.815141820410596E-16,-1.6466235606148379E-14,-1.),(-6.815141820410596E-16,-1.6466235606148379E-14,-1.),(1.,-6.241595298635401E-14,1.9000613460615482E-16),(0.86602540378448389,0.49999999999992173,-3.6638489249847504E-16),(0.866025403784485,0.49999999999991984,-3.663848924984711E-16),(1.,-6.0037853956979449E-14,1.9000613460615403E-16),(9.3580703302601704E-16,-1.6754987712617552E-14,-1.),(9.3580703302601704E-16,-1.6754987712617552E-14,-1.),(9.3580703302601704E-16,-1.6754987712617552E-14,-1.),(9.3580703302601704E-16,-1.6754987712617552E-14,-1.),(9.3580703302601704E-16,-1.6754987712617552E-14,-1.),(9.3580703302601704E-16,-1.6754987712617552E-14,-1.),(9.3580703302601704E-16,-1.6754987712617552E-14,-1.),(9.3580703302601704E-16,-1.6754987712617552E-14,-1.),(9.3580703302601704E-16,-1.6754987712617552E-14,-1.),(-5.1769386562536801E-15,-1.,-5.0935900712064655E-17),(0.49999999999996364,-0.86602540378445969,-2.6441663130442044E-16),(-6.1464713374602304E-15,-1.,-5.0935900712064939E-17),(0.49999999999996514,-0.8660254037844588,-2.6441663130442241E-16),(-0.4999999999999174,-0.86602540378448645,-3.4276296232769363E-16),(-5.1769386562536801E-15,-1.,-5.0935900712064655E-17),(-6.1464713374602304E-15,-1.,-5.0935900712064939E-17),(-0.4999999999999189,-0.86602540378448545,-3.4276296232769506E-16),(0.50000000000005307,0.86602540378440807,-1.2417073468224445E-15),(-6.8781941157296134E-15,1.,-9.6341690032006587E-16),(0.50000000000005451,0.86602540378440718,-1.2417073468224423E-15),(-7.3721069910612612E-15,1.,-9.6341690032006468E-16),(-1.,-1.3317354564497629E-14,-8.8179509427197385E-17),(-0.86602540378445492,0.49999999999997186,4.8183319622190403E-16),(-0.86602540378445381,0.49999999999997391,4.8183319622190462E-16),(-1.,-1.6207659538660567E-14,-8.817950942720271E-17),(-0.85714285714285754,-0.28571428571429291,-0.42857142857142305),(-0.85714285714285754,-0.28571428571429291,-0.42857142857142305),(-0.85714285714285754,-0.28571428571429291,-0.42857142857142305),(-0.85714285714285754,-0.28571428571429291,-0.42857142857142305),(-0.86602540378442627,-0.50000000000002187,-5.7001270564911732E-16),(-0.4999999999999189,-0.86602540378448545,-3.4276296232769506E-16),(-0.4999999999999174,-0.86602540378448645,-3.4276296232769363E-16),(-0.86602540378442727,-0.50000000000001976,-5.7001270564911723E-16),(-7.3721069910612612E-15,1.,-9.6341690032006468E-16),(-0.50000000000003475,0.86602540378441883,1.3920047357034113E-16),(-6.8781941157296134E-15,1.,-9.6341690032006587E-16),(-0.50000000000003375,0.86602540378441939,1.3920047357033923E-16),(0.86602540378444748,-0.49999999999998496,-1.3894263874743331E-16),(1.,-6.0037853956979449E-14,1.9000613460615403E-16),(1.,-6.241595298635401E-14,1.9000613460615482E-16),(0.86602540378444925,-0.49999999999998185,-1.3894263874742769E-16),(0.85714285714286276,-0.2857142857142792,-0.42857142857142144),(0.85714285714286276,-0.2857142857142792,-0.42857142857142144),(0.85714285714286276,-0.2857142857142792,-0.42857142857142144),(0.85714285714286276,-0.2857142857142792,-0.42857142857142144),(0.866025403784485,0.49999999999991984,-3.663848924984711E-16),(0.50000000000005307,0.86602540378440807,-1.2417073468224445E-15),(0.50000000000005451,0.86602540378440718,-1.2417073468224423E-15),(0.86602540378448389,0.49999999999992173,-3.6638489249847504E-16)),$,((1,2,3),(2,1,4),(5,6,7),(6,5,8),(9,10,11),(10,9,12),(13,14,15),(14,13,16),(14,16,17),(17,16,18),(18,16,19),(20,21,22),(21,20,23),(23,20,24),(25,26,27),(26,25,28),(26,28,29),(29,28,30),(29,30,31),(29,31,32),(33,34,35),(34,33,36),(36,33,37),(38,39,40),(39,38,41),(39,41,37),(39,37,33),(42,43,44),(43,42,45),(46,47,48),(47,46,49),(49,46,50),(51,52,53),(52,51,54),(54,51,48),(48,51,46),(55,56,57),(56,55,58),(59,60,61),(60,59,62),(63,64,65),(64,63,66),(67,68,69),(68,67,70),(71,72,73),(72,71,74),(75,76,77),(76,75,78),(79,80,81),(80,79,82),(83,84,85),(84,83,86),(87,88,89),(88,87,90),(91,92,93),(92,91,94)),$);
#158=IFCCARTESIANPOINTLIST3D(((263.39745962156672,250.00000000001245,899.99999999999886),(299.99999999999528,286.60254037844101,4700.0000000000009),(263.39745962155808,250.00000000000091,4700.0000000000009),(299.99999999999528,286.60254037844101,899.99999999999818),(436.60254037844732,150.00000000000054,4700.0000000000009),(399.99999999999852,113.39745962156621,900.00000000000102),(399.99999999999852,113.39745962156621,4700.0000000000009),(436.60254037844732,150.00000000000054,900.00000000000034),(436.60254037844732,250.00000000000668,4700.0000000000009),(450.00000000000159,200.00000000001228,899.99999999999966),(450.00000000000449,200.00000000000648,4700.0000000000009),(436.60254037844732,250.00000000000668,899.99999999999886),(63.962038997195116,50.000000000000178,700.00000000000068),(583.33333333332484,50.000000000000178,700.00000000000068),(116.66666666666323,50.000000000000178,700.00000000000034),(180.62870566385547,100.00000000000036,900.00000000000102),(636.03796100280454,50.000000000005954,700.00000000000068),(519.37129433613836,100.00000000000036,900.00000000000102),(349.99999999999261,99.999999999994586,900.00000000000102),(452.70462766948111,299.99999999999528,899.99999999999784),(163.96203899718392,349.99999999999545,699.99999999999704),(536.0379610028042,350.00000000000125,699.99999999999704),(247.29537233051852,300.00000000000108,899.99999999999784),(350.00000000001279,299.99999999998954,899.99999999999784),(116.66666666666323,50.000000000000178,700.00000000000034),(163.96203899718392,349.99999999999545,699.99999999999704),(63.962038997195116,50.000000000000178,700.00000000000068),(199.99999999999204,299.99999999999528,699.9999999999975),(536.0379610028042,350.00000000000125,699.99999999999704),(499.99999999998738,300.00000000000688,699.9999999999975),(583.33333333332484,50.000000000000178,700.00000000000068),(636.03796100280454,50.000000000005954,700.00000000000068),(452.70462766948111,299.99999999999528,899.99999999999784),(399.99999999999568,286.6025403784468,899.99999999999818),(350.00000000001279,299.99999999998954,899.99999999999784),(436.60254037844732,250.00000000000668,899.99999999999886),(450.00000000000159,200.00000000001228,899.99999999999966),(399.99999999999852,113.39745962156621,900.00000000000102),(519.37129433613836,100.00000000000036,900.00000000000102),(349.99999999999261,99.999999999994586,900.00000000000102),(436.60254037844732,150.00000000000054,900.00000000000034),(250.00000000000378,200.00000000000648,899.99999999999966),(263.39745962155229,150.00000000001208,4700.0000000000009),(263.39745962155519,150.00000000001208,900.00000000000034),(250.00000000000378,200.00000000000648,4700.0000000000009),(247.29537233051852,300.00000000000108,899.99999999999784),(263.39745962156672,250.00000000001245,899.99999999999886),(250.00000000000378,200.00000000000648,899.99999999999966),(299.99999999999528,286.60254037844101,899.99999999999818),(350.00000000001279,299.99999999998954,899.99999999999784),(180.62870566385547,100.00000000000036,900.00000000000102),(299.99999999998954,113.39745962156043,900.00000000000102),(349.99999999999261,99.999999999994586,900.00000000000102),(263.39745962155519,150.00000000001208,900.00000000000034),(350.00000000000125,299.99999999998374,4700.0000000000009),(299.99999999999528,286.60254037844101,899.99999999999818),(350.00000000001279,299.99999999998954,899.99999999999784),(299.99999999999528,286.60254037844101,4700.0000000000009),(399.99999999999568,286.6025403784468,899.99999999999818),(350.00000000000125,299.99999999998374,4700.0000000000009),(350.00000000001279,299.99999999998954,899.99999999999784),(399.99999999999568,286.6025403784468,4700.0000000000009),(299.99999999999818,113.39745962156621,4700.0000000000009),(349.99999999999261,99.999999999994586,900.00000000000102),(299.99999999998954,113.39745962156043,900.00000000000102),(349.99999999999835,99.999999999994586,4700.0000000000009),(450.00000000000449,200.00000000000648,4700.0000000000009),(436.60254037844732,150.00000000000054,900.00000000000034),(436.60254037844732,150.00000000000054,4700.0000000000009),(450.00000000000159,200.00000000001228,899.99999999999966),(519.37129433613836,100.00000000000036,900.00000000000102),(536.0379610028042,350.00000000000125,699.99999999999704),(636.03796100280454,50.000000000005954,700.00000000000068),(452.70462766948111,299.99999999999528,899.99999999999784),(436.60254037844732,250.00000000000668,899.99999999999886),(399.99999999999568,286.6025403784468,4700.0000000000009),(399.99999999999568,286.6025403784468,899.99999999999818),(436.60254037844732,250.00000000000668,4700.0000000000009),(349.99999999999835,99.999999999994586,4700.0000000000009),(399.99999999999852,113.39745962156621,900.00000000000102),(349.99999999999261,99.999999999994586,900.00000000000102),(399.99999999999852,113.39745962156621,4700.0000000000009),(263.39745962156672,250.00000000001245,899.99999999999886),(250.00000000000378,200.00000000000648,4700.0000000000009),(250.00000000000378,200.00000000000648,899.99999999999966),(263.39745962155808,250.00000000000091,4700.0000000000009),(163.96203899718392,349.99999999999545,699.99999999999704),(180.62870566385547,100.00000000000036,900.00000000000102),(63.962038997195116,50.000000000000178,700.00000000000068),(247.29537233051852,300.00000000000108,899.99999999999784),(263.39745962155519,150.00000000001208,900.00000000000034),(299.99999999999818,113.39745962156621,4700.0000000000009),(299.99999999998954,113.39745962156043,900.00000000000102),(263.39745962155229,150.00000000001208,4700.0000000000009)));
#159=IFCSTYLEDITEM(#157,(#96),$);
#160=IFCSHAPEREPRESENTATION(#12,'Body','Tessellation',(#154,#157));
#161=IFCPRODUCTDEFINITIONSHAPE($,$,(#160));
#162=IFCBUILDINGELEMENTPROXY('1CjP_CWub368bZVuVHeHs3',#1,'Group#21',$,$,#165,$,'454425.1027891.979946.932083.2037932',$);
#163=IFCRELASSOCIATESMATERIAL('2s9xg62oL3w8Vo4n0YcEZ3',#1,$,$,(#162),#164);
#164=IFCMATERIAL('Default',$,$);
#165=IFCLOCALPLACEMENT(#45,#166);
#166=IFCAXIS2PLACEMENT3D(#167,#168,#169);
#167=IFCCARTESIANPOINT((200.00000000000648,1799.9999999999343,-250.00000000000776));
#168=IFCDIRECTION((0.,0.,1.));
#169=IFCDIRECTION((1.,0.,0.));
#170=IFCWALLTYPE('3sv$5PJEr5hP_mSgN$A$GJ',#1,'house - inner wall','A solid inner wall, providing structural support within the house.',$,$,$,'919726','solidwall',.SOLIDWALL.);
#171=IFCRELDEFINESBYTYPE('03jzp7gAn8ZhZ3yNm_TOEt',#1,$,$,(#172),#170);
#172=IFCWALL('2gTJhghMT81QThk15l2VwR',#1,'house - inner wall','A solid inner wall, providing structural support within the house.','solidwall',#184,#193,'454425.1027891.979946.932083.2037932.920033',$);
#173=IFCPROPERTYENUMERATEDVALUE('Status',$,(IFCLABEL('UNSET')),#73);
#174=IFCPROPERTYSINGLEVALUE('IsExternal',$,IFCBOOLEAN(.F.),$);
#175=IFCPROPERTYSINGLEVALUE('LoadBearing',$,IFCBOOLEAN(.T.),$);
#176=IFCPROPERTYSET('3UegLqoYrB5QLJ1Fl0C0gk',#1,'Pset_WallCommon',$,(#173,#174,#175));
#177=IFCRELDEFINESBYPROPERTIES('3pBPuLNjn30eidIcFKyIfx',#1,$,$,(#172),#176);
#178=IFCQUANTITYVOLUME('NetVolume',$,$,3.0445740264050238,$);
#179=IFCQUANTITYLENGTH('Width',$,$,200.00000000007506,$);
#180=IFCQUANTITYLENGTH('Length',$,$,3900.0000000001669,$);
#181=IFCQUANTITYAREA('NetSideArea',$,$,15.222870132019404,$);
#182=IFCELEMENTQUANTITY('3BkYHDW2b4LxsPRJLXlKa9',#1,'Qto_WallBaseQuantities',$,$,(#178,#179,#180,#181));
#183=IFCRELDEFINESBYPROPERTIES('3vxMmWz_j0mgJTa6nPhy_B',#1,$,$,(#172),#182);
#184=IFCLOCALPLACEMENT(#165,#185);
#185=IFCAXIS2PLACEMENT3D(#186,#187,#188);
#186=IFCCARTESIANPOINT((3900.000000000141,100.00000000000975,249.99999999999602));
#187=IFCDIRECTION((7.5736242674142167E-15,-7.2417031071430075E-30,1.));
#188=IFCDIRECTION((-1.,-1.0746492234718436E-14,7.5736242674142167E-15));
#189=IFCTRIANGULATEDFACESET(#190,((-7.5736242674142151E-15,2.909875142204781E-45,-1.),(-7.5736242674142151E-15,2.909875142204781E-45,-1.),(-7.5736242674142151E-15,2.909875142204781E-45,-1.),(-7.5736242674142151E-15,2.909875142204781E-45,-1.),(1.,-3.1019591412096296E-16,-7.5736242674142151E-15),(1.,-3.1019591412096296E-16,-7.5736242674142151E-15),(1.,-3.1019591412096296E-16,-7.5736242674142151E-15),(1.,-3.1019591412096296E-16,-7.5736242674142151E-15),(4.3924013417809859E-15,1.,-7.3895491458321038E-16),(4.3924013417809859E-15,1.,-7.3895491458321038E-16),(4.3924013417809859E-15,1.,-7.3895491458321038E-16),(4.3924013417809859E-15,1.,-7.3895491458321038E-16),(4.3924013417809859E-15,1.,-7.3895491458321038E-16),(4.3924013417809859E-15,1.,-7.3895491458321038E-16),(4.3924013417809859E-15,1.,-7.3895491458321038E-16),(4.3924013417809859E-15,1.,-7.3895491458321038E-16),(4.3924013417809859E-15,1.,-7.3895491458321038E-16),(4.3924013417809859E-15,1.,-7.3895491458321038E-16),(4.3924013417809859E-15,1.,-7.3895491458321038E-16),(4.3924013417809859E-15,1.,-7.3895491458321038E-16),(4.3924013417809859E-15,1.,-7.3895491458321038E-16),(4.3924013417809859E-15,1.,-7.3895491458321038E-16),(4.3924013417809859E-15,1.,-7.3895491458321038E-16),(4.3924013417809859E-15,1.,-7.3895491458321038E-16),(4.3924013417809859E-15,1.,-7.3895491458321038E-16),(4.3924013417809859E-15,1.,-7.3895491458321038E-16),(4.3924013417809859E-15,1.,-7.3895491458321038E-16),(4.3924013417809859E-15,1.,-7.3895491458321038E-16),(-0.70710678118655446,1.4689607280766552E-13,0.7071067811865408),(-0.70710678118655446,1.4689607280766552E-13,0.7071067811865408),(-0.70710678118655446,1.4689607280766552E-13,0.7071067811865408),(-0.70710678118655446,1.4689607280766552E-13,0.7071067811865408),(-1.,3.1019591412096296E-16,7.5736242674142151E-15),(-1.,3.1019591412096296E-16,7.5736242674142151E-15),(-1.,3.1019591412096296E-16,7.5736242674142151E-15),(-1.,3.1019591412096296E-16,7.5736242674142151E-15),(7.5736242674146332E-15,3.6095570976610856E-14,1.),(7.5736242674146332E-15,3.6095570976610856E-14,1.),(7.5736242674146332E-15,3.6095570976610856E-14,1.),(7.5736242674146332E-15,3.6095570976610856E-14,1.),(0.70710678118653869,9.8292300040242388E-15,0.70710678118655645),(0.70710678118653869,9.8292300040242388E-15,0.70710678118655645),(0.70710678118653869,9.8292300040242388E-15,0.70710678118655645),(0.70710678118653869,9.8292300040242388E-15,0.70710678118655645),(-0.70710678118653458,1.7807327142670843E-15,0.70710678118656067),(-0.70710678118653458,1.7807327142670843E-15,0.70710678118656067),(-0.70710678118653458,1.7807327142670843E-15,0.70710678118656067),(-0.70710678118653458,1.7807327142670843E-15,0.70710678118656067),(-0.70710678118653458,1.7807327142670843E-15,0.70710678118656067),(-0.70710678118653458,1.7807327142670843E-15,0.70710678118656067),(-0.70710678118653458,1.7807327142670843E-15,0.70710678118656067),(-0.70710678118653458,1.7807327142670843E-15,0.70710678118656067),(-1.4718337715506594E-14,-1.,6.3808557520857738E-16),(-1.4718337715506594E-14,-1.,6.3808557520857738E-16),(-1.4718337715506594E-14,-1.,6.3808557520857738E-16),(-1.4718337715506594E-14,-1.,6.3808557520857738E-16),(-1.4718337715506594E-14,-1.,6.3808557520857738E-16),(-0.70710678118657555,-6.3597191956289636E-14,-0.7071067811865196),(-0.70710678118657555,-6.3597191956289636E-14,-0.7071067811865196),(-0.70710678118657555,-6.3597191956289636E-14,-0.7071067811865196),(-0.70710678118657555,-6.3597191956289636E-14,-0.7071067811865196),(0.70710678118655301,1.0192763054470743E-13,0.70710678118654224),(0.70710678118655301,1.0192763054470743E-13,0.70710678118654224),(0.70710678118655301,1.0192763054470743E-13,0.70710678118654224),(0.70710678118655301,1.0192763054470743E-13,0.70710678118654224),(-1.,1.1762080158810099E-13,-1.9498053965047106E-14),(-1.,1.1762080158810099E-13,-1.9498053965047106E-14),(-1.,1.1762080158810099E-13,-1.9498053965047106E-14),(-1.,1.1762080158810099E-13,-1.9498053965047106E-14),(1.,-1.1762080158810341E-13,1.9498053965058743E-14),(1.,-1.1762080158810341E-13,1.9498053965058743E-14),(1.,-1.1762080158810341E-13,1.9498053965058743E-14),(1.,-1.1762080158810341E-13,1.9498053965058743E-14),(0.70710678118653492,-1.788232003473489E-16,0.70710678118656034),(0.70710678118653492,-1.788232003473489E-16,0.70710678118656034),(0.70710678118653492,-1.788232003473489E-16,0.70710678118656034),(0.70710678118653492,-1.788232003473489E-16,0.70710678118656034),(-0.70710678118654224,-1.3414154286948001E-14,0.70710678118655301),(-0.70710678118654224,-1.3414154286948001E-14,0.70710678118655301),(-0.70710678118654224,-1.3414154286948001E-14,0.70710678118655301),(-0.70710678118654224,-1.3414154286948001E-14,0.70710678118655301),(-0.70710678118654224,-1.3414154286948001E-14,0.70710678118655301),(0.70710678118659087,-2.1934163437130747E-16,-0.70710678118650427),(0.70710678118659087,-2.1934163437130747E-16,-0.70710678118650427),(0.70710678118659087,-2.1934163437130747E-16,-0.70710678118650427),(0.70710678118659087,-2.1934163437130747E-16,-0.70710678118650427),(-0.70710678118659087,2.1934163437130747E-16,0.70710678118650427),(-0.70710678118659087,2.1934163437130747E-16,0.70710678118650427),(-0.70710678118659087,2.1934163437130747E-16,0.70710678118650427),(-0.70710678118659087,2.1934163437130747E-16,0.70710678118650427),(-0.70710678118658365,2.9574947086042857E-14,0.7071067811865116),(-0.70710678118658365,2.9574947086042857E-14,0.7071067811865116),(-0.70710678118658365,2.9574947086042857E-14,0.7071067811865116),(-0.70710678118658365,2.9574947086042857E-14,0.7071067811865116),(-0.70710678118652959,2.1934163437156375E-16,-0.70710678118656567),(-0.70710678118652959,2.1934163437156375E-16,-0.70710678118656567),(-0.70710678118652959,2.1934163437156375E-16,-0.70710678118656567),(-0.70710678118652959,2.1934163437156375E-16,-0.70710678118656567),(0.70710678118656378,-2.1934163437129524E-16,0.70710678118653125),(0.70710678118656378,-2.1934163437129524E-16,0.70710678118653125),(0.70710678118656378,-2.1934163437129524E-16,0.70710678118653125),(0.70710678118656378,-2.1934163437129524E-16,0.70710678118653125),(0.70710678118654635,1.8989595747561801E-16,0.70710678118654879),(0.70710678118654635,1.8989595747561801E-16,0.70710678118654879),(0.70710678118654635,1.8989595747561801E-16,0.70710678118654879),(0.70710678118654635,1.8989595747561801E-16,0.70710678118654879),(-7.5736242674142151E-15,2.909875142204781E-45,-1.),(-7.5736242674142151E-15,2.909875142204781E-45,-1.),(-7.5736242674142151E-15,2.909875142204781E-45,-1.),(-7.5736242674142151E-15,2.909875142204781E-45,-1.),(1.,-2.2821185706424988E-16,-7.5145142117633888E-15),(1.,-2.2821185706424988E-16,-7.5145142117633888E-15),(1.,-2.2821185706424988E-16,-7.5145142117633888E-15),(1.,-2.2821185706424988E-16,-7.5145142117633888E-15),(-2.9864787891367201E-15,-2.3687718453397842E-15,-1.),(-2.9864787891367201E-15,-2.3687718453397842E-15,-1.),(-2.9864787891367201E-15,-2.3687718453397842E-15,-1.),(-2.9864787891367201E-15,-2.3687718453397842E-15,-1.),(-1.9940705108529824E-14,-1.,2.0142154177648485E-15),(-1.9940705108529824E-14,-1.,2.0142154177648485E-15),(-1.9940705108529824E-14,-1.,2.0142154177648485E-15),(-1.9940705108529824E-14,-1.,2.0142154177648485E-15),(-1.9940705108529824E-14,-1.,2.0142154177648485E-15),(-1.9940705108529824E-14,-1.,2.0142154177648485E-15),(-1.9940705108529824E-14,-1.,2.0142154177648485E-15),(-1.9940705108529824E-14,-1.,2.0142154177648485E-15),(-1.9940705108529824E-14,-1.,2.0142154177648485E-15),(-1.9940705108529824E-14,-1.,2.0142154177648485E-15),(-1.9940705108529824E-14,-1.,2.0142154177648485E-15),(-1.9940705108529824E-14,-1.,2.0142154177648485E-15),(-1.9940705108529824E-14,-1.,2.0142154177648485E-15),(-1.9940705108529824E-14,-1.,2.0142154177648485E-15),(-1.9940705108529824E-14,-1.,2.0142154177648485E-15),(-1.9940705108529824E-14,-1.,2.0142154177648485E-15),(-1.9940705108529824E-14,-1.,2.0142154177648485E-15),(-1.9940705108529824E-14,-1.,2.0142154177648485E-15),(-1.9940705108529824E-14,-1.,2.0142154177648485E-15),(-1.9940705108529824E-14,-1.,2.0142154177648485E-15),(-1.9940705108529824E-14,-1.,2.0142154177648485E-15),(-1.9940705108529824E-14,-1.,2.0142154177648485E-15),(-1.9940705108529824E-14,-1.,2.0142154177648485E-15),(-1.9940705108529824E-14,-1.,2.0142154177648485E-15),(-1.,2.6533830320560721E-15,-2.3040049383687889E-18),(-1.,2.6533830320560721E-15,-2.3040049383687889E-18),(-1.,2.6533830320560721E-15,-2.3040049383687889E-18),(-1.,2.6533830320560721E-15,-2.3040049383687889E-18)),$,((1,2,3),(2,1,4),(5,6,7),(6,5,8),(9,10,11),(10,9,12),(13,14,15),(14,13,16),(14,16,10),(14,10,12),(14,12,17),(17,12,18),(14,17,19),(20,21,22),(17,23,19),(23,17,24),(23,24,25),(25,24,22),(25,22,26),(25,26,27),(26,22,21),(28,14,19),(29,30,31),(30,29,32),(33,34,35),(34,33,36),(37,38,39),(38,37,40),(41,42,43),(42,41,44),(45,46,47),(46,45,48),(49,50,51),(50,49,52),(48,52,46),(52,48,50),(53,54,55),(54,53,56),(54,56,57),(58,59,60),(59,58,61),(62,63,64),(63,62,65),(66,67,68),(67,66,69),(70,71,72),(71,70,73),(74,75,76),(75,74,77),(78,79,80),(79,78,81),(79,81,82),(83,84,85),(84,83,86),(87,88,89),(88,87,90),(91,92,93),(92,91,94),(95,96,97),(96,95,98),(99,100,101),(100,99,102),(103,104,105),(104,103,106),(107,108,109),(108,107,110),(111,112,113),(112,111,114),(115,116,117),(116,115,118),(119,120,121),(120,119,122),(122,119,123),(123,119,124),(124,119,125),(125,119,126),(126,119,127),(127,119,128),(129,130,127),(130,129,131),(131,129,132),(131,132,133),(133,132,134),(134,132,135),(133,136,137),(136,133,134),(126,130,138),(130,126,127),(123,139,140),(139,123,141),(141,123,124),(141,124,142),(143,144,145),(144,143,146)),$);
#190=IFCCARTESIANPOINTLIST3D(((2500.000000000196,99.999999999977618,2199.9999999999936),(1500.0000000001548,-100.00000000004439,2200.0000000000009),(1500.0000000001542,99.999999999993136,2200.0000000000009),(2500.0000000001987,-100.00000000005991,2199.9999999999936),(1500.0000000001357,99.999999999993136,-250.),(1500.0000000001548,-100.00000000004439,2200.0000000000009),(1500.0000000001364,-100.00000000004439,-250.),(1500.0000000001542,99.999999999993136,2200.0000000000009),(-7.2191141953226175E-13,99.99999999996065,-249.99999999999596),(1500.0000000001542,99.999999999993136,2200.0000000000009),(1500.0000000001357,99.999999999993136,-250.),(-7.2191141953226175E-13,99.999999999971479,3275.7359312879489),(2500.0000000001778,99.999999999977618,-250.00000000000739),(3900.0000000001655,99.99999999996173,3375.7359312880599),(3900.0000000001382,99.99999999996173,-250.00000000001799),(2500.000000000196,99.999999999977618,2199.9999999999936),(1131.0660171781635,99.999999999982307,4123.9592359914413),(989.64466094084105,99.999999999999275,4265.3805922287575),(2868.9339828222037,99.999999999974008,4123.9592359914241),(1950.0000000001435,99.999999999987367,5225.7359312880535),(1950.0000000001417,99.999999999973653,5025.7359312880899),(1060.355339059498,99.999999999998195,4336.0912703474123),(2798.2233047035452,99.999999999974364,4194.6699141100871),(1201.7766952968193,99.999999999981583,4194.6699141100944),(2939.6446609408345,99.999999999972928,4336.0912703473896),(2050.000000000146,99.999999999968949,5025.7359312880899),(2050.0000000001482,99.999999999968239,5225.7359312880535),(3010.355339059493,99.999999999968239,4265.3805922287274),(1950.0000000001435,99.999999999987367,5225.7359312880535),(1060.355339059488,-100.00000000001407,4336.0912703474214),(1950.0000000001157,-100.00000000002454,5225.7359312880881),(1060.355339059498,99.999999999998195,4336.0912703474123),(2500.000000000196,99.999999999977618,2199.9999999999936),(2500.0000000001814,-100.00000000005991,-250.00000000000739),(2500.0000000001987,-100.00000000005991,2199.9999999999936),(2500.0000000001778,99.999999999977618,-250.00000000000739),(2050.0000000001278,-100.00000000004295,5025.7359312880972),(1950.0000000001417,99.999999999973653,5025.7359312880899),(1950.0000000001246,-100.00000000003826,5025.7359312880972),(2050.000000000146,99.999999999968949,5025.7359312880899),(2939.6446609408358,-100.00000000006099,4336.0912703473896),(2050.0000000001482,99.999999999968239,5225.7359312880535),(2050.0000000001205,-100.0000000000545,5225.7359312880881),(2939.6446609408345,99.999999999972928,4336.0912703473896),(64.644660940866643,-99.99999999999531,3340.3805922288147),(-7.2191141953226175E-13,99.999999999971479,3275.7359312879489),(-1.4438228390645235E-12,-100.00000000000504,3275.7359312879489),(64.644660940859424,-4.6202330850064752E-11,3340.3805922288079),(989.64466094084185,-100.00000000001299,4265.3805922287575),(135.35533905952462,-4.8007109398895406E-11,3411.0912703474728),(135.35533905952462,-99.999999999996746,3411.0912703474728),(989.64466094084105,99.999999999999275,4265.3805922287575),(241.42135623753799,-4.9089976528193796E-11,3234.3145750507815),(64.644660940859424,-4.6202330850064752E-11,3340.3805922288079),(206.06601717821368,-4.9089976528193796E-11,3198.9592359914545),(276.77669529686881,-4.9450932237959929E-11,3269.6699141101085),(135.35533905952462,-4.8007109398895406E-11,3411.0912703474728),(135.35533905952462,-99.999999999996746,3411.0912703474728),(276.77669529686881,-4.9450932237959929E-11,3269.6699141101085),(276.77669529687603,-100.00000000000757,3269.6699141101167),(135.35533905952462,-4.8007109398895406E-11,3411.0912703474728),(206.06601717821368,-4.9089976528193796E-11,3198.9592359914545),(64.644660940866643,-99.99999999999531,3340.3805922288147),(206.0660171782209,-100.00000000000722,3198.9592359914618),(64.644660940859424,-4.6202330850064752E-11,3340.3805922288079),(2050.0000000001482,99.999999999968239,5225.7359312880535),(2050.0000000001278,-100.00000000004295,5025.7359312880972),(2050.0000000001205,-100.0000000000545,5225.7359312880881),(2050.000000000146,99.999999999968949,5025.7359312880899),(1950.0000000001417,99.999999999973653,5025.7359312880899),(1950.0000000001157,-100.00000000002454,5225.7359312880881),(1950.0000000001246,-100.00000000003826,5025.7359312880972),(1950.0000000001435,99.999999999987367,5225.7359312880535),(989.64466094084185,-100.00000000001299,4265.3805922287575),(1131.0660171781635,99.999999999982307,4123.9592359914413),(989.64466094084105,99.999999999999275,4265.3805922287575),(1131.0660171781642,-100.00000000002996,4123.9592359914413),(206.0660171782209,-100.00000000000722,3198.9592359914618),(241.42135623753799,-4.9089976528193796E-11,3234.3145750507815),(206.06601717821368,-4.9089976528193796E-11,3198.9592359914545),(276.77669529687603,-100.00000000000757,3269.6699141101167),(276.77669529686881,-4.9450932237959929E-11,3269.6699141101085),(2798.223304703547,-100.00000000005956,4194.6699141100871),(2939.6446609408345,99.999999999972928,4336.0912703473896),(2939.6446609408358,-100.00000000006099,4336.0912703473896),(2798.2233047035452,99.999999999974364,4194.6699141100871),(3010.355339059493,99.999999999968239,4265.3805922287274),(2868.933982822206,-100.00000000005991,4123.9592359914241),(3010.3553390594943,-100.00000000006533,4265.3805922287274),(2868.9339828222037,99.999999999974008,4123.9592359914241),(1201.7766952968193,99.999999999981583,4194.6699141100944),(1131.0660171781642,-100.00000000002996,4123.9592359914413),(1201.7766952968129,-100.00000000003068,4194.6699141101044),(1131.0660171781635,99.999999999982307,4123.9592359914413),(1060.355339059498,99.999999999998195,4336.0912703474123),(1201.7766952968129,-100.00000000003068,4194.6699141101044),(1060.355339059488,-100.00000000001407,4336.0912703474214),(1201.7766952968193,99.999999999981583,4194.6699141100944),(2868.9339828222037,99.999999999974008,4123.9592359914241),(2798.223304703547,-100.00000000005956,4194.6699141100871),(2868.933982822206,-100.00000000005991,4123.9592359914241),(2798.2233047035452,99.999999999974364,4194.6699141100871),(3010.3553390594943,-100.00000000006533,4265.3805922287274),(3900.0000000001655,99.99999999996173,3375.7359312880599),(3010.355339059493,99.999999999968239,4265.3805922287274),(3900.0000000001655,-100.0000000000758,3375.7359312880599),(3900.0000000001382,99.99999999996173,-250.00000000001799),(2500.0000000001814,-100.00000000005991,-250.00000000000739),(2500.0000000001778,99.999999999977618,-250.00000000000739),(3900.0000000001382,-100.0000000000758,-250.00000000001799),(3900.0000000001382,99.99999999996173,-250.00000000001799),(3900.0000000001655,-100.0000000000758,3375.7359312880599),(3900.0000000001382,-100.0000000000758,-250.00000000001799),(3900.0000000001655,99.99999999996173,3375.7359312880599),(-7.2191141953226175E-13,99.99999999996065,-249.99999999999596),(1500.0000000001364,-100.00000000004439,-250.),(-1.4438228390645235E-12,-100.00000000001587,-249.99999999999503),(1500.0000000001357,99.999999999993136,-250.),(3900.0000000001655,-100.0000000000758,3375.7359312880599),(2500.0000000001814,-100.00000000005991,-250.00000000000739),(3900.0000000001382,-100.0000000000758,-250.00000000001799),(2500.0000000001987,-100.00000000005991,2199.9999999999936),(1500.0000000001548,-100.00000000004439,2200.0000000000009),(206.0660171782209,-100.00000000000722,3198.9592359914618),(276.77669529687603,-100.00000000000757,3269.6699141101167),(135.35533905952462,-99.999999999996746,3411.0912703474728),(2868.933982822206,-100.00000000005991,4123.9592359914241),(3010.3553390594943,-100.00000000006533,4265.3805922287274),(2798.223304703547,-100.00000000005956,4194.6699141100871),(1131.0660171781642,-100.00000000002996,4123.9592359914413),(1201.7766952968129,-100.00000000003068,4194.6699141101044),(2939.6446609408358,-100.00000000006099,4336.0912703473896),(1060.355339059488,-100.00000000001407,4336.0912703474214),(2050.0000000001278,-100.00000000004295,5025.7359312880972),(2050.0000000001205,-100.0000000000545,5225.7359312880881),(1950.0000000001246,-100.00000000003826,5025.7359312880972),(1950.0000000001157,-100.00000000002454,5225.7359312880881),(989.64466094084185,-100.00000000001299,4265.3805922287575),(-1.4438228390645235E-12,-100.00000000001587,-249.99999999999503),(1500.0000000001364,-100.00000000004439,-250.),(-1.4438228390645235E-12,-100.00000000000504,3275.7359312879489),(64.644660940866643,-99.99999999999531,3340.3805922288147),(-1.4438228390645235E-12,-100.00000000000504,3275.7359312879489),(-7.2191141953226175E-13,99.99999999996065,-249.99999999999596),(-1.4438228390645235E-12,-100.00000000001587,-249.99999999999503),(-7.2191141953226175E-13,99.999999999971479,3275.7359312879489)));
#191=IFCSTYLEDITEM(#189,(#96),$);
#192=IFCSHAPEREPRESENTATION(#12,'Body','Tessellation',(#189));
#193=IFCPRODUCTDEFINITIONSHAPE($,$,(#192));
#194=IFCROOFTYPE('0GE$iSXKL8jAEeHi$mszPq',#1,'house - roof','A sturdy roof, sheltering the house from the elements.',$,$,$,'902509','gable_roof',.GABLE_ROOF.);
#195=IFCRELDEFINESBYTYPE('3vwqwSGfL8LeMOHvcbNbYk',#1,$,$,(#196),#194);
#196=IFCROOF('2iPwJwpPDCSgMheXwk9cBT',#1,'house - roof','A sturdy roof, sheltering the house from the elements.','gable_roof',#202,$,'454425.1027891.979946.932084',$);
#197=IFCPROPERTYENUMERATEDVALUE('Status',$,(IFCLABEL('UNSET')),#73);
#198=IFCPROPERTYSINGLEVALUE('IsExternal',$,IFCBOOLEAN(.T.),$);
#199=IFCPROPERTYSET('3IC75ptmHAcfynDO0H7l6Q',#1,'Pset_RoofCommon',$,(#197,#198));
#200=IFCRELDEFINESBYPROPERTIES('0PA6R2Jzr52AHk58oxcy4K',#1,$,$,(#196),#199);
#201=IFCRELCONTAINEDINSPATIALSTRUCTURE('29g4gBcuH0hgx5H$n5Th1$',#1,$,$,(#196),#30);
#202=IFCLOCALPLACEMENT(#38,#203);
#203=IFCAXIS2PLACEMENT3D(#204,#205,#206);
#204=IFCCARTESIANPOINT((-1.1550582712516188E-11,-2.3101165425032376E-11,1800.0000000000368));
#205=IFCDIRECTION((0.,0.,1.));
#206=IFCDIRECTION((1.,0.,0.));
#207=IFCBEAMTYPE('1_UeVn6yDFiQNhUkRsBNZI',#1,'house - girder','A strong girder, providing essential support for structures.',$,$,$,'902302','girder_segment',.USERDEFINED.);
#208=IFCRELDEFINESBYTYPE('0QaU_JWFP0egFTAfCdiIGO',#1,$,$,(#209,#236,#257,#278,#299,#320),#207);
#209=IFCBEAM('0fqX614OH1YO1Njdxms2$Q',#1,'girder','A strong girder, providing essential support for structures.','girder_segment',#225,#235,'454425.1027891.979946.932084.902513',$);
#210=IFCPROPERTYENUMERATEDVALUE('Status',$,(IFCLABEL('UNSET')),#73);
#211=IFCPROPERTYSINGLEVALUE('IsExternal',$,IFCBOOLEAN(.F.),$);
#212=IFCPROPERTYSINGLEVALUE('LoadBearing',$,IFCBOOLEAN(.T.),$);
#213=IFCPROPERTYSET('2ups0JG6n1VvC4pdB0zluW',#1,'Pset_BeamCommon',$,(#210,#211,#212));
#214=IFCRELDEFINESBYPROPERTIES('1ZAknfDjDF1eszlAeNdiun',#1,$,$,(#209),#213);
#215=IFCSURFACESTYLERENDERING(#216,0.,$,$,$,$,$,$,.NOTDEFINED.);
#216=IFCCOLOURRGB($,0.70588235294117652,0.63529411764705879,0.49019607843137253);
#217=IFCRELASSOCIATESMATERIAL('1NsDI1QVHFMfwizftDPlfC',#1,$,$,(#209,#236,#257,#278,#299,#320),#218);
#218=IFCMATERIAL('wood_spruce_beam',$,$);
#219=IFCQUANTITYVOLUME('NetVolume',$,$,0.05400000000000011,$);
#220=IFCQUANTITYLENGTH('Length',$,$,2699.9999999999427,$);
#221=IFCQUANTITYAREA('CrossSectionArea',$,$,0.020000000000000465,$);
#222=IFCELEMENTQUANTITY('2HMsp_L9P6I8CwQ6HNOQ_0',#1,'Qto_BeamBaseQuantities',$,$,(#219,#220,#221));
#223=IFCRELDEFINESBYPROPERTIES('18SCBIM$j6SxZvzgf0z8dm',#1,$,$,(#209),#222);
#224=IFCRELAGGREGATES('29hd6AocXDXOth5fT8VPXL',#1,'house - roof container',$,#196,(#209,#236,#257,#278,#299,#320,#343,#359));
#225=IFCLOCALPLACEMENT(#202,#226);
#226=IFCAXIS2PLACEMENT3D(#227,#228,#229);
#227=IFCCARTESIANPOINT((4748.2233047032796,1900.0000000000616,544.66991411008337));
#228=IFCDIRECTION((5.962308835950014E-17,-1.,-4.5067468721480082E-17));
#229=IFCDIRECTION((0.70710678118654724,0.,-0.70710678118654802));
#230=IFCTRIANGULATEDFACESET(#231,((1.,3.3306690738754696E-16,1.1924617671900018E-16),(1.,3.3306690738754696E-16,1.1924617671900018E-16),(1.,3.3306690738754696E-16,1.1924617671900018E-16),(1.,3.3306690738754696E-16,1.1924617671900018E-16),(7.2164496600635195E-16,-1.,-3.9260438570028433E-32),(7.2164496600635195E-16,-1.,-3.9260438570028433E-32),(7.2164496600635195E-16,-1.,-3.9260438570028433E-32),(7.2164496600635195E-16,-1.,-3.9260438570028433E-32),(7.2164496600635195E-16,-1.,-3.9260438570028433E-32),(7.2164496600635195E-16,-1.,-3.9260438570028433E-32),(-1.,-3.3306690738754696E-16,-1.1924617671900018E-16),(-1.,-3.3306690738754696E-16,-1.1924617671900018E-16),(-1.,-3.3306690738754696E-16,-1.1924617671900018E-16),(-1.,-3.3306690738754696E-16,-1.1924617671900018E-16),(-7.2164496600635195E-16,1.,3.9260438570028433E-32),(-7.2164496600635195E-16,1.,3.9260438570028433E-32),(-7.2164496600635195E-16,1.,3.9260438570028433E-32),(-7.2164496600635195E-16,1.,3.9260438570028433E-32),(2.584139798696444E-17,2.0082800523541051E-32,-1.),(2.584139798696444E-17,2.0082800523541051E-32,-1.),(2.584139798696444E-17,2.0082800523541051E-32,-1.),(2.584139798696444E-17,2.0082800523541051E-32,-1.),(2.584139798696444E-17,2.0082800523541051E-32,-1.),(-2.5841397986963688E-17,-9.8099391928048241E-16,1.),(-2.5841397986963688E-17,-9.8099391928048241E-16,1.),(-2.5841397986963688E-17,-9.8099391928048241E-16,1.),(-2.5841397986963688E-17,-9.8099391928048241E-16,1.),(-2.5841397986963688E-17,-9.8099391928048241E-16,1.)),$,((1,2,3),(2,1,4),(5,6,7),(6,5,8),(8,5,9),(9,5,10),(11,12,13),(12,11,14),(15,16,17),(16,15,18),(19,20,21),(20,19,22),(20,22,23),(24,25,26),(25,24,27),(25,27,28)),$);
#231=IFCCARTESIANPOINTLIST3D(((100.00000000000072,200.00000000000506,-2699.9999999999427),(100.00000000000072,1.4438228390645235E-12,0.),(99.999999999999275,-7.2191141953226175E-13,-2699.9999999999427),(99.999999999999275,200.00000000000432,0.),(100.00000000000072,1.4438228390645235E-12,0.),(50.00000000000054,1.4438228390645235E-12,-2699.9999999999427),(99.999999999999275,-7.2191141953226175E-13,-2699.9999999999427),(-1.0828671292983925E-12,1.7872629883913467E-29,-2699.9999999999427),(3.6095570976613087E-13,1.4438228390645235E-12,0.),(49.999999999999098,1.4438228390645235E-12,0.),(3.6095570976613087E-13,1.4438228390645235E-12,0.),(3.6095570976613087E-13,200.00000000000506,-2699.9999999999427),(-1.0828671292983925E-12,1.7872629883913467E-29,-2699.9999999999427),(-1.0828671292983925E-12,200.00000000000432,0.),(-1.0828671292983925E-12,200.00000000000432,0.),(100.00000000000072,200.00000000000506,-2699.9999999999427),(3.6095570976613087E-13,200.00000000000506,-2699.9999999999427),(99.999999999999275,200.00000000000432,0.),(3.6095570976613087E-13,200.00000000000506,-2699.9999999999427),(50.00000000000054,1.4438228390645235E-12,-2699.9999999999427),(-1.0828671292983925E-12,1.7872629883913467E-29,-2699.9999999999427),(100.00000000000072,200.00000000000506,-2699.9999999999427),(99.999999999999275,-7.2191141953226175E-13,-2699.9999999999427),(3.6095570976613087E-13,1.4438228390645235E-12,0.),(99.999999999999275,200.00000000000432,0.),(-1.0828671292983925E-12,200.00000000000432,0.),(49.999999999999098,1.4438228390645235E-12,0.),(100.00000000000072,1.4438228390645235E-12,0.)));
#232=IFCSTYLEDITEM(#230,(#233),$);
#233=IFCSURFACESTYLE('wood_spruce_beam',.BOTH.,(#215));
#234=IFCSHAPEREPRESENTATION(#12,'Body','Tessellation',(#230));
#235=IFCPRODUCTDEFINITIONSHAPE($,$,(#234));
#236=IFCBEAM('0rh7bRO0L9fg1NzgGKU$Ut',#1,'girder','A strong girder, providing essential support for structures.','girder_segment',#247,#256,'454425.1027891.979946.932084.902515',$);
#237=IFCPROPERTYENUMERATEDVALUE('Status',$,(IFCLABEL('UNSET')),#73);
#238=IFCPROPERTYSINGLEVALUE('IsExternal',$,IFCBOOLEAN(.F.),$);
#239=IFCPROPERTYSINGLEVALUE('LoadBearing',$,IFCBOOLEAN(.T.),$);
#240=IFCPROPERTYSET('00EBcbCmP36Q43kDOMVxR1',#1,'Pset_BeamCommon',$,(#237,#238,#239));
#241=IFCRELDEFINESBYPROPERTIES('256YYp2JL6Cx0WbxeIKq$J',#1,$,$,(#236),#240);
#242=IFCQUANTITYVOLUME('NetVolume',$,$,0.1160000000000022,$);
#243=IFCQUANTITYLENGTH('Length',$,$,5799.9999999999736,$);
#244=IFCQUANTITYAREA('CrossSectionArea',$,$,0.020000000000000469,$);
#245=IFCELEMENTQUANTITY('28d0zpbA1FDgNVOoP3DC9B',#1,'Qto_BeamBaseQuantities',$,$,(#242,#243,#244));
#246=IFCRELDEFINESBYPROPERTIES('13Ef3vovv1FBMPINZDiMkh',#1,$,$,(#236),#245);
#247=IFCLOCALPLACEMENT(#202,#248);
#248=IFCAXIS2PLACEMENT3D(#249,#250,#251);
#249=IFCCARTESIANPOINT((2968.9339828220163,99.999999999965709,2323.9592359913959));
#250=IFCDIRECTION((-5.5511151231257827E-17,-1.,3.925231146709433E-17));
#251=IFCDIRECTION((-0.70710678118654791,6.7007887082723262E-17,0.70710678118654724));
#252=IFCTRIANGULATEDFACESET(#253,((1.,-3.3306690738754696E-16,5.5511151231257778E-17),(1.,-3.3306690738754696E-16,5.5511151231257778E-17),(1.,-3.3306690738754696E-16,5.5511151231257778E-17),(1.,-3.3306690738754696E-16,5.5511151231257778E-17),(7.2164496600635195E-16,1.,-1.5194923147441633E-32),(7.2164496600635195E-16,1.,-1.5194923147441633E-32),(7.2164496600635195E-16,1.,-1.5194923147441633E-32),(7.2164496600635195E-16,1.,-1.5194923147441633E-32),(7.2164496600635195E-16,1.,-1.5194923147441633E-32),(7.2164496600635195E-16,1.,-1.5194923147441633E-32),(-1.,3.3306690738754696E-16,-5.5511151231257778E-17),(-1.,3.3306690738754696E-16,-5.5511151231257778E-17),(-1.,3.3306690738754696E-16,-5.5511151231257778E-17),(-1.,3.3306690738754696E-16,-5.5511151231257778E-17),(-7.2164496600635195E-16,-1.,1.5194923147441633E-32),(-7.2164496600635195E-16,-1.,1.5194923147441633E-32),(-7.2164496600635195E-16,-1.,1.5194923147441633E-32),(-7.2164496600635195E-16,-1.,1.5194923147441633E-32),(5.5511151231257852E-17,-4.622231866529366E-32,-1.),(5.5511151231257852E-17,-4.622231866529366E-32,-1.),(5.5511151231257852E-17,-4.622231866529366E-32,-1.),(5.5511151231257852E-17,-4.622231866529366E-32,-1.),(5.5511151231257852E-17,-4.622231866529366E-32,-1.),(-5.5511151231256243E-17,2.1073202710469971E-15,1.),(-5.5511151231256243E-17,2.1073202710469971E-15,1.),(-5.5511151231256243E-17,2.1073202710469971E-15,1.),(-5.5511151231256243E-17,2.1073202710469971E-15,1.),(-5.5511151231256243E-17,2.1073202710469971E-15,1.)),$,((3,2,1),(4,1,2),(7,6,5),(8,5,6),(9,5,8),(10,5,9),(13,12,11),(14,11,12),(17,16,15),(18,15,16),(21,20,19),(22,19,20),(23,22,20),(26,25,24),(27,24,25),(28,27,25)),$);
#253=IFCCARTESIANPOINTLIST3D(((100.00000000000072,-200.00000000000506,-5799.9999999999736),(100.00000000000072,-1.4438228390645235E-12,-6.1629758220391547E-31),(99.999999999999275,7.2191141953226175E-13,-5799.9999999999736),(99.999999999999275,-200.00000000000432,1.7796490496925176E-44),(100.00000000000072,-1.4438228390645235E-12,-6.1629758220391547E-31),(50.00000000000054,-1.4438228390645235E-12,-5799.9999999999736),(99.999999999999275,7.2191141953226175E-13,-5799.9999999999736),(-1.0828671292983925E-12,0.,-5799.9999999999736),(3.6095570976613087E-13,-1.4438228390645235E-12,2.224561312115647E-45),(49.999999999999098,-1.4438228390645235E-12,-3.0814879110194771E-31),(3.6095570976613087E-13,-1.4438228390645235E-12,2.224561312115647E-45),(3.6095570976613082E-13,-200.00000000000506,-5799.9999999999736),(-1.0828671292983925E-12,0.,-5799.9999999999736),(-1.0828671292983925E-12,-200.00000000000432,6.1629758220393544E-31),(-1.0828671292983925E-12,-200.00000000000432,6.1629758220393544E-31),(100.00000000000072,-200.00000000000506,-5799.9999999999736),(3.6095570976613082E-13,-200.00000000000506,-5799.9999999999736),(99.999999999999275,-200.00000000000432,1.7796490496925176E-44),(3.6095570976613082E-13,-200.00000000000506,-5799.9999999999736),(50.00000000000054,-1.4438228390645235E-12,-5799.9999999999736),(-1.0828671292983925E-12,0.,-5799.9999999999736),(100.00000000000072,-200.00000000000506,-5799.9999999999736),(99.999999999999275,7.2191141953226175E-13,-5799.9999999999736),(3.6095570976613087E-13,-1.4438228390645235E-12,2.224561312115647E-45),(99.999999999999275,-200.00000000000432,1.7796490496925176E-44),(-1.0828671292983925E-12,-200.00000000000432,6.1629758220393544E-31),(49.999999999999098,-1.4438228390645235E-12,-3.0814879110194771E-31),(100.00000000000072,-1.4438228390645235E-12,-6.1629758220391547E-31)));
#254=IFCSTYLEDITEM(#252,(#233),$);
#255=IFCSHAPEREPRESENTATION(#12,'Body','Tessellation',(#252));
#256=IFCPRODUCTDEFINITIONSHAPE($,$,(#255));
#257=IFCBEAM('3roxUKbVv98xiUcl22_T07',#1,'girder','A strong girder, providing essential support for structures.','girder_segment',#268,#277,'454425.1027891.979946.932084.902519',$);
#258=IFCPROPERTYENUMERATEDVALUE('Status',$,(IFCLABEL('UNSET')),#73);
#259=IFCPROPERTYSINGLEVALUE('IsExternal',$,IFCBOOLEAN(.F.),$);
#260=IFCPROPERTYSINGLEVALUE('LoadBearing',$,IFCBOOLEAN(.T.),$);
#261=IFCPROPERTYSET('0fB$YzpQ9F5fXAwW3qqCyT',#1,'Pset_BeamCommon',$,(#258,#259,#260));
#262=IFCRELDEFINESBYPROPERTIES('3s2cOWY_f7xgExVmLuOC1F',#1,$,$,(#257),#261);
#263=IFCQUANTITYVOLUME('NetVolume',$,$,0.011999999999998965,$);
#264=IFCQUANTITYLENGTH('Length',$,$,599.99999999993429,$);
#265=IFCQUANTITYAREA('CrossSectionArea',$,$,0.020000000000000465,$);
#266=IFCELEMENTQUANTITY('30SHzCjOj6gPOjYeg44wl2',#1,'Qto_BeamBaseQuantities',$,$,(#263,#264,#265));
#267=IFCRELDEFINESBYPROPERTIES('2RqoGRc4HDKxh0mXR9aubO',#1,$,$,(#257),#266);
#268=IFCLOCALPLACEMENT(#202,#269);
#269=IFCAXIS2PLACEMENT3D(#270,#271,#272);
#270=IFCCARTESIANPOINT((4748.2233047032796,5300.0000000000045,544.66991411008189));
#271=IFCDIRECTION((3.3537987202221792E-16,-1.,-3.4018669938152434E-16));
#272=IFCDIRECTION((0.70710678118654724,-5.5511151231257827E-17,-0.70710678118654802));
#273=IFCTRIANGULATEDFACESET(#274,((1.,3.3306690738754696E-16,5.3660779523554821E-16),(1.,3.3306690738754696E-16,5.3660779523554821E-16),(1.,3.3306690738754696E-16,5.3660779523554821E-16),(1.,3.3306690738754696E-16,5.3660779523554821E-16),(7.2164496600635195E-16,-1.,-1.4688425709195124E-31),(7.2164496600635195E-16,-1.,-1.4688425709195124E-31),(7.2164496600635195E-16,-1.,-1.4688425709195124E-31),(7.2164496600635195E-16,-1.,-1.4688425709195124E-31),(7.2164496600635195E-16,-1.,-1.4688425709195124E-31),(7.2164496600635195E-16,-1.,-1.4688425709195124E-31),(-1.,-3.3306690738754696E-16,-5.3660779523554821E-16),(-1.,-3.3306690738754696E-16,-5.3660779523554821E-16),(-1.,-3.3306690738754696E-16,-5.3660779523554821E-16),(-1.,-3.3306690738754696E-16,-5.3660779523554821E-16),(-7.2164496600635195E-16,1.,1.4688425709195124E-31),(-7.2164496600635195E-16,1.,1.4688425709195124E-31),(-7.2164496600635195E-16,1.,1.4688425709195124E-31),(-7.2164496600635195E-16,1.,1.4688425709195124E-31),(5.7425328859915896E-18,4.4628445607865054E-33,-1.),(5.7425328859915896E-18,4.4628445607865054E-33,-1.),(5.7425328859915896E-18,4.4628445607865054E-33,-1.),(5.7425328859915896E-18,4.4628445607865054E-33,-1.),(5.7425328859915896E-18,4.4628445607865054E-33,-1.),(-5.7425328859914224E-18,-2.179986487289768E-16,1.),(-5.7425328859914224E-18,-2.179986487289768E-16,1.),(-5.7425328859914224E-18,-2.179986487289768E-16,1.),(-5.7425328859914224E-18,-2.179986487289768E-16,1.),(-5.7425328859914224E-18,-2.179986487289768E-16,1.)),$,((1,2,3),(2,1,4),(5,6,7),(6,5,8),(8,5,9),(9,5,10),(11,12,13),(12,11,14),(15,16,17),(16,15,18),(19,20,21),(20,19,22),(20,22,23),(24,25,26),(25,24,27),(25,27,28)),$);
#274=IFCCARTESIANPOINTLIST3D(((100.00000000000072,200.00000000000506,-599.99999999993429),(100.00000000000072,1.4438228390645235E-12,0.),(99.999999999999275,-7.2191141953226175E-13,-599.99999999993429),(99.999999999999275,200.00000000000432,0.),(100.00000000000072,1.4438228390645235E-12,0.),(50.00000000000054,1.4438228390645235E-12,-599.99999999993429),(99.999999999999275,-7.2191141953226175E-13,-599.99999999993429),(-1.0828671292983925E-12,0.,-599.99999999993429),(3.6095570976613087E-13,1.4438228390645235E-12,0.),(49.999999999999098,1.4438228390645235E-12,0.),(3.6095570976613087E-13,1.4438228390645235E-12,0.),(3.6095570976613077E-13,200.00000000000506,-599.99999999993429),(-1.0828671292983925E-12,0.,-599.99999999993429),(-1.0828671292983925E-12,200.00000000000432,0.),(-1.0828671292983925E-12,200.00000000000432,0.),(100.00000000000072,200.00000000000506,-599.99999999993429),(3.6095570976613077E-13,200.00000000000506,-599.99999999993429),(99.999999999999275,200.00000000000432,0.),(3.6095570976613077E-13,200.00000000000506,-599.99999999993429),(50.00000000000054,1.4438228390645235E-12,-599.99999999993429),(-1.0828671292983925E-12,0.,-599.99999999993429),(100.00000000000072,200.00000000000506,-599.99999999993429),(99.999999999999275,-7.2191141953226175E-13,-599.99999999993429),(3.6095570976613087E-13,1.4438228390645235E-12,0.),(99.999999999999275,200.00000000000432,0.),(-1.0828671292983925E-12,200.00000000000432,0.),(49.999999999999098,1.4438228390645235E-12,0.),(100.00000000000072,1.4438228390645235E-12,0.)));
#275=IFCSTYLEDITEM(#273,(#233),$);
#276=IFCSHAPEREPRESENTATION(#12,'Body','Tessellation',(#273));
#277=IFCPRODUCTDEFINITIONSHAPE($,$,(#276));
#278=IFCBEAM('0Lvk$Qa81D5et3l3a4S9Vk',#1,'girder','A strong girder, providing essential support for structures.','girder_segment',#289,#298,'454425.1027891.979946.932084.902516',$);
#279=IFCPROPERTYENUMERATEDVALUE('Status',$,(IFCLABEL('UNSET')),#73);
#280=IFCPROPERTYSINGLEVALUE('IsExternal',$,IFCBOOLEAN(.F.),$);
#281=IFCPROPERTYSINGLEVALUE('LoadBearing',$,IFCBOOLEAN(.T.),$);
#282=IFCPROPERTYSET('0PBH0wkMXC_RjGQReUd5h1',#1,'Pset_BeamCommon',$,(#279,#280,#281));
#283=IFCRELDEFINESBYPROPERTIES('1kfOxVaUn7igK3ixTIT1mm',#1,$,$,(#278),#282);
#284=IFCQUANTITYVOLUME('NetVolume',$,$,0.08000000000000046,$);
#285=IFCQUANTITYLENGTH('Length',$,$,3999.9999999999313,$);
#286=IFCQUANTITYAREA('CrossSectionArea',$,$,0.020000000000000458,$);
#287=IFCELEMENTQUANTITY('0kLKoeMc5BnhcvmJ1GtKjL',#1,'Qto_BeamBaseQuantities',$,$,(#284,#285,#286));
#288=IFCRELDEFINESBYPROPERTIES('3xGoWtpb5DkfUR1FSc5StW',#1,$,$,(#278),#287);
#289=IFCLOCALPLACEMENT(#202,#290);
#290=IFCAXIS2PLACEMENT3D(#291,#292,#293);
#291=IFCCARTESIANPOINT((3823.2233047033046,1900.0000000000039,1469.6699141100635));
#292=IFCDIRECTION((0.,-1.,-1.7663540160193257E-17));
#293=IFCDIRECTION((0.70710678118654724,0.,-0.70710678118654802));
#294=IFCTRIANGULATEDFACESET(#295,((1.,3.3306690738754696E-16,8.0491169285324808E-17),(1.,3.3306690738754696E-16,8.0491169285324808E-17),(1.,3.3306690738754696E-16,8.0491169285324808E-17),(1.,3.3306690738754696E-16,8.0491169285324808E-17),(7.2164496600635195E-16,-1.,-2.2032638563790642E-32),(7.2164496600635195E-16,-1.,-2.2032638563790642E-32),(7.2164496600635195E-16,-1.,-2.2032638563790642E-32),(7.2164496600635195E-16,-1.,-2.2032638563790642E-32),(7.2164496600635195E-16,-1.,-2.2032638563790642E-32),(7.2164496600635195E-16,-1.,-2.2032638563790642E-32),(-1.,-3.3306690738754696E-16,-8.0491169285324808E-17),(-1.,-3.3306690738754696E-16,-8.0491169285324808E-17),(-1.,-3.3306690738754696E-16,-8.0491169285324808E-17),(-1.,-3.3306690738754696E-16,-8.0491169285324808E-17),(-7.2164496600635195E-16,1.,2.2032638563790642E-32),(-7.2164496600635195E-16,1.,2.2032638563790642E-32),(-7.2164496600635195E-16,1.,2.2032638563790642E-32),(-7.2164496600635195E-16,1.,2.2032638563790642E-32),(3.82835525732808E-17,2.9752297071912782E-32,-1.),(3.82835525732808E-17,2.9752297071912782E-32,-1.),(3.82835525732808E-17,2.9752297071912782E-32,-1.),(3.82835525732808E-17,2.9752297071912782E-32,-1.),(3.82835525732808E-17,2.9752297071912782E-32,-1.),(-3.8283552573279685E-17,-1.4533243248599797E-15,1.),(-3.8283552573279685E-17,-1.4533243248599797E-15,1.),(-3.8283552573279685E-17,-1.4533243248599797E-15,1.),(-3.8283552573279685E-17,-1.4533243248599797E-15,1.),(-3.8283552573279685E-17,-1.4533243248599797E-15,1.)),$,((1,2,3),(2,1,4),(5,6,7),(6,5,8),(8,5,9),(9,5,10),(11,12,13),(12,11,14),(15,16,17),(16,15,18),(19,20,21),(20,19,22),(20,22,23),(24,25,26),(25,24,27),(25,27,28)),$);
#295=IFCCARTESIANPOINTLIST3D(((100.00000000000072,200.00000000000506,-3999.9999999999313),(100.00000000000072,1.4438228390645235E-12,0.),(99.999999999999275,-7.2191141953226175E-13,-3999.9999999999313),(99.999999999999275,200.00000000000432,0.),(100.00000000000072,1.4438228390645235E-12,0.),(50.00000000000054,1.4438228390645235E-12,-3999.9999999999313),(99.999999999999275,-7.2191141953226175E-13,-3999.9999999999313),(-1.0828671292983925E-12,0.,-3999.9999999999313),(3.6095570976613087E-13,1.4438228390645235E-12,0.),(49.999999999999098,1.4438228390645235E-12,0.),(3.6095570976613087E-13,1.4438228390645235E-12,0.),(3.6095570976613087E-13,200.00000000000506,-3999.9999999999313),(-1.0828671292983925E-12,0.,-3999.9999999999313),(-1.0828671292983925E-12,200.00000000000432,0.),(-1.0828671292983925E-12,200.00000000000432,0.),(100.00000000000072,200.00000000000506,-3999.9999999999313),(3.6095570976613087E-13,200.00000000000506,-3999.9999999999313),(99.999999999999275,200.00000000000432,0.),(3.6095570976613087E-13,200.00000000000506,-3999.9999999999313),(50.00000000000054,1.4438228390645235E-12,-3999.9999999999313),(-1.0828671292983925E-12,0.,-3999.9999999999313),(100.00000000000072,200.00000000000506,-3999.9999999999313),(99.999999999999275,-7.2191141953226175E-13,-3999.9999999999313),(3.6095570976613087E-13,1.4438228390645235E-12,0.),(99.999999999999275,200.00000000000432,0.),(-1.0828671292983925E-12,200.00000000000432,0.),(49.999999999999098,1.4438228390645235E-12,0.),(100.00000000000072,1.4438228390645235E-12,0.)));
#296=IFCSTYLEDITEM(#294,(#233),$);
#297=IFCSHAPEREPRESENTATION(#12,'Body','Tessellation',(#294));
#298=IFCPRODUCTDEFINITIONSHAPE($,$,(#297));
#299=IFCBEAM('2ddLgAnQf4mBfh5IpUp54U',#1,'girder','A strong girder, providing essential support for structures.','girder_segment',#310,#319,'454425.1027891.979946.932084.902517',$);
#300=IFCPROPERTYENUMERATEDVALUE('Status',$,(IFCLABEL('UNSET')),#73);
#301=IFCPROPERTYSINGLEVALUE('IsExternal',$,IFCBOOLEAN(.F.),$);
#302=IFCPROPERTYSINGLEVALUE('LoadBearing',$,IFCBOOLEAN(.T.),$);
#303=IFCPROPERTYSET('2QF6RwHpj16gEJ1wh5SKZA',#1,'Pset_BeamCommon',$,(#300,#301,#302));
#304=IFCRELDEFINESBYPROPERTIES('1_Mz54MgPEf8invct8zsn4',#1,$,$,(#299),#303);
#305=IFCQUANTITYVOLUME('NetVolume',$,$,0.11600000000000217,$);
#306=IFCQUANTITYLENGTH('Length',$,$,5799.9999999999736,$);
#307=IFCQUANTITYAREA('CrossSectionArea',$,$,0.020000000000000465,$);
#308=IFCELEMENTQUANTITY('0dIg8JLuXAjP9eWTNPMJjH',#1,'Qto_BeamBaseQuantities',$,$,(#305,#306,#307));
#309=IFCRELDEFINESBYPROPERTIES('1Re7jJq7TFuwWj5pYY61Bl',#1,$,$,(#299),#308);
#310=IFCLOCALPLACEMENT(#202,#311);
#311=IFCAXIS2PLACEMENT3D(#312,#313,#314);
#312=IFCCARTESIANPOINT((2050.0000000000014,99.999999999959925,3225.7359312880544));
#313=IFCDIRECTION((5.5511151231257827E-17,-1.,-2.3801837657530415E-32));
#314=IFCDIRECTION((1.,5.5511151231257827E-17,-8.8817841970012464E-16));
#315=IFCTRIANGULATEDFACESET(#316,((1.,3.3306690738754696E-16,5.5511151231257784E-17),(1.,3.3306690738754696E-16,5.5511151231257784E-17),(1.,3.3306690738754696E-16,5.5511151231257784E-17),(1.,3.3306690738754696E-16,5.5511151231257784E-17),(7.2164496600635195E-16,-1.,-1.5194923147441631E-32),(7.2164496600635195E-16,-1.,-1.5194923147441631E-32),(7.2164496600635195E-16,-1.,-1.5194923147441631E-32),(7.2164496600635195E-16,-1.,-1.5194923147441631E-32),(7.2164496600635195E-16,-1.,-1.5194923147441631E-32),(7.2164496600635195E-16,-1.,-1.5194923147441631E-32),(-1.,-3.3306690738754696E-16,-5.5511151231257784E-17),(-1.,-3.3306690738754696E-16,-5.5511151231257784E-17),(-1.,-3.3306690738754696E-16,-5.5511151231257784E-17),(-1.,-3.3306690738754696E-16,-5.5511151231257784E-17),(-7.2164496600635195E-16,1.,1.5194923147441631E-32),(-7.2164496600635195E-16,1.,1.5194923147441631E-32),(-7.2164496600635195E-16,1.,1.5194923147441631E-32),(-7.2164496600635195E-16,1.,1.5194923147441631E-32),(5.5511151231257864E-17,4.3140830754274083E-32,-1.),(5.5511151231257864E-17,4.3140830754274083E-32,-1.),(5.5511151231257864E-17,4.3140830754274083E-32,-1.),(5.5511151231257864E-17,4.3140830754274083E-32,-1.),(5.5511151231257864E-17,4.3140830754274083E-32,-1.),(-5.5511151231256249E-17,-2.1073202710469971E-15,1.),(-5.5511151231256249E-17,-2.1073202710469971E-15,1.),(-5.5511151231256249E-17,-2.1073202710469971E-15,1.),(-5.5511151231256249E-17,-2.1073202710469971E-15,1.),(-5.5511151231256249E-17,-2.1073202710469971E-15,1.)),$,((1,2,3),(2,1,4),(5,6,7),(6,5,8),(8,5,9),(9,5,10),(11,12,13),(12,11,14),(15,16,17),(16,15,18),(19,20,21),(20,19,22),(20,22,23),(24,25,26),(25,24,27),(25,27,28)),$);
#316=IFCCARTESIANPOINTLIST3D(((100.00000000000072,200.00000000000506,-5799.9999999999736),(100.00000000000072,1.4438228390645235E-12,2.1140278556624429E-45),(99.999999999999275,-7.2191141953226175E-13,-5799.9999999999736),(99.999999999999275,200.00000000000432,2.1140278556624124E-45),(100.00000000000072,1.4438228390645235E-12,2.1140278556624429E-45),(50.00000000000054,1.4438228390645235E-12,-5799.9999999999736),(99.999999999999275,-7.2191141953226175E-13,-5799.9999999999736),(-1.0828671292983925E-12,1.5874084166179496E-44,-5799.9999999999736),(3.6095570976613087E-13,1.4438228390645235E-12,7.6307042510600322E-60),(49.999999999999098,1.4438228390645235E-12,1.0570139278311949E-45),(3.6095570976613087E-13,1.4438228390645235E-12,7.6307042510600322E-60),(3.6095570976613087E-13,200.00000000000506,-5799.9999999999736),(-1.0828671292983925E-12,1.5874084166179496E-44,-5799.9999999999736),(-1.0828671292983925E-12,200.00000000000432,-2.2892112753180096E-59),(-1.0828671292983925E-12,200.00000000000432,-2.2892112753180096E-59),(100.00000000000072,200.00000000000506,-5799.9999999999736),(3.6095570976613087E-13,200.00000000000506,-5799.9999999999736),(99.999999999999275,200.00000000000432,2.1140278556624124E-45),(3.6095570976613087E-13,200.00000000000506,-5799.9999999999736),(50.00000000000054,1.4438228390645235E-12,-5799.9999999999736),(-1.0828671292983925E-12,1.5874084166179496E-44,-5799.9999999999736),(100.00000000000072,200.00000000000506,-5799.9999999999736),(99.999999999999275,-7.2191141953226175E-13,-5799.9999999999736),(3.6095570976613087E-13,1.4438228390645235E-12,7.6307042510600322E-60),(99.999999999999275,200.00000000000432,2.1140278556624124E-45),(-1.0828671292983925E-12,200.00000000000432,-2.2892112753180096E-59),(49.999999999999098,1.4438228390645235E-12,1.0570139278311949E-45),(100.00000000000072,1.4438228390645235E-12,2.1140278556624429E-45)));
#317=IFCSTYLEDITEM(#315,(#233),$);
#318=IFCSHAPEREPRESENTATION(#12,'Body','Tessellation',(#315));
#319=IFCPRODUCTDEFINITIONSHAPE($,$,(#318));
#320=IFCBEAM('2fjJuPht9EIQaZQYZfC1Op',#1,'girder','A strong girder, providing essential support for structures.','girder_segment',#331,#340,'454425.1027891.979946.932084.902512',$);
#321=IFCPROPERTYENUMERATEDVALUE('Status',$,(IFCLABEL('UNSET')),#73);
#322=IFCPROPERTYSINGLEVALUE('IsExternal',$,IFCBOOLEAN(.F.),$);
#323=IFCPROPERTYSINGLEVALUE('LoadBearing',$,IFCBOOLEAN(.T.),$);
#324=IFCPROPERTYSET('1l$mN4mE5EtgtEWbu7EEvJ',#1,'Pset_BeamCommon',$,(#321,#322,#323));
#325=IFCRELDEFINESBYPROPERTIES('1A$xLWc2zFTAP4pjkGmuxr',#1,$,$,(#320),#324);
#326=IFCQUANTITYVOLUME('NetVolume',$,$,0.11600000000000223,$);
#327=IFCQUANTITYLENGTH('Length',$,$,5799.9999999999736,$);
#328=IFCQUANTITYAREA('CrossSectionArea',$,$,0.020000000000000472,$);
#329=IFCELEMENTQUANTITY('3wSFIICx575gqnRY4FYR_E',#1,'Qto_BeamBaseQuantities',$,$,(#326,#327,#328));
#330=IFCRELDEFINESBYPROPERTIES('2AUcjx78L3PAQTSMpi8$sr',#1,$,$,(#320),#329);
#331=IFCLOCALPLACEMENT(#202,#332);
#332=IFCAXIS2PLACEMENT3D(#333,#334,#335);
#333=IFCCARTESIANPOINT((1231.06601717801,99.999999999959925,2323.9592359913986));
#334=IFCDIRECTION((0.,-1.,1.8802297224703119E-33));
#335=IFCDIRECTION((0.70710678118654835,1.3295231869472565E-33,0.7071067811865468));
#336=IFCTRIANGULATEDFACESET(#337,((1.,3.3306690738754696E-16,5.5511151231257784E-17),(1.,3.3306690738754696E-16,5.5511151231257784E-17),(1.,3.3306690738754696E-16,5.5511151231257784E-17),(1.,3.3306690738754696E-16,5.5511151231257784E-17),(7.2164496600635195E-16,-1.,-1.5194923147441628E-32),(7.2164496600635195E-16,-1.,-1.5194923147441628E-32),(7.2164496600635195E-16,-1.,-1.5194923147441628E-32),(7.2164496600635195E-16,-1.,-1.5194923147441628E-32),(7.2164496600635195E-16,-1.,-1.5194923147441628E-32),(7.2164496600635195E-16,-1.,-1.5194923147441628E-32),(-1.,-3.3306690738754696E-16,-5.5511151231257784E-17),(-1.,-3.3306690738754696E-16,-5.5511151231257784E-17),(-1.,-3.3306690738754696E-16,-5.5511151231257784E-17),(-1.,-3.3306690738754696E-16,-5.5511151231257784E-17),(-7.2164496600635195E-16,1.,1.5194923147441628E-32),(-7.2164496600635195E-16,1.,1.5194923147441628E-32),(-7.2164496600635195E-16,1.,1.5194923147441628E-32),(-7.2164496600635195E-16,1.,1.5194923147441628E-32),(5.5511151231257864E-17,4.3140830754274083E-32,-1.),(5.5511151231257864E-17,4.3140830754274083E-32,-1.),(5.5511151231257864E-17,4.3140830754274083E-32,-1.),(5.5511151231257864E-17,4.3140830754274083E-32,-1.),(5.5511151231257864E-17,4.3140830754274083E-32,-1.),(-5.5511151231256249E-17,-2.1073202710469971E-15,1.),(-5.5511151231256249E-17,-2.1073202710469971E-15,1.),(-5.5511151231256249E-17,-2.1073202710469971E-15,1.),(-5.5511151231256249E-17,-2.1073202710469971E-15,1.),(-5.5511151231256249E-17,-2.1073202710469971E-15,1.)),$,((1,2,3),(2,1,4),(5,6,7),(6,5,8),(8,5,9),(9,5,10),(11,12,13),(12,11,14),(15,16,17),(16,15,18),(19,20,21),(20,19,22),(20,22,23),(24,25,26),(25,24,27),(25,27,28)),$);
#337=IFCCARTESIANPOINTLIST3D(((100.00000000000072,200.00000000000506,-5799.9999999999736),(100.00000000000072,1.4438228390645235E-12,0.),(99.999999999999275,-7.2191141953226175E-13,-5799.9999999999736),(99.999999999999275,200.00000000000432,0.),(100.00000000000072,1.4438228390645235E-12,0.),(50.00000000000054,1.4438228390645235E-12,-5799.9999999999736),(99.999999999999275,-7.2191141953226175E-13,-5799.9999999999736),(-1.0828671292983925E-12,-9.9213026038621851E-46,-5799.9999999999736),(3.6095570976613087E-13,1.4438228390645235E-12,0.),(49.999999999999098,1.4438228390645235E-12,0.),(3.6095570976613087E-13,1.4438228390645235E-12,0.),(3.6095570976613087E-13,200.00000000000506,-5799.9999999999736),(-1.0828671292983925E-12,-9.9213026038621851E-46,-5799.9999999999736),(-1.0828671292983925E-12,200.00000000000432,0.),(-1.0828671292983925E-12,200.00000000000432,0.),(100.00000000000072,200.00000000000506,-5799.9999999999736),(3.6095570976613087E-13,200.00000000000506,-5799.9999999999736),(99.999999999999275,200.00000000000432,0.),(3.6095570976613087E-13,200.00000000000506,-5799.9999999999736),(50.00000000000054,1.4438228390645235E-12,-5799.9999999999736),(-1.0828671292983925E-12,-9.9213026038621851E-46,-5799.9999999999736),(100.00000000000072,200.00000000000506,-5799.9999999999736),(99.999999999999275,-7.2191141953226175E-13,-5799.9999999999736),(3.6095570976613087E-13,1.4438228390645235E-12,0.),(99.999999999999275,200.00000000000432,0.),(-1.0828671292983925E-12,200.00000000000432,0.),(49.999999999999098,1.4438228390645235E-12,0.),(100.00000000000072,1.4438228390645235E-12,0.)));
#338=IFCSTYLEDITEM(#336,(#233),$);
#339=IFCSHAPEREPRESENTATION(#12,'Body','Tessellation',(#336));
#340=IFCPRODUCTDEFINITIONSHAPE($,$,(#339));
#341=IFCDISCRETEACCESSORYTYPE('1i7uuLYVf6ShdGFfCgAhuD',#1,'beam shoe','A robust shoe, providing stable support for beams.',$,$,$,'880093','shoe',.SHOE.);
#342=IFCRELDEFINESBYTYPE('2WxkgoJp57vPJ9Jr6S$j_w',#1,$,$,(#343,#359),#341);
#343=IFCDISCRETEACCESSORY('2r_8UEywH9_RLHe8z$Xa8J',#1,'beam shoe','A robust shoe, providing stable support for beams.','shoe',#348,#358,'454425.1027891.979946.932084.2037920.2037925',$);
#344=IFCSURFACESTYLERENDERING(#345,0.,$,$,$,$,$,$,.NOTDEFINED.);
#345=IFCCOLOURRGB($,0.59999999999999998,0.59999999999999998,0.59999999999999998);
#346=IFCRELASSOCIATESMATERIAL('0h96c29SfAxQbCDOLFZN7y',#1,$,$,(#343,#359),#347);
#347=IFCMATERIAL('metal_steel-galvanized',$,$);
#348=IFCLOCALPLACEMENT(#202,#349);
#349=IFCAXIS2PLACEMENT3D(#350,#351,#352);
#350=IFCCARTESIANPOINT((4783.5786437625757,5299.9999999999427,509.31457505075758));
#351=IFCDIRECTION((0.,1.,0.));
#352=IFCDIRECTION((0.70710678118659442,0.,-0.70710678118650061));
#353=IFCTRIANGULATEDFACESET(#354,((2.5100246280032962E-13,5.1055527435344586E-13,-1.),(2.5100246280032962E-13,5.1055527435344586E-13,-1.),(2.5100246280032962E-13,5.1055527435344586E-13,-1.),(2.5100246280032962E-13,5.1055527435344586E-13,-1.),(2.5100246280032962E-13,5.1055527435344586E-13,-1.),(2.5100246280032962E-13,5.1055527435344586E-13,-1.),(2.5100246280032962E-13,5.1055527435344586E-13,-1.),(2.5100246280032962E-13,5.1055527435344586E-13,-1.),(2.5100246280032962E-13,5.1055527435344586E-13,-1.),(2.5100246280032962E-13,5.1055527435344586E-13,-1.),(2.5100246280032962E-13,5.1055527435344586E-13,-1.),(2.5100246280032962E-13,5.1055527435344586E-13,-1.),(-1.,-5.7898130734201901E-14,1.4894678357985549E-13),(-1.,-5.7898130734201901E-14,1.4894678357985549E-13),(-1.,-5.7898130734201901E-14,1.4894678357985549E-13),(-1.,-5.7898130734201901E-14,1.4894678357985549E-13),(-6.872280522429719E-14,-1.,0.),(-6.872280522429719E-14,-1.,0.),(-6.872280522429719E-14,-1.,0.),(-6.872280522429719E-14,-1.,0.),(-1.,7.6327832942979512E-14,-3.1103987408668347E-14),(-1.,7.6327832942979512E-14,-3.1103987408668347E-14),(-1.,7.6327832942979512E-14,-3.1103987408668347E-14),(-1.,7.6327832942979512E-14,-3.1103987408668347E-14),(-1.,7.6327832942979512E-14,-3.1103987408668347E-14),(3.7353453663513392E-13,-0.60508326753356978,0.79616219412309353),(3.7353453663513392E-13,-0.60508326753356978,0.79616219412309353),(3.7353453663513392E-13,-0.60508326753356978,0.79616219412309353),(3.7353453663513392E-13,-0.60508326753356978,0.79616219412309353),(-2.0949908474676704E-13,-0.60508326753340724,0.79616219412321709),(-2.0949908474676704E-13,-0.60508326753340724,0.79616219412321709),(-2.0949908474676704E-13,-0.60508326753340724,0.79616219412321709),(-2.0949908474676704E-13,-0.60508326753340724,0.79616219412321709),(0.,0.,1.),(0.,0.,1.),(0.,0.,1.),(0.,0.,1.),(0.,0.,1.),(0.,0.,1.),(0.,0.,1.),(0.,0.,1.),(1.,2.9920510513647962E-14,-4.7737858935915131E-14),(1.,2.9920510513647962E-14,-4.7737858935915131E-14),(1.,2.9920510513647962E-14,-4.7737858935915131E-14),(1.,2.9920510513647962E-14,-4.7737858935915131E-14),(1.,2.9920510513647962E-14,-4.7737858935915131E-14),(4.7566395267040207E-12,-1.,2.5204820306647365E-12),(4.7566395267040207E-12,-1.,2.5204820306647365E-12),(4.7566395267040207E-12,-1.,2.5204820306647365E-12),(4.7566395267040207E-12,-1.,2.5204820306647365E-12),(1.1102230246251565E-16,-1.,0.),(1.1102230246251565E-16,-1.,0.),(1.1102230246251565E-16,-1.,0.),(1.1102230246251565E-16,-1.,0.),(1.,-5.3734794391857564E-14,-7.5588181517279006E-14),(1.,-5.3734794391857564E-14,-7.5588181517279006E-14),(1.,-5.3734794391857564E-14,-7.5588181517279006E-14),(1.,-5.3734794391857564E-14,-7.5588181517279006E-14),(1.,2.7700064464397649E-14,3.6095570976613566E-12),(1.,2.7700064464397649E-14,3.6095570976613566E-12),(1.,2.7700064464397649E-14,3.6095570976613566E-12),(1.,2.7700064464397649E-14,3.6095570976613566E-12),(-1.2416876415955632E-12,-1.1208135741380136E-26,1.),(-1.2416876415955632E-12,-1.1208135741380136E-26,1.),(-1.2416876415955632E-12,-1.1208135741380136E-26,1.),(-1.2416876415955632E-12,-1.1208135741380136E-26,1.),(-1.,-5.5455640080026557E-14,0.),(-1.,-5.5455640080026557E-14,0.),(-1.,-5.5455640080026557E-14,0.),(-1.,-5.5455640080026557E-14,0.),(-1.2994405551581886E-13,-5.6040678706900679E-27,1.),(-1.2994405551581886E-13,-5.6040678706900679E-27,1.),(-1.2994405551581886E-13,-5.6040678706900679E-27,1.),(-1.2994405551581886E-13,-5.6040678706900679E-27,1.),(-2.5257573810222311E-13,-1.,1.5314108328672432E-12),(-2.5257573810222311E-13,-1.,1.5314108328672432E-12),(-2.5257573810222311E-13,-1.,1.5314108328672432E-12),(-2.5257573810222311E-13,-1.,1.5314108328672432E-12),(-1.7313928069029316E-13,-1.,2.165734258641706E-12),(-1.7313928069029316E-13,-1.,2.165734258641706E-12),(-1.7313928069029316E-13,-1.,2.165734258641706E-12),(-1.7313928069029316E-13,-1.,2.165734258641706E-12),(-5.3623772089395061E-14,1.,1.3926637620898714E-13),(-5.3623772089395061E-14,1.,1.3926637620898714E-13),(-5.3623772089395061E-14,1.,1.3926637620898714E-13),(-5.3623772089395061E-14,1.,1.3926637620898714E-13),(-5.3623772089395061E-14,1.,1.3926637620898714E-13),(-5.3623772089395061E-14,1.,1.3926637620898714E-13),(0.70710678118658832,0.70710678118650672,3.0630195097276671E-12),(0.70710678118658832,0.70710678118650672,3.0630195097276671E-12),(0.70710678118658832,0.70710678118650672,3.0630195097276671E-12),(0.70710678118658832,0.70710678118650672,3.0630195097276671E-12),(-0.70710678118667003,0.70710678118642512,2.0417492145602809E-12),(-0.70710678118667003,0.70710678118642512,2.0417492145602809E-12),(-0.70710678118667003,0.70710678118642512,2.0417492145602809E-12),(-0.70710678118667003,0.70710678118642512,2.0417492145602809E-12)),$,((3,2,1),(6,5,4),(7,4,5),(8,7,5),(9,8,5),(10,7,8),(2,8,9),(1,2,9),(11,1,9),(12,11,9),(15,14,13),(16,13,14),(19,18,17),(20,17,18),(23,22,21),(24,21,22),(25,21,24),(28,27,26),(29,26,27),(32,31,30),(33,30,31),(36,35,34),(37,34,35),(38,35,36),(39,37,35),(41,40,39),(37,39,40),(44,43,42),(45,42,43),(46,42,45),(49,48,47),(50,47,48),(53,52,51),(54,51,52),(57,56,55),(58,55,56),(61,60,59),(62,59,60),(65,64,63),(66,63,64),(69,68,67),(70,67,68),(73,72,71),(74,71,72),(77,76,75),(78,75,76),(81,80,79),(82,79,80),(85,84,83),(86,83,84),(87,86,84),(88,87,84),(91,90,89),(92,89,90),(95,94,93),(96,93,94)),$);
#354=IFCCARTESIANPOINTLIST3D(((53.999999999987722,-149.99999999996012,6.0640559240709988E-11),(50.000000000005954,5.775291356258094E-12,0.),(50.000000000000178,-149.99999999999477,0.),(-103.99999999998789,-149.9999999999832,-5.775291356258094E-12),(-54.000000000005045,4.0000000000395177,8.6629370343871402E-12),(-103.99999999999368,-45.999999999977987,-5.775291356258094E-12),(-53.999999999993491,-149.9999999999832,0.),(-49.999999999982855,1.732587406877428E-11,0.),(53.999999999999268,4.0000000000452927,4.6202330850064752E-11),(-49.999999999982855,-149.99999999999477,0.),(104.00000000000523,-149.9999999999832,6.0640559240709988E-11),(104.000000000011,-45.999999999977987,6.0640559240709988E-11),(-53.999999999993491,4.0000000000164162,80.000000000002018),(-53.999999999993491,-149.9999999999832,4.0000000000337419),(-53.999999999999268,4.0000000000221911,4.0000000000337419),(-53.999999999987722,-49.999999999977078,80.000000000002018),(-49.999999999982855,1.732587406877428E-11,80.000000000002018),(50.000000000005954,5.775291356258094E-12,0.),(-49.999999999982855,1.732587406877428E-11,0.),(50.000000000005954,5.775291356258094E-12,80.000000000002018),(49.999999999994401,-49.999999999965524,80.000000000002018),(50.000000000005954,5.775291356258094E-12,0.),(50.000000000005954,5.775291356258094E-12,80.000000000002018),(50.000000000000178,-149.99999999999477,0.),(50.000000000005954,-149.99999999997166,4.000000000001978),(54.000000000005045,-49.999999999977078,80.000000000002018),(50.000000000005954,-149.99999999997166,4.000000000001978),(49.999999999994401,-49.999999999965524,80.000000000002018),(53.999999999993491,-149.99999999996589,3.9999999999990901),(-53.999999999987722,-49.999999999977078,80.000000000002018),(-49.999999999994401,-149.99999999997743,4.0000000000337419),(-53.999999999993491,-149.9999999999832,4.0000000000337419),(-49.999999999988631,-49.999999999994401,80.000000000002018),(-53.999999999993491,4.0000000000164162,80.000000000002018),(-49.999999999982855,1.732587406877428E-11,80.000000000002018),(-53.999999999987722,-49.999999999977078,80.000000000002018),(54.000000000005045,4.000000000027967,80.000000000002018),(-49.999999999988631,-49.999999999994401,80.000000000002018),(50.000000000005954,5.775291356258094E-12,80.000000000002018),(54.000000000005045,-49.999999999977078,80.000000000002018),(49.999999999994401,-49.999999999965524,80.000000000002018),(-49.999999999982855,-149.99999999999477,0.),(-49.999999999982855,1.732587406877428E-11,80.000000000002018),(-49.999999999982855,1.732587406877428E-11,0.),(-49.999999999988631,-49.999999999994401,80.000000000002018),(-49.999999999994401,-149.99999999997743,4.0000000000337419),(50.000000000005954,-149.99999999997166,4.000000000001978),(53.999999999987722,-149.99999999996012,6.0640559240709988E-11),(50.000000000000178,-149.99999999999477,0.),(53.999999999993491,-149.99999999996589,3.9999999999990901),(-103.99999999998789,-149.9999999999832,4.0000000000250795),(-53.999999999993491,-149.9999999999832,0.),(-103.99999999998789,-149.9999999999832,-5.775291356258094E-12),(-53.999999999993491,-149.9999999999832,4.0000000000337419),(53.999999999999268,4.0000000000221911,3.9999999999990901),(54.000000000005045,-49.999999999977078,80.000000000002018),(54.000000000005045,4.000000000027967,80.000000000002018),(53.999999999993491,-149.99999999996589,3.9999999999990901),(104.000000000011,-45.999999999977987,6.0640559240709988E-11),(103.99999999999945,-149.99999999996012,4.0000000000626184),(103.99999999998789,-45.999999999966434,4.0000000000626184),(104.00000000000523,-149.9999999999832,6.0640559240709988E-11),(53.999999999999268,4.0000000000221911,3.9999999999990901),(103.99999999999945,-149.99999999996012,4.0000000000626184),(53.999999999993491,-149.99999999996589,3.9999999999990901),(103.99999999998789,-45.999999999966434,4.0000000000626184),(-103.99999999998789,-149.9999999999832,4.0000000000250795),(-103.99999999999368,-45.999999999977987,-5.775291356258094E-12),(-103.99999999999368,-45.999999999977987,4.0000000000250795),(-103.99999999998789,-149.9999999999832,-5.775291356258094E-12),(-53.999999999999268,4.0000000000221911,4.0000000000337419),(-103.99999999998789,-149.9999999999832,4.0000000000250795),(-103.99999999999368,-45.999999999977987,4.0000000000250795),(-53.999999999993491,-149.9999999999832,4.0000000000337419),(-53.999999999993491,-149.9999999999832,4.0000000000337419),(-49.999999999982855,-149.99999999999477,0.),(-53.999999999993491,-149.9999999999832,0.),(-49.999999999994401,-149.99999999997743,4.0000000000337419),(53.999999999993491,-149.99999999996589,3.9999999999990901),(104.00000000000523,-149.9999999999832,6.0640559240709988E-11),(53.999999999987722,-149.99999999996012,6.0640559240709988E-11),(103.99999999999945,-149.99999999996012,4.0000000000626184),(53.999999999999268,4.0000000000452927,4.6202330850064752E-11),(-53.999999999999268,4.0000000000221911,4.0000000000337419),(-54.000000000005045,4.0000000000395177,8.6629370343871402E-12),(53.999999999999268,4.0000000000221911,3.9999999999990901),(54.000000000005045,4.000000000027967,80.000000000002018),(-53.999999999993491,4.0000000000164162,80.000000000002018),(104.000000000011,-45.999999999977987,6.0640559240709988E-11),(53.999999999999268,4.0000000000221911,3.9999999999990901),(53.999999999999268,4.0000000000452927,4.6202330850064752E-11),(103.99999999998789,-45.999999999966434,4.0000000000626184),(-53.999999999999268,4.0000000000221911,4.0000000000337419),(-103.99999999999368,-45.999999999977987,-5.775291356258094E-12),(-54.000000000005045,4.0000000000395177,8.6629370343871402E-12),(-103.99999999999368,-45.999999999977987,4.0000000000250795)));
#355=IFCSTYLEDITEM(#353,(#356),$);
#356=IFCSURFACESTYLE('metal_steel-galvanized',.BOTH.,(#344));
#357=IFCSHAPEREPRESENTATION(#12,'Body','Tessellation',(#353));
#358=IFCPRODUCTDEFINITIONSHAPE($,$,(#357));
#359=IFCDISCRETEACCESSORY('2cc4uJUVv5BevbidUpn1H3',#1,'beam shoe','A robust shoe, providing stable support for beams.','shoe',#360,#369,'454425.1027891.979946.932084.2037920.2037924',$);
#360=IFCLOCALPLACEMENT(#202,#361);
#361=IFCAXIS2PLACEMENT3D(#362,#363,#364);
#362=IFCCARTESIANPOINT((4783.5786437625648,4600.0000000000164,509.31457505075321));
#363=IFCDIRECTION((0.,-1.,0.));
#364=IFCDIRECTION((0.70710678118659442,0.,-0.70710678118650061));
#365=IFCTRIANGULATEDFACESET(#366,((2.5100246280032962E-13,-5.1055527435344586E-13,-1.),(2.5100246280032962E-13,-5.1055527435344586E-13,-1.),(2.5100246280032962E-13,-5.1055527435344586E-13,-1.),(2.5100246280032962E-13,-5.1055527435344586E-13,-1.),(2.5100246280032962E-13,-5.1055527435344586E-13,-1.),(2.5100246280032962E-13,-5.1055527435344586E-13,-1.),(2.5100246280032962E-13,-5.1055527435344586E-13,-1.),(2.5100246280032962E-13,-5.1055527435344586E-13,-1.),(2.5100246280032962E-13,-5.1055527435344586E-13,-1.),(2.5100246280032962E-13,-5.1055527435344586E-13,-1.),(2.5100246280032962E-13,-5.1055527435344586E-13,-1.),(2.5100246280032962E-13,-5.1055527435344586E-13,-1.),(-1.,5.7898130734201901E-14,1.4894678357985549E-13),(-1.,5.7898130734201901E-14,1.4894678357985549E-13),(-1.,5.7898130734201901E-14,1.4894678357985549E-13),(-1.,5.7898130734201901E-14,1.4894678357985549E-13),(-6.872280522429719E-14,1.,0.),(-6.872280522429719E-14,1.,0.),(-6.872280522429719E-14,1.,0.),(-6.872280522429719E-14,1.,0.),(-1.,-7.6327832942979512E-14,-3.1103987408668347E-14),(-1.,-7.6327832942979512E-14,-3.1103987408668347E-14),(-1.,-7.6327832942979512E-14,-3.1103987408668347E-14),(-1.,-7.6327832942979512E-14,-3.1103987408668347E-14),(-1.,-7.6327832942979512E-14,-3.1103987408668347E-14),(3.7353453663513392E-13,0.60508326753356978,0.79616219412309353),(3.7353453663513392E-13,0.60508326753356978,0.79616219412309353),(3.7353453663513392E-13,0.60508326753356978,0.79616219412309353),(3.7353453663513392E-13,0.60508326753356978,0.79616219412309353),(-2.0949908474676704E-13,0.60508326753340724,0.79616219412321709),(-2.0949908474676704E-13,0.60508326753340724,0.79616219412321709),(-2.0949908474676704E-13,0.60508326753340724,0.79616219412321709),(-2.0949908474676704E-13,0.60508326753340724,0.79616219412321709),(0.,0.,1.),(0.,0.,1.),(0.,0.,1.),(0.,0.,1.),(0.,0.,1.),(0.,0.,1.),(0.,0.,1.),(0.,0.,1.),(1.,-2.9920510513647962E-14,-4.7737858935915131E-14),(1.,-2.9920510513647962E-14,-4.7737858935915131E-14),(1.,-2.9920510513647962E-14,-4.7737858935915131E-14),(1.,-2.9920510513647962E-14,-4.7737858935915131E-14),(1.,-2.9920510513647962E-14,-4.7737858935915131E-14),(4.7566395267040207E-12,1.,2.5204820306647365E-12),(4.7566395267040207E-12,1.,2.5204820306647365E-12),(4.7566395267040207E-12,1.,2.5204820306647365E-12),(4.7566395267040207E-12,1.,2.5204820306647365E-12),(1.1102230246251565E-16,1.,0.),(1.1102230246251565E-16,1.,0.),(1.1102230246251565E-16,1.,0.),(1.1102230246251565E-16,1.,0.),(1.,5.3734794391857564E-14,-7.5588181517279006E-14),(1.,5.3734794391857564E-14,-7.5588181517279006E-14),(1.,5.3734794391857564E-14,-7.5588181517279006E-14),(1.,5.3734794391857564E-14,-7.5588181517279006E-14),(1.,-2.7700064464397649E-14,3.6095570976613566E-12),(1.,-2.7700064464397649E-14,3.6095570976613566E-12),(1.,-2.7700064464397649E-14,3.6095570976613566E-12),(1.,-2.7700064464397649E-14,3.6095570976613566E-12),(-1.2416876415955632E-12,1.1208135741380136E-26,1.),(-1.2416876415955632E-12,1.1208135741380136E-26,1.),(-1.2416876415955632E-12,1.1208135741380136E-26,1.),(-1.2416876415955632E-12,1.1208135741380136E-26,1.),(-1.,5.5455640080026557E-14,0.),(-1.,5.5455640080026557E-14,0.),(-1.,5.5455640080026557E-14,0.),(-1.,5.5455640080026557E-14,0.),(-1.2994405551581886E-13,5.6040678706900679E-27,1.),(-1.2994405551581886E-13,5.6040678706900679E-27,1.),(-1.2994405551581886E-13,5.6040678706900679E-27,1.),(-1.2994405551581886E-13,5.6040678706900679E-27,1.),(-2.5257573810222311E-13,1.,1.5314108328672432E-12),(-2.5257573810222311E-13,1.,1.5314108328672432E-12),(-2.5257573810222311E-13,1.,1.5314108328672432E-12),(-2.5257573810222311E-13,1.,1.5314108328672432E-12),(-1.7313928069029316E-13,1.,2.165734258641706E-12),(-1.7313928069029316E-13,1.,2.165734258641706E-12),(-1.7313928069029316E-13,1.,2.165734258641706E-12),(-1.7313928069029316E-13,1.,2.165734258641706E-12),(-5.3623772089395061E-14,-1.,1.3926637620898714E-13),(-5.3623772089395061E-14,-1.,1.3926637620898714E-13),(-5.3623772089395061E-14,-1.,1.3926637620898714E-13),(-5.3623772089395061E-14,-1.,1.3926637620898714E-13),(-5.3623772089395061E-14,-1.,1.3926637620898714E-13),(-5.3623772089395061E-14,-1.,1.3926637620898714E-13),(0.70710678118658832,-0.70710678118650672,3.0630195097276671E-12),(0.70710678118658832,-0.70710678118650672,3.0630195097276671E-12),(0.70710678118658832,-0.70710678118650672,3.0630195097276671E-12),(0.70710678118658832,-0.70710678118650672,3.0630195097276671E-12),(-0.70710678118667003,-0.70710678118642512,2.0417492145602809E-12),(-0.70710678118667003,-0.70710678118642512,2.0417492145602809E-12),(-0.70710678118667003,-0.70710678118642512,2.0417492145602809E-12),(-0.70710678118667003,-0.70710678118642512,2.0417492145602809E-12)),$,((1,2,3),(4,5,6),(5,4,7),(5,7,8),(5,8,9),(8,7,10),(9,8,2),(9,2,1),(9,1,11),(9,11,12),(13,14,15),(14,13,16),(17,18,19),(18,17,20),(21,22,23),(22,21,24),(24,21,25),(26,27,28),(27,26,29),(30,31,32),(31,30,33),(34,35,36),(35,34,37),(36,35,38),(35,37,39),(39,40,41),(40,39,37),(42,43,44),(43,42,45),(45,42,46),(47,48,49),(48,47,50),(51,52,53),(52,51,54),(55,56,57),(56,55,58),(59,60,61),(60,59,62),(63,64,65),(64,63,66),(67,68,69),(68,67,70),(71,72,73),(72,71,74),(75,76,77),(76,75,78),(79,80,81),(80,79,82),(83,84,85),(84,83,86),(84,86,87),(84,87,88),(89,90,91),(90,89,92),(93,94,95),(94,93,96)),$);
#366=IFCCARTESIANPOINTLIST3D(((53.999999999987722,149.99999999996012,6.0640559240709988E-11),(50.000000000005954,-5.775291356258094E-12,0.),(50.000000000000178,149.99999999999477,0.),(-103.99999999998789,149.9999999999832,-5.775291356258094E-12),(-54.000000000005045,-4.0000000000395177,8.6629370343871402E-12),(-103.99999999999368,45.999999999977987,-5.775291356258094E-12),(-53.999999999993491,149.9999999999832,0.),(-49.999999999982855,-1.732587406877428E-11,0.),(53.999999999999268,-4.0000000000452927,4.6202330850064752E-11),(-49.999999999982855,149.99999999999477,0.),(104.00000000000523,149.9999999999832,6.0640559240709988E-11),(104.000000000011,45.999999999977987,6.0640559240709988E-11),(-53.999999999993491,-4.0000000000164162,80.000000000002018),(-53.999999999993491,149.9999999999832,4.0000000000337419),(-53.999999999999268,-4.0000000000221911,4.0000000000337419),(-53.999999999987722,49.999999999977078,80.000000000002018),(-49.999999999982855,-1.732587406877428E-11,80.000000000002018),(50.000000000005954,-5.775291356258094E-12,0.),(-49.999999999982855,-1.732587406877428E-11,0.),(50.000000000005954,-5.775291356258094E-12,80.000000000002018),(49.999999999994401,49.999999999965524,80.000000000002018),(50.000000000005954,-5.775291356258094E-12,0.),(50.000000000005954,-5.775291356258094E-12,80.000000000002018),(50.000000000000178,149.99999999999477,0.),(50.000000000005954,149.99999999997166,4.000000000001978),(54.000000000005045,49.999999999977078,80.000000000002018),(50.000000000005954,149.99999999997166,4.000000000001978),(49.999999999994401,49.999999999965524,80.000000000002018),(53.999999999993491,149.99999999996589,3.9999999999990901),(-53.999999999987722,49.999999999977078,80.000000000002018),(-49.999999999994401,149.99999999997743,4.0000000000337419),(-53.999999999993491,149.9999999999832,4.0000000000337419),(-49.999999999988631,49.999999999994401,80.000000000002018),(-53.999999999993491,-4.0000000000164162,80.000000000002018),(-49.999999999982855,-1.732587406877428E-11,80.000000000002018),(-53.999999999987722,49.999999999977078,80.000000000002018),(54.000000000005045,-4.000000000027967,80.000000000002018),(-49.999999999988631,49.999999999994401,80.000000000002018),(50.000000000005954,-5.775291356258094E-12,80.000000000002018),(54.000000000005045,49.999999999977078,80.000000000002018),(49.999999999994401,49.999999999965524,80.000000000002018),(-49.999999999982855,149.99999999999477,0.),(-49.999999999982855,-1.732587406877428E-11,80.000000000002018),(-49.999999999982855,-1.732587406877428E-11,0.),(-49.999999999988631,49.999999999994401,80.000000000002018),(-49.999999999994401,149.99999999997743,4.0000000000337419),(50.000000000005954,149.99999999997166,4.000000000001978),(53.999999999987722,149.99999999996012,6.0640559240709988E-11),(50.000000000000178,149.99999999999477,0.),(53.999999999993491,149.99999999996589,3.9999999999990901),(-103.99999999998789,149.9999999999832,4.0000000000250795),(-53.999999999993491,149.9999999999832,0.),(-103.99999999998789,149.9999999999832,-5.775291356258094E-12),(-53.999999999993491,149.9999999999832,4.0000000000337419),(53.999999999999268,-4.0000000000221911,3.9999999999990901),(54.000000000005045,49.999999999977078,80.000000000002018),(54.000000000005045,-4.000000000027967,80.000000000002018),(53.999999999993491,149.99999999996589,3.9999999999990901),(104.000000000011,45.999999999977987,6.0640559240709988E-11),(103.99999999999945,149.99999999996012,4.0000000000626184),(103.99999999998789,45.999999999966434,4.0000000000626184),(104.00000000000523,149.9999999999832,6.0640559240709988E-11),(53.999999999999268,-4.0000000000221911,3.9999999999990901),(103.99999999999945,149.99999999996012,4.0000000000626184),(53.999999999993491,149.99999999996589,3.9999999999990901),(103.99999999998789,45.999999999966434,4.0000000000626184),(-103.99999999998789,149.9999999999832,4.0000000000250795),(-103.99999999999368,45.999999999977987,-5.775291356258094E-12),(-103.99999999999368,45.999999999977987,4.0000000000250795),(-103.99999999998789,149.9999999999832,-5.775291356258094E-12),(-53.999999999999268,-4.0000000000221911,4.0000000000337419),(-103.99999999998789,149.9999999999832,4.0000000000250795),(-103.99999999999368,45.999999999977987,4.0000000000250795),(-53.999999999993491,149.9999999999832,4.0000000000337419),(-53.999999999993491,149.9999999999832,4.0000000000337419),(-49.999999999982855,149.99999999999477,0.),(-53.999999999993491,149.9999999999832,0.),(-49.999999999994401,149.99999999997743,4.0000000000337419),(53.999999999993491,149.99999999996589,3.9999999999990901),(104.00000000000523,149.9999999999832,6.0640559240709988E-11),(53.999999999987722,149.99999999996012,6.0640559240709988E-11),(103.99999999999945,149.99999999996012,4.0000000000626184),(53.999999999999268,-4.0000000000452927,4.6202330850064752E-11),(-53.999999999999268,-4.0000000000221911,4.0000000000337419),(-54.000000000005045,-4.0000000000395177,8.6629370343871402E-12),(53.999999999999268,-4.0000000000221911,3.9999999999990901),(54.000000000005045,-4.000000000027967,80.000000000002018),(-53.999999999993491,-4.0000000000164162,80.000000000002018),(104.000000000011,45.999999999977987,6.0640559240709988E-11),(53.999999999999268,-4.0000000000221911,3.9999999999990901),(53.999999999999268,-4.0000000000452927,4.6202330850064752E-11),(103.99999999998789,45.999999999966434,4.0000000000626184),(-53.999999999999268,-4.0000000000221911,4.0000000000337419),(-103.99999999999368,45.999999999977987,-5.775291356258094E-12),(-54.000000000005045,-4.0000000000395177,8.6629370343871402E-12),(-103.99999999999368,45.999999999977987,4.0000000000250795)));
#367=IFCSTYLEDITEM(#365,(#356),$);
#368=IFCSHAPEREPRESENTATION(#12,'Body','Tessellation',(#365));
#369=IFCPRODUCTDEFINITIONSHAPE($,$,(#368));
#370=IFCBUILDINGELEMENTPROXYTYPE('3mjKLn_DjE4Beriey9bTvr',#1,'origin','The local position for coordination of aspect models.',$,$,$,'1028017','origin',.USERDEFINED.);
#371=IFCRELDEFINESBYTYPE('21U96ixejDwQmHCVkbTd2U',#1,$,$,(#372),#370);
#372=IFCBUILDINGELEMENTPROXY('2F44QMqSH3TOkM$SZoqCBe',#1,'origin','The local position for coordination of aspect models.','origin',#378,#388,'454425.1027891.1032757',$);
#373=IFCSURFACESTYLERENDERING(#374,0.,$,$,$,$,$,$,.NOTDEFINED.);
#374=IFCCOLOURRGB($,1.,1.,1.);
#375=IFCRELASSOCIATESMATERIAL('1QcTgcyaP1C9MT3_T1ZeJj',#1,$,$,(#372),#376);
#376=IFCMATERIAL('virtual_white',$,$);
#377=IFCRELCONTAINEDINSPATIALSTRUCTURE('1$fZ6Kw2z1gv8psHFPkgK8',#1,$,$,(#372),#23);
#378=IFCLOCALPLACEMENT(#25,#379);
#379=IFCAXIS2PLACEMENT3D(#380,#381,#382);
#380=IFCCARTESIANPOINT((-5800.0000000000036,-5799.9999999999918,1300.));
#381=IFCDIRECTION((0.,0.,1.));
#382=IFCDIRECTION((1.,0.,0.));
#383=IFCTRIANGULATEDFACESET(#384,((1.,0.,0.),(1.,0.,0.),(1.,0.,0.),(1.,0.,0.),(0.,1.,0.),(0.,1.,0.),(0.,1.,0.),(0.,1.,0.),(0.,0.,-1.),(0.,0.,-1.),(0.,0.,-1.),(0.,0.,-1.),(-1.,0.,0.),(-1.,0.,0.),(-1.,0.,0.),(-1.,0.,0.),(0.,0.,1.),(0.,0.,1.),(0.,0.,1.),(0.,0.,1.),(0.,-1.,0.),(0.,-1.,0.),(0.,-1.,0.),(0.,-1.,0.)),$,((1,2,3),(2,1,4),(5,6,7),(6,5,8),(9,10,11),(10,9,12),(13,14,15),(14,13,16),(17,18,19),(18,17,20),(21,22,23),(22,21,24)),$);
#384=IFCCARTESIANPOINTLIST3D(((1000.0000000000007,1000.0000000000007,0.),(1000.0000000000007,0.,1000.),(1000.0000000000007,0.,0.),(1000.0000000000007,1000.0000000000007,1000.),(0.,1000.0000000000007,1000.),(1000.0000000000007,1000.0000000000007,0.),(0.,1000.0000000000007,0.),(1000.0000000000007,1000.0000000000007,1000.),(1000.0000000000007,1000.0000000000007,0.),(0.,0.,0.),(0.,1000.0000000000007,0.),(1000.0000000000007,0.,0.),(0.,1000.0000000000007,1000.),(0.,0.,0.),(0.,0.,1000.),(0.,1000.0000000000007,0.),(1000.0000000000007,0.,1000.),(0.,1000.0000000000007,1000.),(0.,0.,1000.),(1000.0000000000007,1000.0000000000007,1000.),(1000.0000000000007,0.,1000.),(0.,0.,0.),(1000.0000000000007,0.,0.),(0.,0.,1000.)));
#385=IFCSTYLEDITEM(#383,(#386),$);
#386=IFCSURFACESTYLE('virtual_white',.BOTH.,(#373));
#387=IFCSHAPEREPRESENTATION(#12,'Body','Tessellation',(#383));
#388=IFCPRODUCTDEFINITIONSHAPE($,$,(#387));
#389=IFCBUILDINGELEMENTPROXYTYPE('2IpkHFcdnD3xuZl6H52fWn',#1,'geo-reference','The reference point for transforming the local engineering coordinate system into the coordinate reference system of the underlying map.',$,$,$,'1028019','origin',.USERDEFINED.);
#390=IFCRELDEFINESBYTYPE('3530pFWy94WO4ESJ$CWAXG',#1,$,$,(#391),#389);
#391=IFCBUILDINGELEMENTPROXY('3Fit2Fad92zf2f6aWdJtF5',#1,'geo-reference','The reference point for transforming the local engineering coordinate system into the coordinate reference system of the underlying map.','origin',#397,#407,'454425.1032696',$);
#392=IFCSURFACESTYLERENDERING(#393,0.,$,$,$,$,$,$,.NOTDEFINED.);
#393=IFCCOLOURRGB($,0.,0.,0.);
#394=IFCRELASSOCIATESMATERIAL('2EBkr99ef9S8X3ZQxjf56M',#1,$,$,(#391),#395);
#395=IFCMATERIAL('virtual_black',$,$);
#396=IFCRELCONTAINEDINSPATIALSTRUCTURE('2bJlx3esj7PwpKPmyqpeJk',#1,$,$,(#391),#20);
#397=IFCLOCALPLACEMENT(#22,#398);
#398=IFCAXIS2PLACEMENT3D(#399,#400,#401);
#399=IFCCARTESIANPOINT((-28841.016151377524,-14199.999999999996,-1300.0000000000018));
#400=IFCDIRECTION((0.,0.,1.));
#401=IFCDIRECTION((0.49999999999999989,-0.86602540378443871,0.));
#402=IFCTRIANGULATEDFACESET(#403,((-1.,-1.1657341758564144E-15,-2.2207240682856108E-14),(-1.,-1.1657341758564144E-15,-2.2207240682856108E-14),(-1.,-1.1657341758564144E-15,-2.2207240682856108E-14),(-3.058371444293475E-33,2.634474752431885E-33,1.),(-3.058371444293475E-33,2.634474752431885E-33,1.),(-3.058371444293475E-33,2.634474752431885E-33,1.),(-3.058371444293475E-33,2.634474752431885E-33,1.),(-3.058371444293475E-33,2.634474752431885E-33,1.),(-3.058371444293475E-33,2.634474752431885E-33,1.),(-3.058371444293475E-33,2.634474752431885E-33,1.),(-3.058371444293475E-33,2.634474752431885E-33,1.),(-3.058371444293475E-33,2.634474752431885E-33,1.),(-3.058371444293475E-33,2.634474752431885E-33,1.),(-3.058371444293475E-33,2.634474752431885E-33,1.),(-3.058371444293475E-33,2.634474752431885E-33,1.),(-3.058371444293475E-33,2.634474752431885E-33,1.),(-3.058371444293475E-33,2.634474752431885E-33,1.),(-3.058371444293475E-33,2.634474752431885E-33,1.),(-3.058371444293475E-33,2.634474752431885E-33,1.),(-3.058371444293475E-33,2.634474752431885E-33,1.),(-3.058371444293475E-33,2.634474752431885E-33,1.),(-0.098017289746323732,0.99518471195591895,-2.3159229402544095E-15),(-0.098017289746323732,0.99518471195591895,-2.3159229402544095E-15),(-0.098017289746323732,0.99518471195591895,-2.3159229402544095E-15),(-6.8278716014447111E-15,1.,-4.5519153505666839E-13),(-6.8278716014447111E-15,1.,-4.5519153505666839E-13),(-6.8278716014447111E-15,1.,-4.5519153505666839E-13),(-0.99518471195591918,0.098017289746321679,-4.4606689675333081E-14),(-0.99518471195591918,0.098017289746321679,-4.4606689675333081E-14),(-0.99518471195591918,0.098017289746321679,-4.4606689675333081E-14),(0.38418346253058744,-0.9232567720401561,-2.9804492955481035E-16),(0.29028468175097144,-0.9569403343682078,-6.03167097886271E-16),(0.38118230962902555,-0.92449989011674949,-3.0803983309785086E-16),(0.,0.,-1.),(0.,0.,-1.),(0.,0.,-1.),(0.,0.,-1.),(0.,0.,-1.),(0.,0.,-1.),(0.,0.,-1.),(0.,0.,-1.),(0.,0.,-1.),(0.,0.,-1.),(0.,0.,-1.),(0.,0.,-1.),(0.,0.,-1.),(0.,0.,-1.),(0.,0.,-1.),(0.,0.,-1.),(0.,0.,-1.),(0.,0.,-1.),(1.1379786002407851E-14,1.,2.7200469777776519E-13),(1.1379786002407851E-14,1.,2.7200469777776519E-13),(1.1379786002407851E-14,1.,2.7200469777776519E-13),(0.9569403343682078,-0.29028468175097127,6.0316709788627129E-16),(0.92325677204015622,-0.38418346253058722,-3.6197686942115373E-17),(0.92449989011674949,-0.38118230962902538,-1.535768368246249E-17),(0.92325677204015622,-0.38418346253058722,-3.6197686942115373E-17),(0.88192130899940246,-0.47139665328975405,-6.5447428224671982E-16),(0.92449989011674949,-0.38118230962902538,-1.535768368246249E-17),(0.98078526529947441,-0.19509039794782235,-7.2849245770993973E-17),(0.9569403343682078,-0.29028468175097139,0.),(0.98078526532005972,-0.19509039784433332,-7.2849245849039372E-17),(0.99518471195591884,-0.098017289746325204,-1.4499691452028129E-16),(0.98078526529947441,-0.19509039794782235,-7.2849245770993973E-17),(0.98078526532005972,-0.19509039784433332,-7.2849245849039372E-17),(0.38418346253058744,-0.9232567720401561,-2.9804492955481035E-16),(0.38118230962902555,-0.92449989011674949,-3.0803983309785086E-16),(0.47139665328975439,-0.88192130899940235,0.),(0.88192130899940258,-0.47139665328975389,6.5447428224671972E-16),(0.83056616057993526,-0.55691996992342219,1.0860671536130761E-15),(0.83237089084896043,-0.55421900009590808,1.0721660721403312E-15),(-1.,6.106226635438361E-16,4.4414481365712235E-14),(-1.,6.106226635438361E-16,4.4414481365712235E-14),(-1.,6.106226635438361E-16,4.4414481365712235E-14),(0.19509039794782204,-0.98078526529947463,-3.7589202637270032E-16),(0.19509039784433291,-0.98078526532005972,-3.7589202612608722E-16),(0.29028468175097144,-0.9569403343682078,-6.031670978862709E-16),(-0.19509039777222231,0.98078526533440358,-2.6103612913489451E-16),(-0.19509039794782199,0.98078526529947463,-2.6103612942548567E-16),(-0.098017289746323982,0.99518471195591907,-1.0069230175019214E-16),(0.63439332934324144,-0.77301041628479861,-7.4668463932404944E-16),(0.70825433999326048,-0.70595735698462059,1.2373091710281315E-17),(0.70595735698462025,-0.70825433999326071,-1.237309171028144E-17),(-0.19509039777222231,0.98078526533440358,-2.6103612913489451E-16),(-0.29028468175097183,0.95694033436820769,-4.1886604019879957E-16),(-0.19509039794782199,0.98078526529947463,-2.6103612942548567E-16),(0.99518471195591895,-0.098017289746323899,-2.6824429186251285E-14),(0.99518471195591895,-0.098017289746323899,-2.6824429186251285E-14),(0.99518471195591895,-0.098017289746323899,-2.6824429186251285E-14),(0.77301041628479839,-0.63439332934324177,7.4668463932404914E-16),(0.70595735698462025,-0.70825433999326071,-1.237309171028144E-17),(0.70825433999326048,-0.70595735698462059,1.2373091710281315E-17),(-0.99518471195591884,0.098017289746325398,0.),(-0.98078526529947441,0.19509039794782265,2.1044637541785246E-16),(-0.98078526533440336,0.19509039777222312,2.1044637503529833E-16),(-0.98078526529947441,0.19509039794782265,2.1044637541785246E-16),(-0.95694033436820758,0.29028468175097177,4.1886604019879927E-16),(-0.98078526533440336,0.19509039777222312,2.1044637503529833E-16),(0.83056616057993526,-0.55691996992342219,1.0860671536130761E-15),(0.77301041628479839,-0.63439332934324177,1.4933692786480981E-15),(0.83237089084896043,-0.55421900009590808,1.0721660721403312E-15),(0.098017289746324371,-0.99518471195591895,-4.639901264648901E-15),(0.098017289746324371,-0.99518471195591895,-4.639901264648901E-15),(0.098017289746324371,-0.99518471195591895,-4.639901264648901E-15),(0.09801728974632451,-0.99518471195591895,-1.4499691452027885E-16),(0.19509039784433291,-0.98078526532005972,-3.7589202612608722E-16),(0.19509039794782204,-0.98078526529947463,-3.7589202637270032E-16),(0.55557021771560966,-0.831469622528346,4.6328260210644891E-17),(0.47139665328975483,-0.88192130899940202,-6.5447428224671992E-16),(0.55557021793905015,-0.83146962237904798,4.6328262131392623E-17),(0.55557021771560966,-0.831469622528346,4.6328260210644891E-17),(0.55557021793905015,-0.83146962237904798,4.6328262131392623E-17),(0.63439332934324155,-0.77301041628479861,7.4668463932404934E-16),(0.94471425471018777,0.32789476505027421,0.),(0.97699032349001214,0.21328363229953121,0.),(0.97699032349001214,0.21328363229953121,0.),(0.94471425471018777,0.32789476505027421,0.),(0.89575963291653848,0.44453872726369803,0.),(0.94471425471018777,0.32789476505027421,0.),(0.94471425471018777,0.32789476505027421,0.),(0.89575963291653848,0.44453872726369803,0.),(0.36763569523471507,-0.92996988961432925,0.),(0.24649919644888388,-0.96914299571841045,0.),(0.36763569523471507,-0.92996988961432925,0.),(0.24649919644888388,-0.96914299571841045,0.),(0.4866110292734116,-0.87361874189458133,0.),(0.36763569523471507,-0.92996988961432925,0.),(0.4866110292734116,-0.87361874189458133,0.),(0.36763569523471507,-0.92996988961432925,0.),(-0.52188823284931851,-0.85301387586217814,0.),(-0.63713827012403468,-0.77074952140325892,0.),(-0.52188823284931851,-0.85301387586217814,0.),(-0.63713827012403468,-0.77074952140325892,0.),(0.99424646999729671,-0.10711655753390543,0.),(0.97528196857666316,-0.22096398296833067,0.),(0.97528196857666316,-0.22096398296833067,0.),(0.99424646999729671,-0.10711655753390543,0.),(0.99999954367255484,-0.00095532961970731974,0.),(0.99424646999729671,-0.10711655753390543,0.),(0.99424646999729671,-0.10711655753390543,0.),(0.99999954367255484,-0.00095532961970731974,0.),(-0.72849437532700456,0.68505178279960521,0.),(-0.85767323566673848,0.51419511940599694,0.),(-0.85767323566673848,0.51419511940599694,0.),(-0.72849437532700456,0.68505178279960521,0.),(-0.72849437532700456,0.68505178279960521,0.),(-0.56691056644854565,0.82377934524300211,0.),(-0.72849437532700456,0.68505178279960521,0.),(-0.56691056644854565,0.82377934524300211,0.),(-0.37908385247768728,0.92536232514117145,0.),(-0.1834995529945839,0.98301979331587619,0.),(-0.37908385247768728,0.92536232514117145,0.),(-0.1834995529945839,0.98301979331587619,0.),(-0.1834995529945839,0.98301979331587619,0.),(-0.012947889549911789,0.99991617256458232,0.),(-0.1834995529945839,0.98301979331587619,0.),(-0.012947889549911789,0.99991617256458232,0.),(-0.56691056644854565,0.82377934524300211,0.),(-0.37908385247768728,0.92536232514117145,0.),(-0.56691056644854565,0.82377934524300211,0.),(-0.37908385247768728,0.92536232514117145,0.),(0.25678560352314495,0.96646839256297168,0.),(0.38760898056242665,0.92182388675242977,0.),(0.25678560352314495,0.96646839256297168,0.),(0.38760898056242665,0.92182388675242977,0.),(-0.021878265380184617,-0.99976064210587645,0.),(0.18338909196229686,-0.98304040656996627,0.),(-0.021878265380184617,-0.99976064210587645,0.),(0.18338909196229686,-0.98304040656996627,0.),(-0.27247815612298332,-0.96216196891990036,0.),(-0.021878265380184617,-0.99976064210587645,0.),(-0.27247815612298332,-0.96216196891990036,0.),(-0.021878265380184617,-0.99976064210587645,0.),(0.99465698704119343,0.10323506250366385,0.),(0.99999954367255484,-0.00095532961970731974,0.),(0.99999954367255484,-0.00095532961970731974,0.),(0.99465698704119343,0.10323506250366385,0.),(0.81721445894754396,-0.5763336950821748,0.),(0.72216892938929134,-0.69171673206936735,0.),(0.72216892938929134,-0.69171673206936735,0.),(0.81721445894754396,-0.5763336950821748,0.),(0.8893220941653559,-0.45728132788180387,0.),(0.81721445894754396,-0.5763336950821748,0.),(0.81721445894754396,-0.5763336950821748,0.),(0.8893220941653559,-0.45728132788180387,0.),(-0.98824867062674349,0.15285471862024486,0.),(-0.99979614953655815,-0.020190576313527841,0.),(-0.99979614953655815,-0.020190576313527841,0.),(-0.98824867062674349,0.15285471862024486,0.),(-0.94478484695849307,0.32769130741845615,0.),(-0.98824867062674349,0.15285471862024486,0.),(-0.98824867062674349,0.15285471862024486,0.),(-0.94478484695849307,0.32769130741845615,0.),(0.38760898056242665,0.92182388675242977,0.),(0.51208173063203166,0.85893672709513569,0.),(0.38760898056242665,0.92182388675242977,0.),(0.51208173063203166,0.85893672709513569,0.),(0.97699032349001214,0.21328363229953121,0.),(0.99465698704119343,0.10323506250366385,0.),(0.99465698704119343,0.10323506250366385,0.),(0.97699032349001214,0.21328363229953121,0.),(0.94532237096960314,0.32613741727132139,0.),(0.85984938504036634,0.51054777939552709,0.),(0.85984938504036634,0.51054777939552709,0.),(0.94532237096960314,0.32613741727132139,0.),(0.85984938504036634,0.51054777939552709,0.),(0.73457614289276185,0.67852626352470169,0.),(0.73457614289276185,0.67852626352470169,0.),(0.85984938504036634,0.51054777939552709,0.),(-0.99979614953655815,-0.020190576313527841,0.),(-0.97463602402286309,-0.22379593534491413,0.),(-0.97463602402286309,-0.22379593534491413,0.),(-0.99979614953655815,-0.020190576313527841,0.),(-0.97463602402286309,-0.22379593534491413,0.),(-0.90888500976649356,-0.41704680675166556,0.),(-0.90888500976649356,-0.41704680675166556,0.),(-0.97463602402286309,-0.22379593534491413,0.),(-0.90888500976649356,-0.41704680675166556,0.),(-0.83016103564629751,-0.55752368101692951,0.),(-0.83016103564629751,-0.55752368101692951,0.),(-0.90888500976649356,-0.41704680675166556,0.),(0.98829919662817123,0.15252769566249838,0.),(0.94532237096960314,0.32613741727132139,0.),(0.94532237096960314,0.32613741727132139,0.),(0.98829919662817123,0.15252769566249838,0.),(-0.85767323566673848,0.51419511940599694,0.),(-0.94478484695849307,0.32769130741845615,0.),(-0.94478484695849307,0.32769130741845615,0.),(-0.85767323566673848,0.51419511940599694,0.),(0.97528196857666316,-0.22096398296833067,0.),(0.94084758618760655,-0.33883007476455551,0.),(0.94084758618760655,-0.33883007476455551,0.),(0.97528196857666316,-0.22096398296833067,0.),(-0.00088755319409736418,-0.99999960612458638,0.),(-0.12780975406149545,-0.99179870274503801,0.),(-0.00088755319409736418,-0.99999960612458638,0.),(-0.12780975406149545,-0.99179870274503801,0.),(0.12233197847190952,-0.9924892377467619,0.),(-0.00088755319409736418,-0.99999960612458638,0.),(0.12233197847190952,-0.9924892377467619,0.),(-0.00088755319409736418,-0.99999960612458638,0.),(0.24649919644888388,-0.96914299571841045,0.),(0.12233197847190952,-0.9924892377467619,0.),(0.24649919644888388,-0.96914299571841045,0.),(0.12233197847190952,-0.9924892377467619,0.),(0.51208173063203166,0.85893672709513569,0.),(0.62919726815267751,0.77724564826649745,0.),(0.51208173063203166,0.85893672709513569,0.),(0.62919726815267751,0.77724564826649745,0.),(0.73628668145011655,0.67666972942431425,0.),(0.82664522583363109,0.56272344060512092,0.),(0.82664522583363109,0.56272344060512092,0.),(0.73628668145011655,0.67666972942431425,0.),(0.82664522583363109,0.56272344060512092,0.),(0.89575963291653848,0.44453872726369803,0.),(0.89575963291653848,0.44453872726369803,0.),(0.82664522583363109,0.56272344060512092,0.),(-0.012947889549911789,0.99991617256458232,0.),(0.12580746189129235,0.9920546771889498,0.),(-0.012947889549911789,0.99991617256458232,0.),(0.12580746189129235,0.9920546771889498,0.),(0.12580746189129235,0.9920546771889498,0.),(0.25678560352314495,0.96646839256297168,0.),(0.12580746189129235,0.9920546771889498,0.),(0.25678560352314495,0.96646839256297168,0.),(0.94084758618760655,-0.33883007476455551,0.),(0.8893220941653559,-0.45728132788180387,0.),(0.8893220941653559,-0.45728132788180387,0.),(0.94084758618760655,-0.33883007476455551,0.),(0.62919726815267751,0.77724564826649745,0.),(0.73628668145011655,0.67666972942431425,0.),(0.62919726815267751,0.77724564826649745,0.),(0.73628668145011655,0.67666972942431425,0.),(-0.12780975406149545,-0.99179870274503801,0.),(-0.26163236387882916,-0.96516760522262468,0.),(-0.12780975406149545,-0.99179870274503801,0.),(-0.26163236387882916,-0.96516760522262468,0.),(-0.39586511141738157,-0.91830867009002171,0.),(-0.52188823284931851,-0.85301387586217814,0.),(-0.39586511141738157,-0.91830867009002171,0.),(-0.52188823284931851,-0.85301387586217814,0.),(-0.83016103564629751,-0.55752368101692951,0.),(-0.74149837720706435,-0.67095466061373343,0.),(-0.74149837720706435,-0.67095466061373343,0.),(-0.83016103564629751,-0.55752368101692951,0.),(-0.63713827012403468,-0.77074952140325892,0.),(-0.74149837720706435,-0.67095466061373343,0.),(-0.63713827012403468,-0.77074952140325892,0.),(-0.74149837720706435,-0.67095466061373343,0.),(-0.26163236387882916,-0.96516760522262468,0.),(-0.39586511141738157,-0.91830867009002171,0.),(-0.26163236387882916,-0.96516760522262468,0.),(-0.39586511141738157,-0.91830867009002171,0.),(0.99998612527312725,0.0052677567557569398,0.),(0.98829919662817123,0.15252769566249838,0.),(0.98829919662817123,0.15252769566249838,0.),(0.99998612527312725,0.0052677567557569398,0.),(0.60789076581495716,-0.79402066524549908,0.),(0.4866110292734116,-0.87361874189458133,0.),(0.60789076581495716,-0.79402066524549908,0.),(0.4866110292734116,-0.87361874189458133,0.),(0.00029585143607892712,0.99999995623596294,0.),(-0.19223371225305855,0.98134917326780702,0.),(0.00029585143607892712,0.99999995623596294,0.),(-0.19223371225305855,0.98134917326780702,0.),(0.19272392771065497,0.98125301919931862,0.),(0.00029585143607892712,0.99999995623596294,0.),(0.19272392771065497,0.98125301919931862,0.),(0.00029585143607892712,0.99999995623596294,0.),(0.99080867056566502,-0.13527075933807681,0.),(0.99998612527312725,0.0052677567557569398,0.),(0.99998612527312725,0.0052677567557569398,0.),(0.99080867056566502,-0.13527075933807681,0.),(0.95191638078115548,-0.30635796709161373,0.),(0.99080867056566502,-0.13527075933807681,0.),(0.99080867056566502,-0.13527075933807681,0.),(0.95191638078115548,-0.30635796709161373,0.),(0.72216892938929134,-0.69171673206936735,0.),(0.60789076581495716,-0.79402066524549908,0.),(0.72216892938929134,-0.69171673206936735,0.),(0.60789076581495716,-0.79402066524549908,0.),(0.73457614289276185,0.67852626352470169,0.),(0.578454045877275,0.81571497277432126,0.),(0.73457614289276185,0.67852626352470169,0.),(0.578454045877275,0.81571497277432126,0.),(0.,-1.,0.),(0.,-1.,0.),(0.,-1.,0.),(0.,-1.,0.),(0.,-1.,0.),(0.,-1.,0.),(0.,-1.,0.),(0.,-1.,0.),(0.96439855220837067,-0.26445308184704269,0.),(0.96439855220837067,-0.26445308184704269,0.),(0.96439855220837067,-0.26445308184704269,0.),(0.96439855220837067,-0.26445308184704269,0.),(-0.96250827159100127,0.27125233108473634,0.),(-0.96720950419288365,0.25397987124761751,0.),(-0.96720950419288365,0.25397987124761751,0.),(-0.96250827159100127,0.27125233108473634,0.),(1.,0.,0.),(1.,0.,0.),(1.,0.,0.),(1.,0.,0.),(0.,0.,1.),(0.,0.,1.),(0.,0.,1.),(0.,0.,1.),(0.,0.,1.),(0.,0.,1.),(0.,0.,1.),(0.,0.,1.),(0.,0.,1.),(0.,0.,1.),(0.97699888778053867,0.21324439799345352,0.),(0.98364992979317956,0.18009113142482358,0.),(0.98364992979317956,0.18009113142482358,0.),(0.97699888778053867,0.21324439799345352,0.),(-0.97315760103204363,0.23013970442658913,0.),(-0.97480157851292271,0.22307371545907045,0.),(-0.97480157851292271,0.22307371545907045,0.),(-0.97315760103204363,0.23013970442658913,0.),(0.96683511104362974,-0.25540138616157154,0.),(0.96335710780617989,-0.26822207746438897,0.),(0.96335710780617989,-0.26822207746438897,0.),(0.96683511104362974,-0.25540138616157154,0.),(0.97014250014533288,-0.24253562503632958,0.),(0.96683511104362974,-0.25540138616157154,0.),(0.96683511104362974,-0.25540138616157154,0.),(0.97014250014533288,-0.24253562503632958,0.),(-0.96493380028554621,-0.26249335432824539,0.),(-0.96380168564778046,-0.26662016192046872,0.),(-0.96380168564778046,-0.26662016192046872,0.),(-0.96493380028554621,-0.26249335432824539,0.),(0.97411713207514827,0.2260438298155657,0.),(0.97678270164890557,0.21423247596819933,0.),(0.97678270164890557,0.21423247596819933,0.),(0.97411713207514827,0.2260438298155657,0.),(0.,0.,-1.),(0.,0.,-1.),(0.,0.,-1.),(0.,0.,-1.),(0.,0.,-1.),(0.,0.,-1.),(0.,0.,-1.),(0.,0.,-1.),(0.,0.,-1.),(0.,0.,-1.),(0.,0.,-1.),(0.,0.,-1.),(0.,0.,-1.),(0.,0.,-1.),(0.,0.,-1.),(0.,0.,-1.),(0.,0.,-1.),(0.,0.,-1.),(0.,0.,-1.),(0.,0.,-1.),(-0.96720950419288365,0.25397987124761751,0.),(-0.97160080470662868,0.2366260262385175,0.),(-0.97160080470662868,0.2366260262385175,0.),(-0.96720950419288365,0.25397987124761751,0.),(0.,0.,1.),(0.,0.,1.),(0.,0.,1.),(0.,0.,1.),(0.,0.,1.),(0.,0.,1.),(0.,0.,1.),(0.,0.,1.),(0.,0.,1.),(0.,0.,1.),(0.,0.,1.),(0.,0.,1.),(0.,0.,1.),(0.,0.,1.),(0.,0.,1.),(0.,0.,1.),(0.,0.,1.),(0.,0.,1.),(0.,0.,1.),(0.,0.,1.),(-0.53612248621204717,-0.8441402014936934,0.),(-0.27247815612298332,-0.96216196891990036,0.),(-0.53612248621204717,-0.8441402014936934,0.),(-0.27247815612298332,-0.96216196891990036,0.),(-0.75842198311894182,-0.65176383416229189,0.),(-0.53612248621204717,-0.8441402014936934,0.),(-0.75842198311894182,-0.65176383416229189,0.),(-0.53612248621204717,-0.8441402014936934,0.),(-0.98960704847748504,0.14379808623093912,0.),(-0.95011151022740969,0.31191043287038495,0.),(-0.95011151022740969,0.31191043287038495,0.),(-0.98960704847748504,0.14379808623093912,0.),(-0.95011151022740969,0.31191043287038495,0.),(-0.86754253017536076,0.4973630045921526,0.),(-0.86754253017536076,0.4973630045921526,0.),(-0.95011151022740969,0.31191043287038495,0.),(0.5444171631195075,-0.83881461152086978,0.),(0.70898708225858775,-0.70522146676803221,0.),(0.5444171631195075,-0.83881461152086978,0.),(0.70898708225858775,-0.70522146676803221,0.),(0.70898708225858775,-0.70522146676803221,0.),(0.85816959873567644,-0.51336628230323811,0.),(0.85816959873567644,-0.51336628230323811,0.),(0.70898708225858775,-0.70522146676803221,0.),(-0.86754253017536076,0.4973630045921526,0.),(-0.74117819907886329,0.67130833244509414,0.),(-0.74117819907886329,0.67130833244509414,0.),(-0.86754253017536076,0.4973630045921526,0.),(-0.58174212955385662,0.81337328128119868,0.),(-0.74117819907886329,0.67130833244509414,0.),(-0.58174212955385662,0.81337328128119868,0.),(-0.74117819907886329,0.67130833244509414,0.),(0.85816959873567644,-0.51336628230323811,0.),(0.95191638078115548,-0.30635796709161373,0.),(0.95191638078115548,-0.30635796709161373,0.),(0.85816959873567644,-0.51336628230323811,0.),(0.370770082790638,-0.92872468778827211,0.),(0.5444171631195075,-0.83881461152086978,0.),(0.370770082790638,-0.92872468778827211,0.),(0.5444171631195075,-0.83881461152086978,0.),(0.18338909196229686,-0.98304040656996627,0.),(0.370770082790638,-0.92872468778827211,0.),(0.18338909196229686,-0.98304040656996627,0.),(0.370770082790638,-0.92872468778827211,0.),(0.578454045877275,0.81571497277432126,0.),(0.392800811108307,0.91962357668377359,0.),(0.578454045877275,0.81571497277432126,0.),(0.392800811108307,0.91962357668377359,0.),(0.392800811108307,0.91962357668377359,0.),(0.19272392771065497,0.98125301919931862,0.),(0.392800811108307,0.91962357668377359,0.),(0.19272392771065497,0.98125301919931862,0.),(-0.90796825247071855,-0.41903896299183185,0.),(-0.98070601170516314,-0.19548841041185108,0.),(-0.98070601170516314,-0.19548841041185108,0.),(-0.90796825247071855,-0.41903896299183185,0.),(-0.98070601170516314,-0.19548841041185108,0.),(-0.99992914869269678,-0.011903679880554852,0.),(-0.99992914869269678,-0.011903679880554852,0.),(-0.98070601170516314,-0.19548841041185108,0.),(-0.19223371225305855,0.98134917326780702,0.),(-0.39352635970202737,0.91931333299352891,0.),(-0.19223371225305855,0.98134917326780702,0.),(-0.39352635970202737,0.91931333299352891,0.),(-0.75842198311894182,-0.65176383416229189,0.),(-0.90796825247071855,-0.41903896299183185,0.),(-0.90796825247071855,-0.41903896299183185,0.),(-0.75842198311894182,-0.65176383416229189,0.),(-0.39352635970202737,0.91931333299352891,0.),(-0.58174212955385662,0.81337328128119868,0.),(-0.39352635970202737,0.91931333299352891,0.),(-0.58174212955385662,0.81337328128119868,0.),(-0.99992914869269678,-0.011903679880554852,0.),(-0.98960704847748504,0.14379808623093912,0.),(-0.98960704847748504,0.14379808623093912,0.),(-0.99992914869269678,-0.011903679880554852,0.),(-0.97146240542771511,0.23719358094307266,0.),(-0.97315760103204363,0.23013970442658913,0.),(-0.97315760103204363,0.23013970442658913,0.),(-0.97146240542771511,0.23719358094307266,0.),(-0.96655155200070264,-0.25647241045584801,0.),(-0.96655155200070264,-0.25647241045584801,0.),(-0.96655155200070264,-0.25647241045584801,0.),(-0.96655155200070264,-0.25647241045584801,0.),(-0.96604824483897556,-0.25836173989879918,0.),(-0.96493380028554621,-0.26249335432824539,0.),(-0.96493380028554621,-0.26249335432824539,0.),(-0.96604824483897556,-0.25836173989879918,0.),(0.,1.,0.),(0.,1.,0.),(0.,1.,0.),(0.,1.,0.),(0.,1.,0.),(0.,1.,0.),(0.,1.,0.),(0.,1.,0.),(0.96220604582436642,0.2723224657993486,0.),(0.96580704170197496,0.25926194899923066,0.),(0.96580704170197496,0.25926194899923066,0.),(0.96220604582436642,0.2723224657993486,0.),(0.96580704170197496,0.25926194899923066,0.),(0.97699888778053867,0.21324439799345352,0.),(0.97699888778053867,0.21324439799345352,0.),(0.96580704170197496,0.25926194899923066,0.),(0.97678270164890557,0.21423247596819933,0.),(0.9793050618474799,0.20238971278181062,0.),(0.9793050618474799,0.20238971278181062,0.),(0.97678270164890557,0.21423247596819933,0.),(0.,1.,0.),(0.,1.,0.),(0.,1.,0.),(0.,1.,0.),(0.,1.,0.),(0.,1.,0.),(0.,1.,0.),(0.,1.,0.),(-1.,0.,0.),(-1.,0.,0.),(-1.,0.,0.),(-1.,0.,0.),(-1.,0.,0.),(-1.,0.,0.),(-1.,0.,0.),(-1.,0.,0.),(0.,-1.,0.),(0.,-1.,0.),(0.,-1.,0.),(0.,-1.,0.),(0.,1.,0.),(0.,1.,0.),(0.,1.,0.),(0.,1.,0.),(0.83116046288361112,0.55603262938347553,0.),(0.83116046288361112,0.55603262938347553,0.),(0.83116046288361112,0.55603262938347553,0.),(0.83116046288361112,0.55603262938347553,0.),(0.,0.,-1.),(0.,0.,-1.),(0.,0.,-1.),(0.,0.,-1.),(0.,0.,-1.),(0.,0.,-1.),(0.,0.,-1.),(0.,0.,-1.),(0.,0.,-1.),(0.,0.,-1.),(0.,-1.,0.),(0.,-1.,0.),(0.,-1.,0.),(0.,-1.,0.),(-0.83138352160901052,-0.55569905524213392,0.),(-0.83138352160901052,-0.55569905524213392,0.),(-0.83138352160901052,-0.55569905524213392,0.),(-0.83138352160901052,-0.55569905524213392,0.),(1.,0.,0.),(1.,0.,0.),(1.,0.,0.),(1.,0.,0.),(0.99518471195591884,-0.098017289746325204,-2.2152306385042895E-15),(0.99518471195591884,-0.098017289746325204,-2.2152306385042895E-15),(0.99518471195591884,-0.098017289746325204,-2.2152306385042895E-15),(-0.77301054756461562,0.63439316937830681,-1.037061631300868E-15),(-0.70903651863340555,0.7051717629373857,-2.891405030981631E-17),(-0.70517176293738626,0.70903651863340489,2.8914050309807041E-17),(-0.70517176293738626,0.70903651863340489,2.8914050309807041E-17),(-0.70903651863340555,0.7051717629373857,-2.891405030981631E-17),(-0.63439316937830692,0.77301054756461574,1.037061631300868E-15),(0.,0.,-1.),(0.,0.,-1.),(0.,0.,-1.),(0.,0.,-1.),(0.,0.,-1.),(0.,0.,-1.),(0.,0.,-1.),(0.,0.,-1.),(0.,0.,-1.),(0.,0.,-1.),(0.,0.,-1.),(0.,0.,-1.),(0.,0.,-1.),(0.,0.,-1.),(0.,0.,-1.),(0.,0.,-1.),(0.,0.,-1.),(0.,0.,-1.),(0.98024846214966488,-0.19776994830665565,2.1628473773691467E-16),(0.99518471195591884,-0.098017289746325398,0.),(0.98131474383443706,-0.19240939044951394,2.0460644107180427E-16),(1.8858807962836784E-33,-1.6032830017092906E-33,1.),(1.8858807962836784E-33,-1.6032830017092906E-33,1.),(1.8858807962836784E-33,-1.6032830017092906E-33,1.),(1.8858807962836784E-33,-1.6032830017092906E-33,1.),(1.8858807962836784E-33,-1.6032830017092906E-33,1.),(1.8858807962836784E-33,-1.6032830017092906E-33,1.),(1.8858807962836784E-33,-1.6032830017092906E-33,1.),(1.8858807962836784E-33,-1.6032830017092906E-33,1.),(1.8858807962836784E-33,-1.6032830017092906E-33,1.),(1.8858807962836784E-33,-1.6032830017092906E-33,1.),(1.8858807962836784E-33,-1.6032830017092906E-33,1.),(1.8858807962836784E-33,-1.6032830017092906E-33,1.),(1.8858807962836784E-33,-1.6032830017092906E-33,1.),(1.8858807962836784E-33,-1.6032830017092906E-33,1.),(1.8858807962836784E-33,-1.6032830017092906E-33,1.),(1.8858807962836784E-33,-1.6032830017092906E-33,1.),(1.8858807962836784E-33,-1.6032830017092906E-33,1.),(1.8858807962836784E-33,-1.6032830017092906E-33,1.),(1.,-8.0491169285323833E-15,-1.1094807944331713E-14),(1.,-8.0491169285323833E-15,-1.1094807944331713E-14),(1.,-8.0491169285323833E-15,-1.1094807944331713E-14),(0.38015729559485173,-0.92492185108040825,-2.1628474042124829E-16),(0.47139685308291951,-0.88192120220772585,0.),(0.38520683757842877,-0.92283026190238582,-2.0460644381602488E-16),(0.38015729559485173,-0.92492185108040825,-2.1628474042124829E-16),(0.38520683757842877,-0.92283026190238582,-2.0460644381602488E-16),(0.29028468175097183,-0.95694033436820769,-4.1886604019879967E-16),(0.098017289746323732,-0.99518471195591895,-1.1076153192521093E-15),(0.098017289746323732,-0.99518471195591895,-1.1076153192521093E-15),(0.098017289746323732,-0.99518471195591895,-1.1076153192521093E-15),(0.19509039777222154,-0.98078526533440369,0.),(0.29028468175097183,-0.95694033436820769,0.),(0.19509039794782199,-0.98078526529947463,0.),(-0.38015729559485223,0.92492185108040781,-2.1628474042124711E-16),(-0.47139685308291973,0.88192120220772563,0.),(-0.38520683757842855,0.92283026190238604,-2.0460644381602579E-16),(-0.8329847671892634,0.5532959222971453,-2.5329039349805858E-16),(-0.77301054756461562,0.63439316937830681,-5.1853081565043388E-16),(-0.82994825726645227,0.55784038062906383,-2.67747417674756E-16),(1.,-1.6653345369377348E-16,-3.219697403130282E-13),(1.,-1.6653345369377348E-16,-3.219697403130282E-13),(1.,-1.6653345369377348E-16,-3.219697403130282E-13),(9.9920072216264089E-16,-1.,-2.2204465124715539E-14),(9.9920072216264089E-16,-1.,-2.2204465124715539E-14),(9.9920072216264089E-16,-1.,-2.2204465124715539E-14),(-0.38015729559485223,0.92492185108040781,-2.1628474042124711E-16),(-0.38520683757842855,0.92283026190238604,-2.0460644381602579E-16),(-0.29028468175097183,0.95694033436820769,-4.1886604019879957E-16),(-0.95694033436820769,0.290284681750972,-4.1886604019879957E-16),(-0.92387950628175197,0.38268349568878246,-2.1044637764329193E-16),(-0.92387950638908756,0.38268349542965163,-2.1044637824259521E-16),(-0.55329592229714475,0.83298476718926395,7.412633709769445E-16),(-0.55784038062906371,0.82994825726645249,7.5750573116743628E-16),(-0.47139685308291973,0.88192120220772563,4.5449607876486333E-16),(-0.55329592229714475,0.83298476718926395,7.412633709769445E-16),(-0.63439316937830692,0.77301054756461574,1.0370616313008684E-15),(-0.55784038062906371,0.82994825726645249,7.5750573116743628E-16),(-0.92387950628175197,0.38268349568878246,-2.1044637764329193E-16),(-0.88192120220772596,0.47139685308291968,0.),(-0.92387950638908756,0.38268349542965163,-2.1044637824259521E-16),(-0.88192120220772596,0.47139685308291968,0.),(-0.8329847671892634,0.5532959222971453,-2.5329039349805858E-16),(-0.82994825726645227,0.55784038062906383,-2.67747417674756E-16),(-0.098017289746324371,0.99518471195591895,3.1319333536380071E-14),(-0.098017289746324371,0.99518471195591895,3.1319333536380071E-14),(-0.098017289746324371,0.99518471195591895,3.1319333536380071E-14),(-6.106226635438361E-16,-1.,3.8857813968252167E-14),(-6.106226635438361E-16,-1.,3.8857813968252167E-14),(-6.106226635438361E-16,-1.,3.8857813968252167E-14),(0.19509039777222154,-0.98078526533440369,0.),(0.19509039794782199,-0.98078526529947463,0.),(0.098017289746323982,-0.99518471195591907,0.),(-0.99518471195591873,0.098017289746325842,-3.9149166920475933E-15),(-0.99518471195591873,0.098017289746325842,-3.9149166920475933E-15),(-0.99518471195591873,0.098017289746325842,-3.9149166920475933E-15),(0.9569403343682078,-0.29028468175097116,4.1886604019879917E-16),(0.98024846214966488,-0.19776994830665565,2.1628473773691467E-16),(0.98131474383443706,-0.19240939044951394,2.0460644107180427E-16),(0.77301054756461585,-0.6343931693783067,-5.1853081565043427E-16),(0.82994825726645227,-0.55784038062906394,-4.8975831349268067E-16),(0.83298476718926351,-0.55329592229714497,-4.8797297747888769E-16),(0.82994825726645227,-0.55784038062906394,-4.8975831349268067E-16),(0.88192120220772519,-0.47139685308292051,-4.5449607876486254E-16),(0.83298476718926351,-0.55329592229714497,-4.8797297747888769E-16),(-0.98110083975926743,0.19349713750766509,0.),(-0.99518471195591873,0.098017289746325786,0.),(-0.98046710348409882,0.19668314362319367,0.),(-0.9569403343682078,0.29028468175097139,0.),(-0.98110083975926743,0.19349713750766509,0.),(-0.98046710348409882,0.19668314362319367,0.),(-0.63439332934324144,0.77301041628479861,-7.4668463932404944E-16),(-0.7082543399932606,0.70595735698462059,1.2373091710282228E-17),(-0.70595735698462037,0.70825433999326071,-1.2373091710280924E-17),(-0.7082543399932606,0.70595735698462059,1.2373091710282228E-17),(-0.77301041628479839,0.63439332934324177,7.4668463932404914E-16),(-0.70595735698462037,0.70825433999326071,-1.2373091710280924E-17),(-0.83237089084896043,0.55421900009590797,7.3792345110787028E-16),(-0.88192130899940258,0.47139665328975389,0.),(-0.83056616057993515,0.55691996992342208,7.6266963281118777E-16),(-0.77301041628479839,0.63439332934324177,1.4933692786480981E-15),(-0.83237089084896043,0.55421900009590797,7.3792345110787028E-16),(-0.83056616057993515,0.55691996992342208,7.6266963281118777E-16),(-0.19349713750766342,0.98110083975926776,-2.2399442865656412E-16),(-0.1966831436231922,0.98046710348409905,-2.3639203333656481E-16),(-0.29028468175097122,0.95694033436820791,-6.0316709788627129E-16),(-0.92449989011674949,0.38118230962902538,-1.535768368246261E-17),(-0.9569403343682078,0.29028468175097127,6.0316709788627129E-16),(-0.92325677204015633,0.38418346253058733,-3.6197686942115921E-17),(-0.88192130899940246,0.47139665328975405,-6.5447428224671982E-16),(-0.92449989011674949,0.38118230962902538,-1.535768368246261E-17),(-0.92325677204015633,0.38418346253058733,-3.6197686942115921E-17),(-0.098017289746322595,0.99518471195591918,1.4499691452027345E-16),(-0.1966831436231922,0.98046710348409905,-2.3639203333656481E-16),(-0.19349713750766342,0.98110083975926776,-2.2399442865656412E-16),(-0.38118230962902555,0.92449989011674938,0.),(-0.38418346253058749,0.9232567720401561,0.),(-0.47139665328975439,0.88192130899940235,0.),(-0.29028468175097144,0.9569403343682078,0.),(-0.38418346253058749,0.9232567720401561,0.),(-0.38118230962902555,0.92449989011674938,0.),(-0.47139665328975439,0.88192130899940235,0.),(-0.55691996992342219,0.83056616057993504,7.6266963281118817E-16),(-0.55421900009590797,0.83237089084896054,7.3792345110786909E-16),(-0.55421900009590797,0.83237089084896054,7.3792345110786909E-16),(-0.55691996992342219,0.83056616057993504,7.6266963281118817E-16),(-0.63439332934324155,0.77301041628479861,1.4933692786480987E-15),(0.70517176293738582,-0.70903651863340544,-1.0276186279282801E-15),(0.709036518633405,-0.70517176293738626,-1.0565326782380913E-15),(0.63439316937830692,-0.77301054756461574,-5.1853081565043368E-16),(0.88192120220772519,-0.47139685308292051,-9.0899215752972508E-16),(0.92283026190238582,-0.38520683757842911,-2.6475873386022617E-16),(0.92492185108040792,-0.3801572955948524,-2.2773706011676267E-16),(0.55329592229714541,-0.83298476718926329,2.3468258398082906E-16),(0.55784038062906394,-0.82994825726645227,2.2201089581792419E-16),(0.47139685308291951,-0.88192120220772585,4.5449607876486284E-16),(0.55329592229714541,-0.83298476718926329,2.3468258398082906E-16),(0.63439316937830692,-0.77301054756461574,0.),(0.55784038062906394,-0.82994825726645227,2.2201089581792419E-16),(0.92283026190238582,-0.38520683757842911,-2.6475873386022617E-16),(0.9569403343682078,-0.29028468175097116,4.1886604019879917E-16),(0.92492185108040792,-0.3801572955948524,-2.2773706011676267E-16),(0.70517176293738582,-0.70903651863340544,-1.0276186279282801E-15),(0.77301054756461596,-0.63439316937830648,-1.5555924469513031E-15),(0.709036518633405,-0.70517176293738626,-1.0565326782380913E-15),(0.,0.,-1.),(0.,0.,-1.),(0.,0.,-1.),(0.,0.,-1.),(0.,0.,-1.),(0.,0.,-1.),(0.,0.,-1.),(0.,0.,-1.),(0.,0.,-1.),(0.,0.,-1.),(0.,0.,-1.),(0.,0.,-1.),(0.,0.,-1.),(0.,0.,-1.),(0.,0.,-1.),(0.,0.,-1.),(0.,0.,-1.),(0.,0.,-1.),(0.,0.,-1.),(0.,0.,-1.),(0.,0.,-1.),(0.,0.,-1.),(0.,0.,-1.),(0.,0.,-1.),(0.,0.,-1.),(0.,0.,-1.),(0.,0.,-1.),(0.,0.,-1.),(0.,0.,-1.),(0.,0.,-1.),(0.,0.,-1.),(0.,0.,-1.),(0.,0.,-1.),(0.,0.,-1.),(0.,0.,-1.),(0.,0.,-1.),(0.,0.,-1.),(0.,0.,-1.),(0.,0.,-1.),(0.,0.,-1.),(0.,0.,-1.),(0.,0.,-1.),(0.,0.,-1.),(0.,0.,-1.),(0.,0.,-1.),(0.,0.,-1.),(0.,0.,-1.),(0.,0.,-1.),(0.,0.,-1.),(0.,0.,-1.),(0.,0.,-1.),(0.,0.,-1.),(0.,0.,-1.),(0.,0.,-1.),(0.,0.,-1.),(0.,0.,-1.),(0.,0.,-1.),(0.,0.,-1.),(0.,0.,-1.),(0.,0.,-1.),(0.,0.,-1.),(0.,0.,-1.),(0.,0.,-1.),(0.,0.,-1.),(0.,0.,-1.),(0.,0.,-1.),(0.,0.,-1.),(0.,0.,-1.),(0.,0.,-1.),(0.,0.,-1.),(0.,0.,-1.),(0.,0.,-1.),(0.,0.,1.),(0.,0.,1.),(0.,0.,1.),(0.,0.,1.),(0.,0.,1.),(0.,0.,1.),(0.,0.,1.),(0.,0.,1.),(0.,0.,1.),(0.,0.,1.),(0.,0.,1.),(0.,0.,1.),(0.,0.,1.),(0.,0.,1.),(0.,0.,1.),(0.,0.,1.),(0.,0.,1.),(0.,0.,1.),(0.,0.,1.),(0.,0.,1.),(0.,0.,1.),(0.,0.,1.),(0.,0.,1.),(0.,0.,1.),(0.,0.,1.),(0.,0.,1.),(0.,0.,1.),(0.,0.,1.),(0.,0.,1.),(0.,0.,1.),(0.,0.,1.),(0.,0.,1.),(0.,0.,1.),(0.,0.,1.),(0.,0.,1.),(0.,0.,1.),(0.,0.,1.),(0.,0.,1.),(0.,0.,1.),(0.,0.,1.),(0.,0.,1.),(0.,0.,1.),(0.,0.,1.),(0.,0.,1.),(0.,0.,1.),(0.,0.,1.),(0.,0.,1.),(0.,0.,1.),(0.,0.,1.),(0.,0.,1.),(0.,0.,1.),(0.,0.,1.),(0.,0.,1.),(0.,0.,1.),(0.,0.,1.),(0.,0.,1.),(0.,0.,1.),(0.,0.,1.),(0.,0.,1.),(0.,0.,1.),(0.,0.,1.),(0.,0.,1.),(0.,0.,1.),(0.,0.,1.),(0.,0.,1.),(0.,0.,1.),(0.,0.,1.),(0.,0.,1.),(0.,0.,1.),(0.,0.,1.),(0.,0.,1.),(0.,0.,1.),(0.,0.,-1.),(0.,0.,-1.),(0.,0.,-1.),(0.,0.,-1.),(0.,0.,1.),(0.,0.,1.),(0.,0.,1.),(0.,0.,1.),(0.,-1.,0.),(0.,-1.,0.),(0.,-1.,0.),(0.,-1.,0.),(-1.,0.,0.),(-1.,0.,0.),(-1.,0.,0.),(-1.,0.,0.),(0.,1.,0.),(0.,1.,0.),(0.,1.,0.),(0.,1.,0.),(1.,0.,0.),(1.,0.,0.),(1.,0.,0.),(1.,0.,0.),(0.,0.,-1.),(0.,0.,-1.),(0.,0.,-1.),(0.,0.,-1.),(0.,0.,-1.),(0.,0.,-1.),(0.,0.,-1.),(0.,0.,-1.),(0.,0.,-1.),(0.,0.,-1.),(0.,0.,-1.),(0.,0.,-1.),(0.,0.,-1.),(0.,0.,-1.),(0.,0.,-1.),(0.,0.,-1.),(0.,0.,-1.),(0.,0.,-1.),(0.,0.,-1.),(0.,0.,-1.),(0.,0.,-1.),(0.,0.,-1.),(0.,0.,-1.),(0.,0.,-1.),(0.,0.,-1.),(0.,0.,-1.),(0.,0.,-1.),(0.,0.,-1.),(0.,0.,-1.),(0.,0.,-1.),(0.,0.,-1.),(0.,0.,-1.),(0.,0.,-1.),(0.,0.,-1.),(0.,0.,-1.),(0.,0.,-1.),(0.,0.,-1.),(0.,0.,-1.),(0.,0.,-1.),(0.,0.,-1.),(0.,0.,-1.),(0.,0.,-1.),(0.,0.,-1.),(0.,0.,-1.),(0.,0.,-1.),(0.,0.,-1.),(0.,0.,-1.),(0.,0.,-1.),(0.,0.,-1.),(0.,0.,-1.),(0.,0.,-1.),(0.,0.,-1.),(0.,0.,-1.),(0.,0.,-1.),(0.,0.,-1.),(0.,0.,-1.),(0.,0.,-1.),(0.,0.,-1.),(0.,0.,-1.),(0.,0.,-1.),(0.,0.,-1.),(0.,0.,-1.),(0.,0.,-1.),(0.,0.,-1.),(0.,0.,-1.),(0.,0.,-1.),(0.,0.,-1.),(0.,0.,-1.),(0.,0.,-1.),(0.,0.,-1.),(0.,0.,1.),(0.,0.,1.),(0.,0.,1.),(0.,0.,1.),(0.,0.,1.),(0.,0.,1.),(0.,0.,1.),(0.,0.,1.),(0.,0.,1.),(0.,0.,1.),(0.,0.,1.),(0.,0.,1.),(0.,0.,1.),(0.,0.,1.),(0.,0.,1.),(0.,0.,1.),(0.,0.,1.),(0.,0.,1.),(0.,0.,1.),(0.,0.,1.),(0.,0.,1.),(0.,0.,1.),(0.,0.,1.),(0.,0.,1.),(0.,0.,1.),(0.,0.,1.),(0.,0.,1.),(0.,0.,1.),(0.,0.,1.),(0.,0.,1.),(0.,0.,1.),(0.,0.,1.),(0.,0.,1.),(0.,0.,1.),(0.,0.,1.),(0.,0.,1.),(0.,0.,1.),(0.,0.,1.),(0.,0.,1.),(0.,0.,1.),(0.,0.,1.),(0.,0.,1.),(0.,0.,1.),(0.,0.,1.),(0.,0.,1.),(0.,0.,1.),(0.,0.,1.),(0.,0.,1.),(0.,0.,1.),(0.,0.,1.),(0.,0.,1.),(0.,0.,1.),(0.,0.,1.),(0.,0.,1.),(0.,0.,1.),(0.,0.,1.),(0.,0.,1.),(0.,0.,1.),(0.,0.,1.),(0.,0.,1.),(0.,0.,1.),(0.,0.,1.),(0.,0.,1.),(0.,0.,1.),(0.,0.,1.),(0.,0.,1.),(0.,0.,1.),(0.,0.,1.),(0.,0.,1.),(0.,0.,1.),(-0.087099420680203876,0.9961996240298292,0.),(-0.087099420680203876,0.9961996240298292,0.),(-0.087099420680203876,0.9961996240298292,0.),(-0.087099420680203876,0.9961996240298292,0.),(0.97746182855712682,0.21111223013780628,0.),(0.94552080710731545,0.32556167361520105,0.),(0.94552080710731545,0.32556167361520105,0.),(0.97746182855712682,0.21111223013780628,0.),(0.94552080710731545,0.32556167361520105,0.),(0.82228120474032995,0.56908138287137078,0.),(0.82228120474032995,0.56908138287137078,0.),(0.94552080710731545,0.32556167361520105,0.),(0.82228120474032995,0.56908138287137078,0.),(0.61899196367046905,0.78539731913941313,0.),(0.61899196367046905,0.78539731913941313,0.),(0.82228120474032995,0.56908138287137078,0.),(0.61899196367046905,0.78539731913941313,0.),(0.3996723632402599,0.91665806169036967,0.),(0.61899196367046905,0.78539731913941313,0.),(0.3996723632402599,0.91665806169036967,0.),(0.3996723632402599,0.91665806169036967,0.),(0.19339585438116996,0.98112080984360817,0.),(0.3996723632402599,0.91665806169036967,0.),(0.19339585438116996,0.98112080984360817,0.),(0.19339585438116996,0.98112080984360817,0.),(0.0062700848272640893,0.9999803428249272,0.),(0.19339585438116996,0.98112080984360817,0.),(0.0062700848272640893,0.9999803428249272,0.),(0.0062700848272640893,0.9999803428249272,0.),(-0.1706379345644615,0.98533379891667916,0.),(0.0062700848272640893,0.9999803428249272,0.),(-0.1706379345644615,0.98533379891667916,0.),(-0.1706379345644615,0.98533379891667916,0.),(-0.36619292031781997,0.930538954106225,0.),(-0.1706379345644615,0.98533379891667916,0.),(-0.36619292031781997,0.930538954106225,0.),(-0.36619292031781997,0.930538954106225,0.),(-0.58971775882297761,0.80760941359595628,0.),(-0.36619292031781997,0.930538954106225,0.),(-0.58971775882297761,0.80760941359595628,0.),(-0.58971775882297761,0.80760941359595628,0.),(-0.80426390651809132,0.59427230178787471,0.),(-0.58971775882297761,0.80760941359595628,0.),(-0.80426390651809132,0.59427230178787471,0.),(-0.95000763702587887,0.31222666380773162,0.),(-0.80426390651809132,0.59427230178787471,0.),(-0.80426390651809132,0.59427230178787471,0.),(-0.95000763702587887,0.31222666380773162,0.),(-0.99999813178113695,0.0019329858344537881,0.),(-0.95000763702587887,0.31222666380773162,0.),(-0.95000763702587887,0.31222666380773162,0.),(-0.99999813178113695,0.0019329858344537881,0.),(-0.94824598252633308,-0.31753670122155864,0.),(-0.99999813178113695,0.0019329858344537881,0.),(-0.99999813178113695,0.0019329858344537881,0.),(-0.94824598252633308,-0.31753670122155864,0.),(-0.78564416376061408,-0.61867863059013573,0.),(-0.94824598252633308,-0.31753670122155864,0.),(-0.94824598252633308,-0.31753670122155864,0.),(-0.78564416376061408,-0.61867863059013573,0.),(-0.78564416376061408,-0.61867863059013573,0.),(-0.56020221884652788,-0.8283558860776129,0.),(-0.78564416376061408,-0.61867863059013573,0.),(-0.56020221884652788,-0.8283558860776129,0.),(-0.56020221884652788,-0.8283558860776129,0.),(-0.35565487410571323,-0.93461736048762201,0.),(-0.56020221884652788,-0.8283558860776129,0.),(-0.35565487410571323,-0.93461736048762201,0.),(-0.35565487410571323,-0.93461736048762201,0.),(-0.26440670812591383,-0.96441126740515526,0.),(-0.35565487410571323,-0.93461736048762201,0.),(-0.26440670812591383,-0.96441126740515526,0.),(-0.26440670812591383,-0.96441126740515526,0.),(-0.31804261441887,-0.94807641855159019,0.),(-0.26440670812591383,-0.96441126740515526,0.),(-0.31804261441887,-0.94807641855159019,0.),(-0.31804261441887,-0.94807641855159019,0.),(-0.46692550000307709,-0.88429665692395143,0.),(-0.31804261441887,-0.94807641855159019,0.),(-0.46692550000307709,-0.88429665692395143,0.),(-0.46692550000307709,-0.88429665692395143,0.),(-0.66273002221499477,-0.7488584096175408,0.),(-0.46692550000307709,-0.88429665692395143,0.),(-0.66273002221499477,-0.7488584096175408,0.),(-0.84339030948018223,-0.53730139202771732,0.),(-0.66273002221499477,-0.7488584096175408,0.),(-0.66273002221499477,-0.7488584096175408,0.),(-0.84339030948018223,-0.53730139202771732,0.),(-0.96192769295351277,-0.27330406789715506,0.),(-0.84339030948018223,-0.53730139202771732,0.),(-0.84339030948018223,-0.53730139202771732,0.),(-0.96192769295351277,-0.27330406789715506,0.),(-0.99998048180499743,0.006247880364198881,0.),(-0.96192769295351277,-0.27330406789715506,0.),(-0.96192769295351277,-0.27330406789715506,0.),(-0.99998048180499743,0.006247880364198881,0.),(-0.95729966840827085,0.28909746603077441,0.),(-0.99998048180499743,0.006247880364198881,0.),(-0.99998048180499743,0.006247880364198881,0.),(-0.95729966840827085,0.28909746603077441,0.),(-0.83068075342860914,0.55674903312289514,0.),(-0.95729966840827085,0.28909746603077441,0.),(-0.95729966840827085,0.28909746603077441,0.),(-0.83068075342860914,0.55674903312289514,0.),(-0.62698383219007991,0.77903226773493905,0.),(-0.83068075342860914,0.55674903312289514,0.),(-0.83068075342860914,0.55674903312289514,0.),(-0.62698383219007991,0.77903226773493905,0.),(-0.62698383219007991,0.77903226773493905,0.),(-0.39405829076990984,0.91908544949612669,0.),(-0.62698383219007991,0.77903226773493905,0.),(-0.39405829076990984,0.91908544949612669,0.),(-0.39405829076990984,0.91908544949612669,0.),(-0.18580751544945262,0.98258616273714217,0.),(-0.39405829076990984,0.91908544949612669,0.),(-0.18580751544945262,0.98258616273714217,0.),(-0.18580751544945262,0.98258616273714217,0.),(-0.0014495197728581503,0.99999894944566237,0.),(-0.18580751544945262,0.98258616273714217,0.),(-0.0014495197728581503,0.99999894944566237,0.),(-0.0014495197728581503,0.99999894944566237,0.),(0.18439541958058675,0.98285214006873878,0.),(-0.0014495197728581503,0.99999894944566237,0.),(0.18439541958058675,0.98285214006873878,0.),(0.18439541958058675,0.98285214006873878,0.),(0.39765323498245803,0.91753577843481737,0.),(0.18439541958058675,0.98285214006873878,0.),(0.39765323498245803,0.91753577843481737,0.),(0.39765323498245803,0.91753577843481737,0.),(0.63111324461133878,0.77569070670992868,0.),(0.39765323498245803,0.91753577843481737,0.),(0.63111324461133878,0.77569070670992868,0.),(0.63111324461133878,0.77569070670992868,0.),(0.8310893844718592,0.55613886307125326,0.),(0.8310893844718592,0.55613886307125326,0.),(0.63111324461133878,0.77569070670992868,0.),(0.8310893844718592,0.55613886307125326,0.),(0.9540840705660083,0.29953895621804594,0.),(0.9540840705660083,0.29953895621804594,0.),(0.8310893844718592,0.55613886307125326,0.),(0.9540840705660083,0.29953895621804594,0.),(0.98622990909128427,0.16538006655518403,0.),(0.98622990909128427,0.16538006655518403,0.),(0.9540840705660083,0.29953895621804594,0.),(0.075056505119014474,-0.99717928229547548,0.),(0.075056505119014474,-0.99717928229547548,0.),(0.075056505119014474,-0.99717928229547548,0.),(0.075056505119014474,-0.99717928229547548,0.),(-0.91768919221598133,-0.3972990642953742,0.),(-0.96555842378818413,-0.26018633755767723,0.),(-0.96555842378818413,-0.26018633755767723,0.),(-0.91768919221598133,-0.3972990642953742,0.),(-0.78784416803368473,-0.61587463569732381,0.),(-0.91768919221598133,-0.3972990642953742,0.),(-0.91768919221598133,-0.3972990642953742,0.),(-0.78784416803368473,-0.61587463569732381,0.),(-0.63199698605983057,-0.77497084436208996,0.),(-0.78784416803368473,-0.61587463569732381,0.),(-0.78784416803368473,-0.61587463569732381,0.),(-0.63199698605983057,-0.77497084436208996,0.),(-0.63199698605983057,-0.77497084436208996,0.),(-0.44922596047361191,-0.89341817556873171,0.),(-0.63199698605983057,-0.77497084436208996,0.),(-0.44922596047361191,-0.89341817556873171,0.),(-0.44922596047361191,-0.89341817556873171,0.),(-0.23786759998517135,-0.97129758821758361,0.),(-0.44922596047361191,-0.89341817556873171,0.),(-0.23786759998517135,-0.97129758821758361,0.),(-0.23786759998517135,-0.97129758821758361,0.),(-0.0067296816889915343,-0.99997735543579447,0.),(-0.23786759998517135,-0.97129758821758361,0.),(-0.0067296816889915343,-0.99997735543579447,0.),(-0.0067296816889915343,-0.99997735543579447,0.),(0.21785673822142915,-0.97598075883263191,0.),(-0.0067296816889915343,-0.99997735543579447,0.),(0.21785673822142915,-0.97598075883263191,0.),(0.21785673822142915,-0.97598075883263191,0.),(0.42674040185011097,-0.90437416450759245,0.),(0.21785673822142915,-0.97598075883263191,0.),(0.42674040185011097,-0.90437416450759245,0.),(0.42674040185011097,-0.90437416450759245,0.),(0.64997568971488129,-0.7599550004965191,0.),(0.42674040185011097,-0.90437416450759245,0.),(0.64997568971488129,-0.7599550004965191,0.),(0.64997568971488129,-0.7599550004965191,0.),(0.89202655719086632,-0.45198298780619001,0.),(0.89202655719086632,-0.45198298780619001,0.),(0.64997568971488129,-0.7599550004965191,0.),(0.89202655719086632,-0.45198298780619001,0.),(0.99981228963109559,-0.019374867809258792,0.),(0.99981228963109559,-0.019374867809258792,0.),(0.89202655719086632,-0.45198298780619001,0.),(0.99981228963109559,-0.019374867809258792,0.),(0.91500232120017522,0.40344857441598614,0.),(0.91500232120017522,0.40344857441598614,0.),(0.99981228963109559,-0.019374867809258792,0.),(0.91500232120017522,0.40344857441598614,0.),(0.64713477236679762,0.76237562027767725,0.),(0.64713477236679762,0.76237562027767725,0.),(0.91500232120017522,0.40344857441598614,0.),(0.64713477236679762,0.76237562027767725,0.),(0.36235316167200854,0.93204087154282,0.),(0.64713477236679762,0.76237562027767725,0.),(0.36235316167200854,0.93204087154282,0.),(0.36235316167200854,0.93204087154282,0.),(0.25508490491421493,0.96691865804984123,0.),(0.36235316167200854,0.93204087154282,0.),(0.25508490491421493,0.96691865804984123,0.),(0.25508490491421493,0.96691865804984123,0.),(0.28595039760148855,0.95824442086116568,0.),(0.25508490491421493,0.96691865804984123,0.),(0.28595039760148855,0.95824442086116568,0.),(0.28595039760148855,0.95824442086116568,0.),(0.42364706687595166,0.90582733604556409,0.),(0.28595039760148855,0.95824442086116568,0.),(0.42364706687595166,0.90582733604556409,0.),(0.42364706687595166,0.90582733604556409,0.),(0.62763824903596976,0.77850512416236683,0.),(0.42364706687595166,0.90582733604556409,0.),(0.62763824903596976,0.77850512416236683,0.),(0.62763824903596976,0.77850512416236683,0.),(0.82695998879544175,0.56226077306837174,0.),(0.82695998879544175,0.56226077306837174,0.),(0.62763824903596976,0.77850512416236683,0.),(0.82695998879544175,0.56226077306837174,0.),(0.95886992032845131,0.28384586642984538,0.),(0.95886992032845131,0.28384586642984538,0.),(0.82695998879544175,0.56226077306837174,0.),(0.95886992032845131,0.28384586642984538,0.),(0.99998755080554047,-0.0049898130162140631,0.),(0.99998755080554047,-0.0049898130162140631,0.),(0.95886992032845131,0.28384586642984538,0.),(0.99998755080554047,-0.0049898130162140631,0.),(0.957401173102709,-0.28876113613427412,0.),(0.957401173102709,-0.28876113613427412,0.),(0.99998755080554047,-0.0049898130162140631,0.),(0.957401173102709,-0.28876113613427412,0.),(0.83502987601119205,-0.55020460391451942,0.),(0.83502987601119205,-0.55020460391451942,0.),(0.957401173102709,-0.28876113613427412,0.),(0.83502987601119205,-0.55020460391451942,0.),(0.64488819476283499,-0.76427692380153145,0.),(0.64488819476283499,-0.76427692380153145,0.),(0.83502987601119205,-0.55020460391451942,0.),(0.64488819476283499,-0.76427692380153145,0.),(0.42113746186410883,-0.90699682370703838,0.),(0.64488819476283499,-0.76427692380153145,0.),(0.42113746186410883,-0.90699682370703838,0.),(0.42113746186410883,-0.90699682370703838,0.),(0.20299205783353799,-0.97918038402354957,0.),(0.42113746186410883,-0.90699682370703838,0.),(0.20299205783353799,-0.97918038402354957,0.),(0.20299205783353799,-0.97918038402354957,0.),(0.008487459676545215,-0.99996398086543059,0.),(0.20299205783353799,-0.97918038402354957,0.),(0.008487459676545215,-0.99996398086543059,0.),(0.008487459676545215,-0.99996398086543059,0.),(-0.17916273136199512,-0.98381945279147109,0.),(0.008487459676545215,-0.99996398086543059,0.),(-0.17916273136199512,-0.98381945279147109,0.),(-0.17916273136199512,-0.98381945279147109,0.),(-0.40107835149177207,-0.91604375221090983,0.),(-0.17916273136199512,-0.98381945279147109,0.),(-0.40107835149177207,-0.91604375221090983,0.),(-0.40107835149177207,-0.91604375221090983,0.),(-0.63883364809787258,-0.76934489668676154,0.),(-0.40107835149177207,-0.91604375221090983,0.),(-0.63883364809787258,-0.76934489668676154,0.),(-0.83407795671713481,-0.55164659168580887,0.),(-0.63883364809787258,-0.76934489668676154,0.),(-0.63883364809787258,-0.76934489668676154,0.),(-0.83407795671713481,-0.55164659168580887,0.),(-0.95577416204846544,-0.29410160006459285,0.),(-0.83407795671713481,-0.55164659168580887,0.),(-0.83407795671713481,-0.55164659168580887,0.),(-0.95577416204846544,-0.29410160006459285,0.),(-0.98763335149575737,-0.15678125848856422,0.),(-0.95577416204846544,-0.29410160006459285,0.),(-0.95577416204846544,-0.29410160006459285,0.),(-0.98763335149575737,-0.15678125848856422,0.)),$,((1,2,3),(4,5,6),(5,4,7),(7,4,8),(8,4,9),(8,9,10),(10,9,11),(11,9,12),(11,12,13),(13,12,14),(14,12,15),(15,12,16),(15,16,17),(17,16,18),(18,16,19),(18,19,20),(18,20,21),(22,23,24),(25,26,27),(28,29,30),(31,32,33),(34,35,36),(35,34,37),(35,37,38),(35,38,39),(39,38,40),(39,40,41),(39,41,42),(42,41,43),(42,43,44),(42,44,45),(42,45,46),(46,45,47),(46,47,48),(46,48,49),(49,48,50),(50,48,51),(52,53,54),(55,56,57),(58,59,60),(61,62,63),(64,65,66),(67,68,69),(70,71,72),(73,74,75),(76,77,78),(79,80,81),(82,83,84),(85,86,87),(88,89,90),(91,92,93),(94,95,96),(97,98,99),(100,101,102),(103,104,105),(106,107,108),(109,110,111),(112,113,114),(115,116,117),(116,115,118),(119,120,121),(120,119,122),(123,124,125),(124,123,126),(127,128,129),(128,127,130),(131,132,133),(132,131,134),(135,136,137),(136,135,138),(139,140,141),(140,139,142),(143,144,145),(144,143,146),(147,148,149),(148,147,150),(151,152,153),(152,151,154),(155,156,157),(156,155,158),(159,160,161),(160,159,162),(163,164,165),(164,163,166),(167,168,169),(168,167,170),(171,172,173),(172,171,174),(175,176,177),(176,175,178),(179,180,181),(180,179,182),(183,184,185),(184,183,186),(187,188,189),(188,187,190),(191,192,193),(192,191,194),(195,196,197),(196,195,198),(199,200,201),(200,199,202),(203,204,205),(204,203,206),(207,208,209),(208,207,210),(211,212,213),(212,211,214),(215,216,217),(216,215,218),(219,220,221),(220,219,222),(223,224,225),(224,223,226),(227,228,229),(228,227,230),(231,232,233),(232,231,234),(235,236,237),(236,235,238),(239,240,241),(240,239,242),(243,244,245),(244,243,246),(247,248,249),(248,247,250),(251,252,253),(252,251,254),(255,256,257),(256,255,258),(259,260,261),(260,259,262),(263,264,265),(264,263,266),(267,268,269),(268,267,270),(271,272,273),(272,271,274),(275,276,277),(276,275,278),(279,280,281),(280,279,282),(283,284,285),(284,283,286),(287,288,289),(288,287,290),(291,292,293),(292,291,294),(295,296,297),(296,295,298),(299,300,301),(300,299,302),(303,304,305),(304,303,306),(307,308,309),(308,307,310),(311,312,313),(312,311,314),(315,316,317),(316,315,318),(319,320,321),(320,319,322),(323,324,325),(324,323,326),(327,328,329),(328,327,330),(331,332,333),(332,331,334),(335,336,337),(336,335,338),(339,340,341),(340,339,342),(343,344,345),(344,343,346),(347,348,349),(348,347,350),(348,350,351),(351,350,352),(351,352,353),(353,352,354),(353,355,356),(355,353,354),(357,358,359),(358,357,360),(361,362,363),(362,361,364),(365,366,367),(366,365,368),(369,370,371),(370,369,372),(373,374,375),(374,373,376),(377,378,379),(378,377,380),(381,382,383),(382,381,384),(382,384,385),(382,385,386),(386,385,387),(386,387,388),(386,388,389),(389,388,390),(390,388,391),(390,391,392),(392,391,393),(393,391,394),(393,394,395),(393,395,396),(393,396,397),(397,396,398),(397,398,399),(397,399,400),(401,402,403),(402,401,404),(405,406,407),(406,405,408),(408,405,409),(409,405,410),(409,410,411),(411,410,412),(412,410,413),(412,413,414),(412,414,415),(415,414,416),(415,416,417),(415,417,418),(418,417,419),(419,417,420),(420,417,421),(420,421,422),(422,421,423),(423,421,424),(425,426,427),(426,425,428),(429,430,431),(430,429,432),(433,434,435),(434,433,436),(437,438,439),(438,437,440),(441,442,443),(442,441,444),(445,446,447),(446,445,448),(449,450,451),(450,449,452),(453,454,455),(454,453,456),(457,458,459),(458,457,460),(461,462,463),(462,461,464),(465,466,467),(466,465,468),(469,470,471),(470,469,472),(473,474,475),(474,473,476),(477,478,479),(478,477,480),(481,482,483),(482,481,484),(485,486,487),(486,485,488),(489,490,491),(490,489,492),(493,494,495),(494,493,496),(497,498,499),(498,497,500),(501,502,503),(502,501,504),(505,506,507),(506,505,508),(509,510,511),(510,509,512),(513,514,515),(514,513,516),(517,518,519),(518,517,520),(521,522,523),(522,521,524),(525,526,527),(526,525,528),(529,530,531),(530,529,532),(533,534,535),(534,533,536),(537,538,539),(538,537,540),(541,542,543),(542,541,544),(545,546,547),(546,545,548),(549,550,551),(550,549,552),(553,554,555),(554,553,556),(557,558,559),(558,557,560),(561,562,563),(562,561,564),(565,566,567),(566,565,568),(568,565,569),(569,565,562),(569,562,564),(570,566,568),(571,572,573),(572,571,574),(575,576,577),(576,575,578),(579,580,581),(580,579,582),(583,584,585),(586,587,588),(589,590,591),(592,593,594),(593,592,595),(593,595,596),(593,596,597),(593,597,598),(593,598,599),(599,598,600),(600,598,601),(600,601,602),(602,601,603),(603,601,604),(604,601,605),(604,605,606),(606,605,607),(607,605,608),(607,608,609),(610,611,612),(613,614,615),(614,613,616),(616,613,617),(617,613,618),(618,613,619),(619,613,620),(619,620,621),(619,621,622),(622,621,623),(622,623,624),(622,624,625),(622,625,626),(626,625,627),(626,627,628),(626,628,629),(629,628,630),(631,632,633),(634,635,636),(637,638,639),(640,641,642),(643,644,645),(646,647,648),(649,650,651),(652,653,654),(655,656,657),(658,659,660),(661,662,663),(664,665,666),(667,668,669),(670,671,672),(673,674,675),(676,677,678),(679,680,681),(682,683,684),(685,686,687),(688,689,690),(691,692,693),(694,695,696),(697,698,699),(700,701,702),(703,704,705),(706,707,708),(709,710,711),(712,713,714),(715,716,717),(718,719,720),(721,722,723),(724,725,726),(727,728,729),(730,731,732),(733,734,735),(736,737,738),(739,740,741),(742,743,744),(745,746,747),(748,749,750),(751,752,753),(754,755,756),(757,758,759),(758,757,760),(758,760,761),(761,760,762),(762,760,763),(763,760,764),(763,764,765),(765,764,766),(765,766,767),(767,766,768),(768,766,769),(768,769,770),(770,769,771),(770,771,772),(772,771,773),(772,773,774),(774,773,775),(774,775,776),(776,775,777),(776,777,778),(778,777,779),(778,779,780),(780,779,781),(780,781,782),(782,781,783),(783,781,784),(784,781,785),(784,785,786),(786,785,787),(786,787,788),(788,787,789),(788,789,790),(790,789,791),(790,791,792),(792,791,793),(792,793,794),(795,796,797),(796,795,798),(796,798,799),(799,798,800),(799,800,801),(801,800,757),(801,757,802),(802,757,759),(802,759,803),(802,803,804),(804,803,805),(804,805,806),(804,806,807),(807,806,808),(807,808,809),(809,808,810),(809,810,811),(811,810,812),(811,812,813),(811,813,814),(814,813,815),(814,815,816),(816,815,817),(816,817,818),(818,817,819),(819,817,820),(819,820,821),(821,820,822),(821,822,823),(823,822,824),(823,824,825),(825,824,826),(825,826,827),(825,827,783),(783,827,828),(783,828,782),(829,830,831),(830,829,832),(832,829,833),(832,833,834),(834,833,835),(834,835,836),(836,835,837),(836,837,838),(838,837,839),(839,837,840),(839,840,841),(841,840,842),(842,840,843),(842,843,844),(844,843,845),(844,845,846),(846,845,847),(846,847,848),(848,847,849),(849,847,850),(849,850,851),(851,850,852),(851,852,853),(853,852,854),(853,854,855),(853,855,856),(856,855,857),(856,857,858),(858,857,859),(858,859,860),(860,859,861),(860,861,862),(862,861,863),(863,861,864),(863,864,865),(865,864,866),(836,867,868),(867,836,838),(868,867,869),(868,869,870),(868,870,871),(868,871,872),(872,871,873),(872,873,874),(874,873,875),(874,875,876),(874,876,877),(877,876,878),(877,878,879),(879,878,880),(879,880,881),(881,880,882),(881,882,883),(883,882,884),(883,884,885),(885,884,886),(885,886,887),(887,886,888),(887,888,889),(889,888,866),(889,866,864),(889,864,890),(889,890,891),(891,890,892),(891,892,893),(893,892,894),(893,894,895),(895,894,896),(895,896,897),(897,896,898),(897,898,899),(899,898,900),(901,902,903),(902,901,904),(905,906,907),(906,905,908),(909,910,911),(910,909,912),(913,914,915),(914,913,916),(917,918,919),(918,917,920),(921,922,923),(922,921,924),(925,926,927),(926,925,928),(928,925,929),(929,925,930),(929,930,931),(931,930,932),(932,930,933),(933,930,934),(933,934,935),(933,935,936),(936,935,937),(936,937,938),(938,937,939),(939,937,940),(940,937,941),(940,941,942),(942,941,943),(943,941,944),(944,941,945),(944,945,946),(947,948,949),(948,947,950),(950,947,951),(950,951,952),(952,951,927),(952,927,953),(953,927,926),(953,926,954),(953,954,955),(953,955,956),(956,955,957),(956,957,958),(958,957,959),(958,959,960),(960,959,961),(960,961,962),(960,962,963),(963,962,964),(964,962,965),(964,965,966),(966,965,967),(967,965,968),(968,965,969),(969,965,970),(969,970,971),(971,970,972),(971,972,973),(974,975,976),(975,974,977),(977,974,978),(978,974,979),(978,979,980),(980,979,981),(980,981,982),(980,982,983),(983,982,984),(983,984,985),(983,985,986),(986,985,987),(986,987,988),(986,988,989),(989,988,990),(989,990,991),(991,990,992),(991,992,993),(991,993,968),(968,993,994),(968,994,967),(995,996,997),(996,995,998),(996,998,999),(996,999,1000),(1000,999,1001),(1000,1001,1002),(1002,1001,1003),(1003,1001,1004),(1003,1004,1005),(1005,1004,1006),(1006,1004,1007),(1006,1007,1008),(1008,1007,1009),(1009,1007,1010),(1009,1010,1011),(1011,1010,1012),(1011,1012,1013),(1013,1012,1014),(1014,1012,1015),(1014,1015,1016),(1016,1015,1017),(1018,1019,1020),(1019,1018,1021),(1019,1021,1022),(1022,1021,1023),(1022,1023,1024),(1024,1023,1025),(1024,1025,1026),(1026,1025,1027),(1027,1025,1028),(1028,1025,1029),(1028,1029,1030),(1030,1029,1031),(1030,1031,1032),(1032,1031,1033),(1032,1033,1034),(1034,1033,1035),(1035,1033,1036),(1035,1036,1037),(1035,1037,1038),(1038,1037,1039),(1038,1039,1017),(1038,1017,1015),(1038,1015,1040),(1038,1040,1041),(1041,1040,1042),(1041,1042,1043),(1043,1042,1044),(1026,1045,1024),(1045,1026,1046),(1045,1046,1047),(1045,1047,1048),(1048,1047,1049),(1048,1049,1050),(1048,1050,1051),(1048,1051,1052),(1052,1051,1053),(1053,1051,1054),(1053,1054,1055),(1055,1054,1056),(1055,1056,1057),(1055,1057,1058),(1055,1058,1059),(1059,1058,1060),(1059,1060,1061),(1059,1061,1062),(1059,1062,1063),(1063,1062,1064),(1065,1066,1067),(1066,1065,1068),(1069,1070,1071),(1070,1069,1072),(1073,1074,1075),(1074,1073,1076),(1077,1078,1079),(1078,1077,1080),(1081,1082,1083),(1082,1081,1084),(1085,1086,1087),(1086,1085,1088),(1089,1090,1091),(1090,1089,1092),(1093,1094,1095),(1094,1093,1096),(1097,1098,1099),(1098,1097,1100),(1101,1102,1103),(1102,1101,1104),(1105,1106,1107),(1106,1105,1108),(1109,1110,1111),(1110,1109,1112),(1113,1114,1115),(1114,1113,1116),(1117,1118,1119),(1118,1117,1120),(1121,1122,1123),(1122,1121,1124),(1125,1126,1127),(1126,1125,1128),(1129,1130,1131),(1130,1129,1132),(1133,1134,1135),(1134,1133,1136),(1137,1138,1139),(1138,1137,1140),(1141,1142,1143),(1142,1141,1144),(1145,1146,1147),(1146,1145,1148),(1149,1150,1151),(1150,1149,1152),(1153,1154,1155),(1154,1153,1156),(1157,1158,1159),(1158,1157,1160),(1161,1162,1163),(1162,1161,1164),(1165,1166,1167),(1166,1165,1168),(1169,1170,1171),(1170,1169,1172),(1173,1174,1175),(1174,1173,1176),(1177,1178,1179),(1178,1177,1180),(1181,1182,1183),(1182,1181,1184),(1185,1186,1187),(1186,1185,1188),(1189,1190,1191),(1190,1189,1192),(1193,1194,1195),(1194,1193,1196),(1197,1198,1199),(1198,1197,1200),(1201,1202,1203),(1202,1201,1204),(1205,1206,1207),(1206,1205,1208),(1209,1210,1211),(1210,1209,1212),(1213,1214,1215),(1214,1213,1216),(1217,1218,1219),(1218,1217,1220),(1221,1222,1223),(1222,1221,1224),(1225,1226,1227),(1226,1225,1228),(1229,1230,1231),(1230,1229,1232),(1233,1234,1235),(1234,1233,1236),(1237,1238,1239),(1238,1237,1240),(1241,1242,1243),(1242,1241,1244),(1245,1246,1247),(1246,1245,1248),(1249,1250,1251),(1250,1249,1252),(1253,1254,1255),(1254,1253,1256),(1257,1258,1259),(1258,1257,1260),(1261,1262,1263),(1262,1261,1264),(1265,1266,1267),(1266,1265,1268),(1269,1270,1271),(1270,1269,1272),(1273,1274,1275),(1274,1273,1276),(1277,1278,1279),(1278,1277,1280),(1281,1282,1283),(1282,1281,1284),(1285,1286,1287),(1286,1285,1288),(1289,1290,1291),(1290,1289,1292),(1293,1294,1295),(1294,1293,1296),(1297,1298,1299),(1298,1297,1300),(1301,1302,1303),(1302,1301,1304),(1305,1306,1307),(1306,1305,1308),(1309,1310,1311),(1310,1309,1312),(1313,1314,1315),(1314,1313,1316),(1317,1318,1319),(1318,1317,1320),(1321,1322,1323),(1322,1321,1324),(1325,1326,1327),(1326,1325,1328),(1329,1330,1331),(1330,1329,1332),(1333,1334,1335),(1334,1333,1336),(1337,1338,1339),(1338,1337,1340),(1341,1342,1343),(1342,1341,1344)),$);
#403=IFCCARTESIANPOINTLIST3D(((0.3000000000028194,-300.00001192092435,-7.4505806537672468E-07),(0.29999999999993177,-499.99999999999602,4.9999982118606656),(0.29999999999993177,-300.00001192092435,4.9999982118606656),(97.845161843300502,-490.39262533187622,4.9999982118606656),(0.29999999999993177,-300.00001192092435,4.9999982118606656),(0.29999999999993177,-499.99999999999602,4.9999982118606656),(58.827097105972186,-294.23558712005712,4.9999982118606656),(115.10502784251932,-277.16386318207202,4.9999982118606656),(191.6417130708704,-461.93975210189342,4.9999982118606656),(166.97106747627686,-249.44087862968175,4.9999982118606656),(212.43203668594376,-212.13203668595537,4.9999982118606656),(278.08512239455843,-415.73479771613819,4.9999982118606656),(249.74087862968167,-166.67106747627403,4.9999982118606656),(277.46386318207487,-114.80502784252516,4.9999982118606656),(294.53558712004838,-58.527097105975145,4.9999982118606656),(353.85338454247022,-353.55338454247317,4.9999982118606656),(300.30001192093584,0.,4.9999982118606656),(500.29999999999598,0.,4.9999982118606656),(416.03479771614099,-277.78512239456427,4.9999982118606656),(462.23975210189047,-191.34171307086757,4.9999982118606656),(490.69262533187907,-97.545161843297677,4.9999982118606656),(58.827097105972186,-294.23558712005712,4.9999982118606656),(0.3000000000028194,-300.00001192092435,-7.4505806537672468E-07),(0.29999999999993177,-300.00001192092435,4.9999982118606656),(300.30001192093584,0.,4.9999982118606656),(500.29999999998728,1.1550582712516188E-11,-7.4505806537672468E-07),(300.30001192093295,-1.1550582712516188E-11,-7.4505806537672468E-07),(300.30001192093584,0.,4.9999982118606656),(300.30001192093295,-1.1550582712516188E-11,-7.4505806537672468E-07),(294.53558712004838,-58.527097105975145,4.9999982118606656),(191.6417130708704,-461.93975210189342,4.9999982118606656),(97.845161843300502,-490.39262533187622,-7.4505806537672468E-07),(191.6417130708704,-461.93975210189342,-7.4505806537672468E-07),(0.3000000000028194,-300.00001192092435,-7.4505806537672468E-07),(97.845161843300502,-490.39262533187622,-7.4505806537672468E-07),(0.29999999999993177,-499.99999999999602,-7.4505806537672468E-07),(58.827097105972186,-294.23558712005712,-7.4505806537672468E-07),(115.10502784251932,-277.16386318207202,-7.4505806537672468E-07),(191.6417130708704,-461.93975210189342,-7.4505806537672468E-07),(166.97106747627686,-249.44087862968175,-7.4505806537672468E-07),(212.43203668594376,-212.13203668595537,-7.4505806537672468E-07),(278.08512239455843,-415.73479771613819,-7.4505806537672468E-07),(249.74087862968167,-166.67106747627403,-7.4505806537672468E-07),(277.46386318207487,-114.80502784252516,-7.4505806537672468E-07),(294.53558712004838,-58.527097105975145,-7.4505806537672468E-07),(353.85338454247022,-353.55338454247317,-7.4505806537672468E-07),(300.30001192093295,-1.1550582712516188E-11,-7.4505806537672468E-07),(500.29999999998728,1.1550582712516188E-11,-7.4505806537672468E-07),(416.03479771614099,-277.78512239456427,-7.4505806537672468E-07),(462.23975210189047,-191.34171307086757,-7.4505806537672468E-07),(490.69262533187907,-97.545161843297677,-7.4505806537672468E-07),(500.29999999999598,0.,4.9999982118606656),(500.29999999998728,1.1550582712516188E-11,-7.4505806537672468E-07),(300.30001192093584,0.,4.9999982118606656),(490.69262533187907,-97.545161843297677,-7.4505806537672468E-07),(462.23975210189047,-191.34171307086757,4.9999982118606656),(462.23975210189047,-191.34171307086757,-7.4505806537672468E-07),(462.23975210189047,-191.34171307086757,4.9999982118606656),(416.03479771614099,-277.78512239456427,4.9999982118606656),(462.23975210189047,-191.34171307086757,-7.4505806537672468E-07),(490.69262533187907,-97.545161843297677,4.9999982118606656),(462.23975210189047,-191.34171307086757,4.9999982118606656),(490.69262533187907,-97.545161843297677,-7.4505806537672468E-07),(500.29999999999598,0.,4.9999982118606656),(490.69262533187907,-97.545161843297677,4.9999982118606656),(490.69262533187907,-97.545161843297677,-7.4505806537672468E-07),(191.6417130708704,-461.93975210189342,4.9999982118606656),(191.6417130708704,-461.93975210189342,-7.4505806537672468E-07),(278.08512239455843,-415.73479771613819,4.9999982118606656),(462.23975210189047,-191.34171307086757,-7.4505806537672468E-07),(416.03479771614099,-277.78512239456427,4.9999982118606656),(416.03479771614099,-277.78512239456427,-7.4505806537672468E-07),(0.3000000000028194,-300.00001192092435,-7.4505806537672468E-07),(0.29999999999993177,-499.99999999999602,-7.4505806537672468E-07),(0.29999999999993177,-499.99999999999602,4.9999982118606656),(97.845161843300502,-490.39262533187622,4.9999982118606656),(97.845161843300502,-490.39262533187622,-7.4505806537672468E-07),(191.6417130708704,-461.93975210189342,4.9999982118606656),(58.827097105972186,-294.23558712005712,4.9999982118606656),(58.827097105972186,-294.23558712005712,-7.4505806537672468E-07),(0.3000000000028194,-300.00001192092435,-7.4505806537672468E-07),(278.08512239455843,-415.73479771613819,4.9999982118606656),(353.85338454247022,-353.55338454247317,-7.4505806537672468E-07),(353.85338454247022,-353.55338454247317,4.9999982118606656),(58.827097105972186,-294.23558712005712,4.9999982118606656),(115.10502784251932,-277.16386318207202,-7.4505806537672468E-07),(58.827097105972186,-294.23558712005712,-7.4505806537672468E-07),(500.29999999998728,1.1550582712516188E-11,-7.4505806537672468E-07),(500.29999999999598,0.,4.9999982118606656),(490.69262533187907,-97.545161843297677,-7.4505806537672468E-07),(416.03479771614099,-277.78512239456427,-7.4505806537672468E-07),(353.85338454247022,-353.55338454247317,4.9999982118606656),(353.85338454247022,-353.55338454247317,-7.4505806537672468E-07),(300.30001192093295,-1.1550582712516188E-11,-7.4505806537672468E-07),(294.53558712004838,-58.527097105975145,-7.4505806537672468E-07),(294.53558712004838,-58.527097105975145,4.9999982118606656),(294.53558712004838,-58.527097105975145,-7.4505806537672468E-07),(277.46386318207487,-114.80502784252516,-7.4505806537672468E-07),(294.53558712004838,-58.527097105975145,4.9999982118606656),(416.03479771614099,-277.78512239456427,4.9999982118606656),(353.85338454247022,-353.55338454247317,4.9999982118606656),(416.03479771614099,-277.78512239456427,-7.4505806537672468E-07),(0.29999999999993177,-499.99999999999602,4.9999982118606656),(0.29999999999993177,-499.99999999999602,-7.4505806537672468E-07),(97.845161843300502,-490.39262533187622,-7.4505806537672468E-07),(0.29999999999993177,-499.99999999999602,4.9999982118606656),(97.845161843300502,-490.39262533187622,-7.4505806537672468E-07),(97.845161843300502,-490.39262533187622,4.9999982118606656),(278.08512239455843,-415.73479771613819,4.9999982118606656),(191.6417130708704,-461.93975210189342,-7.4505806537672468E-07),(278.08512239455843,-415.73479771613819,-7.4505806537672468E-07),(278.08512239455843,-415.73479771613819,4.9999982118606656),(278.08512239455843,-415.73479771613819,-7.4505806537672468E-07),(353.85338454247022,-353.55338454247317,-7.4505806537672468E-07),(877.31312038899864,53.796738765929689,0.),(881.79312541918625,37.789235412480593,4.9999982118606656),(881.79312541918625,37.789235412480593,0.),(877.31312038899864,53.796738765929689,4.9999982118606656),(871.0411133467486,68.829644533866031,0.),(877.31312038899864,53.796738765929689,4.9999982118606656),(877.31312038899864,53.796738765929689,0.),(871.0411133467486,68.829644533866031,4.9999982118606656),(813.42458081824077,-115.37453890005999,4.9999982118606656),(798.77417840376359,-120.11653252850228,0.),(813.42458081824077,-115.37453890005999,0.),(798.77417840376359,-120.11653252850228,4.9999982118606656),(827.53004694836022,-108.73574782025234,4.9999982118606656),(813.42458081824077,-115.37453890005999,0.),(827.53004694836022,-108.73574782025234,0.),(813.42458081824077,-115.37453890005999,4.9999982118606656),(705.79966465459574,-107.14285714285587,4.9999982118606656),(692.9622233400496,-97.994215291743231,0.),(705.79966465459574,-107.14285714285587,0.),(692.9622233400496,-97.994215291743231,4.9999982118606656),(884.43397048960412,-15.352531857818303,0.),(881.60449362843747,-32.570422535216267,4.9999982118606656),(881.60449362843747,-32.570422535216267,0.),(884.43397048960412,-15.352531857818303,4.9999982118606656),(885.37712944331679,2.8504359490325442,0.),(884.43397048960412,-15.352531857818303,4.9999982118606656),(884.43397048960412,-15.352531857818303,0.),(885.37712944331679,2.8504359490325442,4.9999982118606656),(683.16384976525592,95.824949698188902,4.9999982118606656),(668.7859154929447,76.851735412481446,0.),(668.7859154929447,76.851735412481446,4.9999982118606656),(683.16384976525592,95.824949698188902,0.),(683.16384976525592,95.824949698188902,4.9999982118606656),(700.7904426559403,110.97313044936836,0.),(683.16384976525592,95.824949698188902,0.),(700.7904426559403,110.97313044936836,4.9999982118606656),(720.80637156270768,121.79325955735038,4.9999982118606656),(743.21163648557854,128.2853370221292,0.),(720.80637156270768,121.79325955735038,0.),(743.21163648557854,128.2853370221292,4.9999982118606656),(743.21163648557854,128.2853370221292,4.9999982118606656),(768.006237424544,130.44936284372793,0.),(743.21163648557854,128.2853370221292,0.),(768.006237424544,130.44936284372793,4.9999982118606656),(700.7904426559403,110.97313044936836,4.9999982118606656),(720.80637156270768,121.79325955735038,0.),(700.7904426559403,110.97313044936836,0.),(720.80637156270768,121.79325955735038,4.9999982118606656),(800.36706908115434,126.3832997987909,4.9999982118606656),(815.28993963782625,121.30072099262105,0.),(800.36706908115434,126.3832997987909,0.),(815.28993963782625,121.30072099262105,4.9999982118606656),(768.17391012742996,102.44802146211237,4.9999982118606656),(751.50619550637134,100.96516599596875,0.),(768.17391012742996,102.44802146211237,0.),(751.50619550637134,100.96516599596875,4.9999982118606656),(791.29178403756475,99.36703554659934,4.9999982118606656),(768.17391012742996,102.44802146211237,0.),(791.29178403756475,99.36703554659934,0.),(768.17391012742996,102.44802146211237,4.9999982118606656),(884.48112843729427,20.807134473495623,0.),(885.37712944331679,2.8504359490325442,4.9999982118606656),(885.37712944331679,2.8504359490325442,0.),(884.48112843729427,20.807134473495623,4.9999982118606656),(861.95534875922476,-77.910169349428543,0.),(852.05217974514539,-89.97736418512963,4.9999982118606656),(852.05217974514539,-89.97736418512963,0.),(861.95534875922476,-77.910169349428543,4.9999982118606656),(870.28658618376471,-64.05097250167087,0.),(861.95534875922476,-77.910169349428543,4.9999982118606656),(861.95534875922476,-77.910169349428543,0.),(870.28658618376471,-64.05097250167087,4.9999982118606656),(652.35399061032786,28.939260563381229,4.9999982118606656),(650.29999999999939,5.775291356258094E-12,0.),(650.29999999999939,5.775291356258094E-12,4.9999982118606656),(652.35399061032786,28.939260563381229,0.),(658.51596244131645,54.556505700869273,4.9999982118606656),(652.35399061032786,28.939260563381229,0.),(652.35399061032786,28.939260563381229,4.9999982118606656),(658.51596244131645,54.556505700869273,0.),(815.28993963782625,121.30072099262105,4.9999982118606656),(829.37444668007993,114.1851106639856,0.),(815.28993963782625,121.30072099262105,0.),(829.37444668007993,114.1851106639856,4.9999982118606656),(881.79312541918625,37.789235412480593,0.),(884.48112843729427,20.807134473495623,4.9999982118606656),(884.48112843729427,20.807134473495623,0.),(881.79312541918625,37.789235412480593,4.9999982118606656),(689.80788061703083,-40.220489604289554,0.),(697.27455566732522,-56.542379275647676,4.9999982118606656),(697.27455566732522,-56.542379275647676,0.),(689.80788061703083,-40.220489604289554,4.9999982118606656),(697.27455566732522,-56.542379275647676,0.),(707.72790073775832,-70.50637156272569,4.9999982118606656),(707.72790073775832,-70.50637156272569,0.),(697.27455566732522,-56.542379275647676,4.9999982118606656),(650.29999999999939,5.775291356258094E-12,4.9999982118606656),(653.8211267605642,-31.522468142186199,0.),(653.8211267605642,-31.522468142186199,4.9999982118606656),(650.29999999999939,5.775291356258094E-12,0.),(653.8211267605642,-31.522468142186199,4.9999982118606656),(664.3845070422559,-61.368209255530061,0.),(664.3845070422559,-61.368209255530061,4.9999982118606656),(653.8211267605642,-31.522468142186199,0.),(664.3845070422559,-61.368209255530061,4.9999982118606656),(672.25464453385803,-75.10689134807744,0.),(672.25464453385803,-75.10689134807744,4.9999982118606656),(664.3845070422559,-61.368209255530061,0.),(685.3278755868547,-21.540702548622448,0.),(689.80788061703083,-40.220489604289554,4.9999982118606656),(689.80788061703083,-40.220489604289554,0.),(685.3278755868547,-21.540702548622448,4.9999982118606656),(668.7859154929447,76.851735412481446,4.9999982118606656),(658.51596244131645,54.556505700869273,0.),(658.51596244131645,54.556505700869273,4.9999982118606656),(668.7859154929447,76.851735412481446,0.),(881.60449362843747,-32.570422535216267,0.),(876.8886988598166,-48.803236083161345,4.9999982118606656),(876.8886988598166,-48.803236083161345,0.),(881.60449362843747,-32.570422535216267,4.9999982118606656),(767.83856472165803,-123.91012743125033,4.9999982118606656),(750.94553990609768,-122.86217303824337,0.),(767.83856472165803,-123.91012743125033,0.),(750.94553990609768,-122.86217303824337,4.9999982118606656),(783.57883970490275,-122.96172870556188,4.9999982118606656),(767.83856472165803,-123.91012743125033,0.),(783.57883970490275,-122.96172870556188,0.),(767.83856472165803,-123.91012743125033,4.9999982118606656),(798.77417840376359,-120.11653252850228,4.9999982118606656),(783.57883970490275,-122.96172870556188,0.),(798.77417840376359,-120.11653252850228,0.),(783.57883970490275,-122.96172870556188,4.9999982118606656),(829.37444668007993,114.1851106639856,4.9999982118606656),(842.22760731053336,105.25129946343458,0.),(829.37444668007993,114.1851106639856,0.),(842.22760731053336,105.25129946343458,4.9999982118606656),(853.45643863179305,94.714118041587426,0.),(863.06094064386764,82.573566398397901,4.9999982118606656),(863.06094064386764,82.573566398397901,0.),(853.45643863179305,94.714118041587426,4.9999982118606656),(863.06094064386764,82.573566398397901,0.),(871.0411133467486,68.829644533866031,4.9999982118606656),(871.0411133467486,68.829644533866031,0.),(863.06094064386764,82.573566398397901,4.9999982118606656),(768.006237424544,130.44936284372793,4.9999982118606656),(784.60583501005544,129.4328470824951,0.),(768.006237424544,130.44936284372793,0.),(784.60583501005544,129.4328470824951,4.9999982118606656),(784.60583501005544,129.4328470824951,4.9999982118606656),(800.36706908115434,126.3832997987909,0.),(784.60583501005544,129.4328470824951,0.),(800.36706908115434,126.3832997987909,4.9999982118606656),(876.8886988598166,-48.803236083161345,0.),(870.28658618376471,-64.05097250167087,4.9999982118606656),(870.28658618376471,-64.05097250167087,0.),(876.8886988598166,-48.803236083161345,4.9999982118606656),(842.22760731053336,105.25129946343458,4.9999982118606656),(853.45643863179305,94.714118041587426,0.),(842.22760731053336,105.25129946343458,0.),(853.45643863179305,94.714118041587426,4.9999982118606656),(750.94553990609768,-122.86217303824337,4.9999982118606656),(734.9747149564073,-119.71830985915894,0.),(750.94553990609768,-122.86217303824337,0.),(734.9747149564073,-119.71830985915894,4.9999982118606656),(719.9260898725521,-114.47853789404326,4.9999982118606656),(705.79966465459574,-107.14285714285587,0.),(719.9260898725521,-114.47853789404326,0.),(705.79966465459574,-107.14285714285587,4.9999982118606656),(672.25464453385803,-75.10689134807744,4.9999982118606656),(681.78054996646551,-87.315560026828635,0.),(681.78054996646551,-87.315560026828635,4.9999982118606656),(672.25464453385803,-75.10689134807744,0.),(692.9622233400496,-97.994215291743231,4.9999982118606656),(681.78054996646551,-87.315560026828635,0.),(692.9622233400496,-97.994215291743231,0.),(681.78054996646551,-87.315560026828635,4.9999982118606656),(734.9747149564073,-119.71830985915894,4.9999982118606656),(719.9260898725521,-114.47853789404326,0.),(734.9747149564073,-119.71830985915894,0.),(719.9260898725521,-114.47853789404326,4.9999982118606656),(683.83454057679694,-0.50301810865789776,0.),(685.3278755868547,-21.540702548622448,4.9999982118606656),(685.3278755868547,-21.540702548622448,0.),(683.83454057679694,-0.50301810865789776,4.9999982118606656),(840.57707914151524,-100.25255700871639,4.9999982118606656),(827.53004694836022,-108.73574782025234,0.),(840.57707914151524,-100.25255700871639,0.),(827.53004694836022,-108.73574782025234,4.9999982118606656),(767.67089201877786,-96.076458752509183,4.9999982118606656),(785.21888832997774,-94.462608987267132,0.),(767.67089201877786,-96.076458752509183,0.),(785.21888832997774,-94.462608987267132,4.9999982118606656),(750.40584339369275,-94.478328303162868,4.9999982118606656),(767.67089201877786,-96.076458752509183,0.),(750.40584339369275,-94.478328303162868,0.),(767.67089201877786,-96.076458752509183,4.9999982118606656),(685.39075285042031,25.260940643870526,0.),(683.83454057679694,-0.50301810865789776,4.9999982118606656),(683.83454057679694,-0.50301810865789776,0.),(685.39075285042031,25.260940643870526,4.9999982118606656),(690.05938967134534,47.053152246819032,0.),(685.39075285042031,25.260940643870526,4.9999982118606656),(685.39075285042031,25.260940643870526,0.),(690.05938967134534,47.053152246819032,4.9999982118606656),(852.05217974514539,-89.97736418512963,4.9999982118606656),(840.57707914151524,-100.25255700871639,0.),(852.05217974514539,-89.97736418512963,0.),(840.57707914151524,-100.25255700871639,4.9999982118606656),(707.72790073775832,-70.50637156272569,4.9999982118606656),(720.43434775319452,-81.693284708248029,0.),(707.72790073775832,-70.50637156272569,0.),(720.43434775319452,-81.693284708248029,4.9999982118606656),(-867.3391683433988,-122.90409121395186,4.9999974668024869),(-900.53836351441873,-122.90409121394609,-7.4505806537672468E-07),(-867.3391683433988,-122.90409121395186,-7.4505806537672468E-07),(-900.53836351441873,-122.90409121394609,4.9999974668024869),(-717.10442655935503,-122.90409121395764,4.9999974668024869),(-748.45922199865811,-122.90409121396341,-7.4505806537672468E-07),(-717.10442655935503,-122.90409121395764,-7.4505806537672468E-07),(-748.45922199865811,-122.90409121396341,4.9999974668024869),(-649.69999999999663,122.90409121395764,-7.4505806537672468E-07),(-717.10442655935503,-122.90409121395764,4.9999974668024869),(-717.10442655935503,-122.90409121395764,-7.4505806537672468E-07),(-649.69999999999663,122.90409121395764,4.9999974668024869),(-826.76237424546571,122.90409121394609,4.9999974668024869),(-873.54305835010734,-43.091884641179234,-7.4505806537672468E-07),(-873.54305835010734,-43.091884641179234,4.9999974668024869),(-826.76237424546571,122.90409121394609,-7.4505806537672468E-07),(-64.253990610325943,843.15895372233649,-7.4505806537672468E-07),(-64.253990610325943,650.00000000000227,4.9999974668026903),(-64.253990610325943,650.00000000000227,-7.4505806537672468E-07),(-64.253990610325943,843.15895372233649,4.9999974668026903),(-64.253990610325943,650.00000000000227,4.9999974668026903),(-95.441113346745979,895.8081824279061,4.9999974668026903),(-95.441113346745979,649.99999999998499,4.9999974668026903),(-64.253990610325943,843.15895372233649,4.9999974668026903),(-62.074245472845924,895.8081824279061,4.9999974668026903),(64.853990610331579,650.00000000000227,4.9999974668026903),(67.033735747828928,702.81690140845205,4.9999974668026903),(98.220858484240296,650.00000000000227,4.9999974668026903),(98.220858484243195,895.8081824279061,4.9999974668026903),(67.033735747820259,895.8081824279061,4.9999974668026903),(-740.91395036887923,-46.403420523138081,-7.4505806537672468E-07),(-733.2010060362287,-88.531187122738899,4.9999974668024869),(-733.2010060362287,-88.531187122738899,-7.4505806537672468E-07),(-740.91395036887923,-46.403420523138081,4.9999974668024869),(-720.96089872568314,-35.043594902768383,4.9999974668024869),(-733.2010060362287,-88.531187122738899,-7.4505806537672468E-07),(-733.2010060362287,-88.531187122738899,4.9999974668024869),(-720.96089872568314,-35.043594902768383,-7.4505806537672468E-07),(-815.1929577464814,64.386317907442802,-7.4505806537672468E-07),(-867.3391683433988,-122.90409121395186,4.9999974668024869),(-867.3391683433988,-122.90409121395186,-7.4505806537672468E-07),(-815.1929577464814,64.386317907442802,4.9999974668024869),(-807.98303152246854,93.226022803488192,-7.4505806537672468E-07),(-815.1929577464814,64.386317907442802,4.9999974668024869),(-815.1929577464814,64.386317907442802,-7.4505806537672468E-07),(-807.98303152246854,93.226022803488192,4.9999974668024869),(-800.27008718981813,64.386317907448571,4.9999974668024869),(-748.45922199865811,-122.90409121396341,-7.4505806537672468E-07),(-748.45922199865811,-122.90409121396341,4.9999974668024869),(-800.27008718981813,64.386317907448571,-7.4505806537672468E-07),(-932.39617706237686,122.90409121395186,-7.4505806537672468E-07),(-895.0051643192453,-38.229376257543976,4.9999974668024869),(-895.0051643192453,-38.229376257543976,-7.4505806537672468E-07),(-932.39617706237686,122.90409121395186,4.9999974668024869),(-932.39617706237686,122.90409121395186,-7.4505806537672468E-07),(-900.53836351441873,-122.90409121394609,-7.4505806537672468E-07),(-965.7630449362855,122.90409121395186,-7.4505806537672468E-07),(-895.0051643192453,-38.229376257543976,-7.4505806537672468E-07),(-884.60945674045695,-88.531187122750453,-7.4505806537672468E-07),(-867.3391683433988,-122.90409121395186,-7.4505806537672468E-07),(-873.54305835010734,-43.091884641179234,-7.4505806537672468E-07),(-826.76237424546571,122.90409121394609,-7.4505806537672468E-07),(-815.1929577464814,64.386317907442802,-7.4505806537672468E-07),(-807.98303152246854,93.226022803488192,-7.4505806537672468E-07),(-787.52696177064058,122.90409121394032,-7.4505806537672468E-07),(-800.27008718981813,64.386317907448571,-7.4505806537672468E-07),(-748.45922199865811,-122.90409121396341,-7.4505806537672468E-07),(-752.31569416500361,-1.509054325950592,-7.4505806537672468E-07),(-740.91395036887923,-46.403420523138081,-7.4505806537672468E-07),(-733.2010060362287,-88.531187122738899,-7.4505806537672468E-07),(-717.10442655935503,-122.90409121395764,-7.4505806537672468E-07),(-720.96089872568314,-35.043594902768383,-7.4505806537672468E-07),(-682.39617706237016,122.90409121394032,-7.4505806537672468E-07),(-649.69999999999663,122.90409121395764,-7.4505806537672468E-07),(-873.54305835010734,-43.091884641179234,4.9999974668024869),(-884.60945674045695,-88.531187122750453,-7.4505806537672468E-07),(-884.60945674045695,-88.531187122750453,4.9999974668024869),(-873.54305835010734,-43.091884641179234,-7.4505806537672468E-07),(-900.53836351441873,-122.90409121394609,4.9999974668024869),(-932.39617706237686,122.90409121395186,4.9999974668024869),(-965.7630449362855,122.90409121395186,4.9999974668024869),(-895.0051643192453,-38.229376257543976,4.9999974668024869),(-884.60945674045695,-88.531187122750453,4.9999974668024869),(-867.3391683433988,-122.90409121395186,4.9999974668024869),(-873.54305835010734,-43.091884641179234,4.9999974668024869),(-826.76237424546571,122.90409121394609,4.9999974668024869),(-815.1929577464814,64.386317907442802,4.9999974668024869),(-807.98303152246854,93.226022803488192,4.9999974668024869),(-787.52696177064058,122.90409121394032,4.9999974668024869),(-800.27008718981813,64.386317907448571,4.9999974668024869),(-748.45922199865811,-122.90409121396341,4.9999974668024869),(-752.31569416500361,-1.509054325950592,4.9999974668024869),(-740.91395036887923,-46.403420523138081,4.9999974668024869),(-733.2010060362287,-88.531187122738899,4.9999974668024869),(-717.10442655935503,-122.90409121395764,4.9999974668024869),(-720.96089872568314,-35.043594902768383,4.9999974668024869),(-682.39617706237016,122.90409121394032,4.9999974668024869),(-649.69999999999663,122.90409121395764,4.9999974668024869),(812.02032193159323,90.124077800135353,4.9999982118606656),(791.29178403756475,99.36703554659934,0.),(812.02032193159323,90.124077800135353,0.),(791.29178403756475,99.36703554659934,4.9999982118606656),(829.20677397719396,75.285043594903527,4.9999982118606656),(812.02032193159323,90.124077800135353,0.),(829.20677397719396,75.285043594903527,0.),(812.02032193159323,90.124077800135353,4.9999982118606656),(850.35973340040164,-19.355717639166595,4.9999982118606656),(845.91116700201405,-39.025821596236433,0.),(845.91116700201405,-39.025821596236433,4.9999982118606656),(850.35973340040164,-19.355717639166595,0.),(845.91116700201405,-39.025821596236433,4.9999982118606656),(838.4968896713624,-55.992203219314113,0.),(838.4968896713624,-55.992203219314113,4.9999982118606656),(845.91116700201405,-39.025821596236433,0.),(721.78620892017318,89.102322266941144,4.9999982118606656),(708.73393695505683,78.722334004022514,0.),(721.78620892017318,89.102322266941144,0.),(708.73393695505683,78.722334004022514,4.9999982118606656),(708.73393695505683,78.722334004022514,0.),(697.84045103957476,64.873616700199179,4.9999982118606656),(697.84045103957476,64.873616700199179,0.),(708.73393695505683,78.722334004022514,4.9999982118606656),(838.4968896713624,-55.992203219314113,4.9999982118606656),(828.11690140844962,-70.254862508382303,0.),(828.11690140844962,-70.254862508382303,4.9999982118606656),(838.4968896713624,-55.992203219314113,0.),(815.44189302481641,-81.551810865186368,4.9999982118606656),(828.11690140844962,-70.254862508382303,0.),(815.44189302481641,-81.551810865186368,0.),(828.11690140844962,-70.254862508382303,4.9999982118606656),(697.84045103957476,64.873616700199179,0.),(690.05938967134534,47.053152246819032,4.9999982118606656),(690.05938967134534,47.053152246819032,0.),(697.84045103957476,64.873616700199179,4.9999982118606656),(736.0436284372887,96.516599597584118,4.9999982118606656),(721.78620892017318,89.102322266941144,0.),(736.0436284372887,96.516599597584118,0.),(721.78620892017318,89.102322266941144,4.9999982118606656),(751.50619550637134,100.96516599596875,4.9999982118606656),(736.0436284372887,96.516599597584118,0.),(751.50619550637134,100.96516599596875,0.),(736.0436284372887,96.516599597584118,4.9999982118606656),(720.43434775319452,-81.693284708248029,4.9999982118606656),(734.66032863848375,-89.683936955054648,0.),(720.43434775319452,-81.693284708248029,0.),(734.66032863848375,-89.683936955054648,4.9999982118606656),(734.66032863848375,-89.683936955054648,4.9999982118606656),(750.40584339369275,-94.478328303162868,0.),(734.66032863848375,-89.683936955054648,0.),(750.40584339369275,-94.478328303162868,4.9999982118606656),(841.69839034205108,55.415828303150462,4.9999982118606656),(849.30653923541013,31.124245472837082,0.),(849.30653923541013,31.124245472837082,4.9999982118606656),(841.69839034205108,55.415828303150462,0.),(849.30653923541013,31.124245472837082,4.9999982118606656),(851.84258886653947,3.0181086518954086,0.),(851.84258886653947,3.0181086518954086,4.9999982118606656),(849.30653923541013,31.124245472837082,0.),(785.21888832997774,-94.462608987267132,4.9999982118606656),(801.14255533198389,-89.621059691483239,0.),(785.21888832997774,-94.462608987267132,0.),(801.14255533198389,-89.621059691483239,4.9999982118606656),(829.20677397719396,75.285043594903527,4.9999982118606656),(841.69839034205108,55.415828303150462,0.),(841.69839034205108,55.415828303150462,4.9999982118606656),(829.20677397719396,75.285043594903527,0.),(801.14255533198389,-89.621059691483239,4.9999982118606656),(815.44189302481641,-81.551810865186368,0.),(801.14255533198389,-89.621059691483239,0.),(815.44189302481641,-81.551810865186368,4.9999982118606656),(851.84258886653947,3.0181086518954086,4.9999982118606656),(850.35973340040164,-19.355717639166595,0.),(850.35973340040164,-19.355717639166595,4.9999982118606656),(851.84258886653947,3.0181086518954086,0.),(-682.39617706237016,122.90409121394032,4.9999974668024869),(-720.96089872568314,-35.043594902768383,-7.4505806537672468E-07),(-720.96089872568314,-35.043594902768383,4.9999974668024869),(-682.39617706237016,122.90409121394032,-7.4505806537672468E-07),(-965.7630449362855,122.90409121395186,4.9999974668024869),(-900.53836351441873,-122.90409121394609,-7.4505806537672468E-07),(-900.53836351441873,-122.90409121394609,4.9999974668024869),(-965.7630449362855,122.90409121395186,-7.4505806537672468E-07),(-807.98303152246854,93.226022803488192,4.9999974668024869),(-800.27008718981813,64.386317907448571,-7.4505806537672468E-07),(-800.27008718981813,64.386317907448571,4.9999974668024869),(-807.98303152246854,93.226022803488192,-7.4505806537672468E-07),(-826.76237424546571,122.90409121394609,4.9999974668024869),(-787.52696177064058,122.90409121394032,-7.4505806537672468E-07),(-826.76237424546571,122.90409121394609,-7.4505806537672468E-07),(-787.52696177064058,122.90409121394032,4.9999974668024869),(-682.39617706237016,122.90409121394032,4.9999974668024869),(-649.69999999999663,122.90409121395764,-7.4505806537672468E-07),(-682.39617706237016,122.90409121394032,-7.4505806537672468E-07),(-649.69999999999663,122.90409121395764,4.9999974668024869),(-787.52696177064058,122.90409121394032,-7.4505806537672468E-07),(-752.31569416500361,-1.509054325950592,4.9999974668024869),(-752.31569416500361,-1.509054325950592,-7.4505806537672468E-07),(-787.52696177064058,122.90409121394032,4.9999974668024869),(-752.31569416500361,-1.509054325950592,-7.4505806537672468E-07),(-740.91395036887923,-46.403420523138081,4.9999974668024869),(-740.91395036887923,-46.403420523138081,-7.4505806537672468E-07),(-752.31569416500361,-1.509054325950592,4.9999974668024869),(-895.0051643192453,-38.229376257543976,-7.4505806537672468E-07),(-884.60945674045695,-88.531187122750453,4.9999974668024869),(-884.60945674045695,-88.531187122750453,-7.4505806537672468E-07),(-895.0051643192453,-38.229376257543976,4.9999974668024869),(-965.7630449362855,122.90409121395186,4.9999974668024869),(-932.39617706237686,122.90409121395186,-7.4505806537672468E-07),(-965.7630449362855,122.90409121395186,-7.4505806537672468E-07),(-932.39617706237686,122.90409121395186,4.9999974668024869),(67.033735747820259,895.8081824279061,4.9999974668026903),(98.220858484243195,895.8081824279061,-7.4505806537672468E-07),(67.033735747820259,895.8081824279061,-7.4505806537672468E-07),(98.220858484243195,895.8081824279061,4.9999974668026903),(67.033735747820259,895.8081824279061,4.9999974668026903),(67.033735747828928,702.81690140845205,-7.4505806537672468E-07),(67.033735747828928,702.81690140845205,4.9999974668026903),(67.033735747820259,895.8081824279061,-7.4505806537672468E-07),(-95.441113346745979,895.8081824279061,4.9999974668026903),(-95.441113346745979,649.99999999998499,-7.4505806537672468E-07),(-95.441113346745979,649.99999999998499,4.9999974668026903),(-95.441113346745979,895.8081824279061,-7.4505806537672468E-07),(-64.253990610325943,650.00000000000227,4.9999974668026903),(-95.441113346745979,649.99999999998499,-7.4505806537672468E-07),(-64.253990610325943,650.00000000000227,-7.4505806537672468E-07),(-95.441113346745979,649.99999999998499,4.9999974668026903),(-95.441113346745979,895.8081824279061,4.9999974668026903),(-62.074245472845924,895.8081824279061,-7.4505806537672468E-07),(-95.441113346745979,895.8081824279061,-7.4505806537672468E-07),(-62.074245472845924,895.8081824279061,4.9999974668026903),(-62.074245472845924,895.8081824279061,-7.4505806537672468E-07),(67.033735747828928,702.81690140845205,4.9999974668026903),(67.033735747828928,702.81690140845205,-7.4505806537672468E-07),(-62.074245472845924,895.8081824279061,4.9999974668026903),(98.220858484243195,895.8081824279061,-7.4505806537672468E-07),(67.033735747828928,702.81690140845205,-7.4505806537672468E-07),(67.033735747820259,895.8081824279061,-7.4505806537672468E-07),(98.220858484240296,650.00000000000227,-7.4505806537672468E-07),(-62.074245472845924,895.8081824279061,-7.4505806537672468E-07),(-95.441113346745979,649.99999999998499,-7.4505806537672468E-07),(-95.441113346745979,895.8081824279061,-7.4505806537672468E-07),(-64.253990610325943,843.15895372233649,-7.4505806537672468E-07),(64.853990610331579,650.00000000000227,-7.4505806537672468E-07),(-64.253990610325943,650.00000000000227,-7.4505806537672468E-07),(98.220858484240296,650.00000000000227,4.9999974668026903),(64.853990610331579,650.00000000000227,-7.4505806537672468E-07),(98.220858484240296,650.00000000000227,-7.4505806537672468E-07),(64.853990610331579,650.00000000000227,4.9999974668026903),(-64.253990610325943,843.15895372233649,4.9999974668026903),(64.853990610331579,650.00000000000227,-7.4505806537672468E-07),(64.853990610331579,650.00000000000227,4.9999974668026903),(-64.253990610325943,843.15895372233649,-7.4505806537672468E-07),(98.220858484243195,895.8081824279061,-7.4505806537672468E-07),(98.220858484240296,650.00000000000227,4.9999974668026903),(98.220858484240296,650.00000000000227,-7.4505806537672468E-07),(98.220858484243195,895.8081824279061,4.9999974668026903),(-293.93558712005427,58.527097105980914,4.9999982118606656),(-299.70001192093599,-5.775291356258094E-12,4.9999982118606656),(-299.70001192093599,-5.775291356258094E-12,-7.4505806537672468E-07),(249.74087862968167,-166.67106747627403,-7.4505806537672468E-07),(212.43203668594376,-212.13203668595537,-7.4505806537672468E-07),(212.43203668594376,-212.13203668595537,4.9999982118606656),(212.43203668594376,-212.13203668595537,4.9999982118606656),(212.43203668594376,-212.13203668595537,-7.4505806537672468E-07),(166.97106747627686,-249.44087862968175,4.9999982118606656),(-490.09262533188496,97.545161843297677,-7.4505806537672468E-07),(-299.70001192093599,-5.775291356258094E-12,-7.4505806537672468E-07),(-499.69999999999897,-5.775291356258094E-12,-7.4505806537672468E-07),(-461.63975210189352,191.3417130708618,-7.4505806537672468E-07),(-415.43479771614113,277.78512239455847,-7.4505806537672468E-07),(-353.25338454246457,353.55338454246743,-7.4505806537672468E-07),(-277.48512239456142,415.73479771613239,-7.4505806537672468E-07),(-293.93558712005427,58.527097105980914,-7.4505806537672468E-07),(-276.86386318206922,114.80502784251939,-7.4505806537672468E-07),(-191.04171307086474,461.93975210188188,-7.4505806537672468E-07),(-249.14087862968472,166.6710674762798,-7.4505806537672468E-07),(-211.83203668594101,212.13203668593226,-7.4505806537672468E-07),(-166.37106747627121,249.44087862968752,-7.4505806537672468E-07),(-97.245161843297751,490.39262533187048,-7.4505806537672468E-07),(-114.50502784251945,277.16386318206628,-7.4505806537672468E-07),(-58.227097105983873,294.23558712005712,-7.4505806537672468E-07),(0.29999999999126881,499.99999999999602,-7.4505806537672468E-07),(0.29999999999126881,300.00001192093589,-7.4505806537672468E-07),(-293.93558712005427,58.527097105980914,4.9999982118606656),(-299.70001192093599,-5.775291356258094E-12,-7.4505806537672468E-07),(-293.93558712005427,58.527097105980914,-7.4505806537672468E-07),(-299.70001192093599,-5.775291356258094E-12,4.9999982118606656),(-490.09262533188496,97.545161843297677,4.9999982118606656),(-499.69999999999897,-5.775291356258094E-12,4.9999982118606656),(-461.63975210189352,191.3417130708618,4.9999982118606656),(-415.43479771614113,277.78512239455847,4.9999982118606656),(-353.25338454246457,353.55338454246743,4.9999982118606656),(-277.48512239456142,415.73479771613239,4.9999982118606656),(-293.93558712005427,58.527097105980914,4.9999982118606656),(-276.86386318206922,114.80502784251939,4.9999982118606656),(-191.04171307086474,461.93975210188188,4.9999982118606656),(-249.14087862968472,166.6710674762798,4.9999982118606656),(-211.83203668594101,212.13203668593226,4.9999982118606656),(-166.37106747627121,249.44087862968752,4.9999982118606656),(-97.245161843297751,490.39262533187048,4.9999982118606656),(-114.50502784251945,277.16386318206628,4.9999982118606656),(-58.227097105983873,294.23558712005712,4.9999982118606656),(0.29999999999126881,499.99999999999602,4.9999982118606656),(0.29999999999126881,300.00001192093589,4.9999982118606656),(0.29999999999126881,499.99999999999602,4.9999982118606656),(0.29999999999126881,300.00001192093589,4.9999982118606656),(0.29999999999126881,300.00001192093589,-7.4505806537672468E-07),(-114.50502784251945,277.16386318206628,4.9999982118606656),(-166.37106747627121,249.44087862968752,-7.4505806537672468E-07),(-114.50502784251945,277.16386318206628,-7.4505806537672468E-07),(-114.50502784251945,277.16386318206628,4.9999982118606656),(-114.50502784251945,277.16386318206628,-7.4505806537672468E-07),(-58.227097105983873,294.23558712005712,4.9999982118606656),(-58.227097105983873,294.23558712005712,4.9999982118606656),(0.29999999999126881,300.00001192093589,-7.4505806537672468E-07),(0.29999999999126881,300.00001192093589,4.9999982118606656),(-58.227097105983873,294.23558712005712,4.9999982118606656),(-114.50502784251945,277.16386318206628,-7.4505806537672468E-07),(-58.227097105983873,294.23558712005712,-7.4505806537672468E-07),(115.10502784251932,-277.16386318207202,4.9999982118606656),(166.97106747627686,-249.44087862968175,-7.4505806537672468E-07),(115.10502784251932,-277.16386318207202,-7.4505806537672468E-07),(249.74087862968167,-166.67106747627403,-7.4505806537672468E-07),(212.43203668594376,-212.13203668595537,4.9999982118606656),(249.74087862968167,-166.67106747627403,4.9999982118606656),(0.29999999999126881,499.99999999999602,4.9999982118606656),(0.29999999999126881,300.00001192093589,-7.4505806537672468E-07),(0.29999999999126881,499.99999999999602,-7.4505806537672468E-07),(-299.70001192093599,-5.775291356258094E-12,4.9999982118606656),(-499.69999999999897,-5.775291356258094E-12,-7.4505806537672468E-07),(-299.70001192093599,-5.775291356258094E-12,-7.4505806537672468E-07),(115.10502784251932,-277.16386318207202,4.9999982118606656),(115.10502784251932,-277.16386318207202,-7.4505806537672468E-07),(58.827097105972186,-294.23558712005712,4.9999982118606656),(294.53558712004838,-58.527097105975145,4.9999982118606656),(277.46386318207487,-114.80502784252516,-7.4505806537672468E-07),(277.46386318207487,-114.80502784252516,4.9999982118606656),(166.97106747627686,-249.44087862968175,4.9999982118606656),(166.97106747627686,-249.44087862968175,-7.4505806537672468E-07),(115.10502784251932,-277.16386318207202,4.9999982118606656),(166.97106747627686,-249.44087862968175,4.9999982118606656),(212.43203668594376,-212.13203668595537,-7.4505806537672468E-07),(166.97106747627686,-249.44087862968175,-7.4505806537672468E-07),(277.46386318207487,-114.80502784252516,-7.4505806537672468E-07),(249.74087862968167,-166.67106747627403,4.9999982118606656),(277.46386318207487,-114.80502784252516,4.9999982118606656),(277.46386318207487,-114.80502784252516,-7.4505806537672468E-07),(249.74087862968167,-166.67106747627403,-7.4505806537672468E-07),(249.74087862968167,-166.67106747627403,4.9999982118606656),(0.29999999999126881,499.99999999999602,4.9999982118606656),(0.29999999999126881,499.99999999999602,-7.4505806537672468E-07),(-97.245161843297751,490.39262533187048,-7.4505806537672468E-07),(-499.69999999999897,-5.775291356258094E-12,4.9999982118606656),(-499.69999999999897,-5.775291356258094E-12,-7.4505806537672468E-07),(-299.70001192093599,-5.775291356258094E-12,4.9999982118606656),(-58.227097105983873,294.23558712005712,4.9999982118606656),(-58.227097105983873,294.23558712005712,-7.4505806537672468E-07),(0.29999999999126881,300.00001192093589,-7.4505806537672468E-07),(-490.09262533188496,97.545161843297677,4.9999982118606656),(-499.69999999999897,-5.775291356258094E-12,-7.4505806537672468E-07),(-499.69999999999897,-5.775291356258094E-12,4.9999982118606656),(-276.86386318206922,114.80502784251939,4.9999982118606656),(-293.93558712005427,58.527097105980914,4.9999982118606656),(-293.93558712005427,58.527097105980914,-7.4505806537672468E-07),(-211.83203668594101,212.13203668593226,4.9999982118606656),(-249.14087862968472,166.6710674762798,4.9999982118606656),(-249.14087862968472,166.6710674762798,-7.4505806537672468E-07),(-249.14087862968472,166.6710674762798,4.9999982118606656),(-276.86386318206922,114.80502784251939,-7.4505806537672468E-07),(-249.14087862968472,166.6710674762798,-7.4505806537672468E-07),(-490.09262533188496,97.545161843297677,-7.4505806537672468E-07),(-499.69999999999897,-5.775291356258094E-12,-7.4505806537672468E-07),(-490.09262533188496,97.545161843297677,4.9999982118606656),(-461.63975210189352,191.3417130708618,4.9999982118606656),(-490.09262533188496,97.545161843297677,-7.4505806537672468E-07),(-490.09262533188496,97.545161843297677,4.9999982118606656),(-277.48512239456142,415.73479771613239,4.9999982118606656),(-353.25338454246457,353.55338454246743,-7.4505806537672468E-07),(-353.25338454246457,353.55338454246743,4.9999982118606656),(-353.25338454246457,353.55338454246743,-7.4505806537672468E-07),(-415.43479771614113,277.78512239455847,-7.4505806537672468E-07),(-353.25338454246457,353.55338454246743,4.9999982118606656),(-415.43479771614113,277.78512239455847,-7.4505806537672468E-07),(-461.63975210189352,191.3417130708618,-7.4505806537672468E-07),(-415.43479771614113,277.78512239455847,4.9999982118606656),(-353.25338454246457,353.55338454246743,4.9999982118606656),(-415.43479771614113,277.78512239455847,-7.4505806537672468E-07),(-415.43479771614113,277.78512239455847,4.9999982118606656),(-97.245161843297751,490.39262533187048,4.9999982118606656),(-97.245161843297751,490.39262533187048,-7.4505806537672468E-07),(-191.04171307086474,461.93975210188188,-7.4505806537672468E-07),(-461.63975210189352,191.3417130708618,-7.4505806537672468E-07),(-490.09262533188496,97.545161843297677,-7.4505806537672468E-07),(-461.63975210189352,191.3417130708618,4.9999982118606656),(-415.43479771614113,277.78512239455847,4.9999982118606656),(-461.63975210189352,191.3417130708618,-7.4505806537672468E-07),(-461.63975210189352,191.3417130708618,4.9999982118606656),(0.29999999999126881,499.99999999999602,4.9999982118606656),(-97.245161843297751,490.39262533187048,-7.4505806537672468E-07),(-97.245161843297751,490.39262533187048,4.9999982118606656),(-191.04171307086474,461.93975210188188,4.9999982118606656),(-191.04171307086474,461.93975210188188,-7.4505806537672468E-07),(-277.48512239456142,415.73479771613239,-7.4505806537672468E-07),(-97.245161843297751,490.39262533187048,4.9999982118606656),(-191.04171307086474,461.93975210188188,-7.4505806537672468E-07),(-191.04171307086474,461.93975210188188,4.9999982118606656),(-191.04171307086474,461.93975210188188,4.9999982118606656),(-277.48512239456142,415.73479771613239,-7.4505806537672468E-07),(-277.48512239456142,415.73479771613239,4.9999982118606656),(-277.48512239456142,415.73479771613239,4.9999982118606656),(-277.48512239456142,415.73479771613239,-7.4505806537672468E-07),(-353.25338454246457,353.55338454246743,-7.4505806537672468E-07),(-211.83203668594101,212.13203668593226,4.9999982118606656),(-211.83203668594101,212.13203668593226,-7.4505806537672468E-07),(-166.37106747627121,249.44087862968752,4.9999982118606656),(-249.14087862968472,166.6710674762798,4.9999982118606656),(-276.86386318206922,114.80502784251939,4.9999982118606656),(-276.86386318206922,114.80502784251939,-7.4505806537672468E-07),(-166.37106747627121,249.44087862968752,4.9999982118606656),(-166.37106747627121,249.44087862968752,-7.4505806537672468E-07),(-114.50502784251945,277.16386318206628,4.9999982118606656),(-166.37106747627121,249.44087862968752,4.9999982118606656),(-211.83203668594101,212.13203668593226,-7.4505806537672468E-07),(-166.37106747627121,249.44087862968752,-7.4505806537672468E-07),(-276.86386318206922,114.80502784251939,4.9999982118606656),(-293.93558712005427,58.527097105980914,-7.4505806537672468E-07),(-276.86386318206922,114.80502784251939,-7.4505806537672468E-07),(-211.83203668594101,212.13203668593226,4.9999982118606656),(-249.14087862968472,166.6710674762798,-7.4505806537672468E-07),(-211.83203668594101,212.13203668593226,-7.4505806537672468E-07),(683.16384976525592,95.824949698188902,0.),(685.39075285042031,25.260940643870526,0.),(683.83454057679694,-0.50301810865789776,0.),(700.7904426559403,110.97313044936836,0.),(690.05938967134534,47.053152246819032,0.),(697.84045103957476,64.873616700199179,0.),(708.73393695505683,78.722334004022514,0.),(720.80637156270768,121.79325955735038,0.),(721.78620892017318,89.102322266941144,0.),(743.21163648557854,128.2853370221292,0.),(736.0436284372887,96.516599597584118,0.),(751.50619550637134,100.96516599596875,0.),(768.006237424544,130.44936284372793,0.),(768.17391012742996,102.44802146211237,0.),(784.60583501005544,129.4328470824951,0.),(791.29178403756475,99.36703554659934,0.),(800.36706908115434,126.3832997987909,0.),(812.02032193159323,90.124077800135353,0.),(815.28993963782625,121.30072099262105,0.),(829.20677397719396,75.285043594903527,0.),(829.37444668007993,114.1851106639856,0.),(841.69839034205108,55.415828303150462,0.),(842.22760731053336,105.25129946343458,0.),(849.30653923541013,31.124245472837082,0.),(853.45643863179305,94.714118041587426,0.),(851.84258886653947,3.0181086518954086,0.),(852.05217974514539,-89.97736418512963,0.),(861.95534875922476,-77.910169349428543,0.),(863.06094064386764,82.573566398397901,0.),(870.28658618376471,-64.05097250167087,0.),(871.0411133467486,68.829644533866031,0.),(876.8886988598166,-48.803236083161345,0.),(877.31312038899864,53.796738765929689,0.),(881.60449362843747,-32.570422535216267,0.),(881.79312541918625,37.789235412480593,0.),(884.43397048960412,-15.352531857818303,0.),(884.48112843729427,20.807134473495623,0.),(885.37712944331679,2.8504359490325442,0.),(652.35399061032786,28.939260563381229,0.),(653.8211267605642,-31.522468142186199,0.),(650.29999999999939,5.775291356258094E-12,0.),(658.51596244131645,54.556505700869273,0.),(664.3845070422559,-61.368209255530061,0.),(668.7859154929447,76.851735412481446,0.),(672.25464453385803,-75.10689134807744,0.),(681.78054996646551,-87.315560026828635,0.),(685.3278755868547,-21.540702548622448,0.),(692.9622233400496,-97.994215291743231,0.),(689.80788061703083,-40.220489604289554,0.),(697.27455566732522,-56.542379275647676,0.),(705.79966465459574,-107.14285714285587,0.),(707.72790073775832,-70.50637156272569,0.),(719.9260898725521,-114.47853789404326,0.),(720.43434775319452,-81.693284708248029,0.),(734.9747149564073,-119.71830985915894,0.),(734.66032863848375,-89.683936955054648,0.),(750.40584339369275,-94.478328303162868,0.),(750.94553990609768,-122.86217303824337,0.),(767.67089201877786,-96.076458752509183,0.),(767.83856472165803,-123.91012743125033,0.),(785.21888832997774,-94.462608987267132,0.),(783.57883970490275,-122.96172870556188,0.),(798.77417840376359,-120.11653252850228,0.),(801.14255533198389,-89.621059691483239,0.),(813.42458081824077,-115.37453890005999,0.),(815.44189302481641,-81.551810865186368,0.),(827.53004694836022,-108.73574782025234,0.),(828.11690140844962,-70.254862508382303,0.),(840.57707914151524,-100.25255700871639,0.),(838.4968896713624,-55.992203219314113,0.),(845.91116700201405,-39.025821596236433,0.),(850.35973340040164,-19.355717639166595,0.),(653.8211267605642,-31.522468142186199,4.9999982118606656),(652.35399061032786,28.939260563381229,4.9999982118606656),(650.29999999999939,5.775291356258094E-12,4.9999982118606656),(658.51596244131645,54.556505700869273,4.9999982118606656),(664.3845070422559,-61.368209255530061,4.9999982118606656),(668.7859154929447,76.851735412481446,4.9999982118606656),(672.25464453385803,-75.10689134807744,4.9999982118606656),(683.16384976525592,95.824949698188902,4.9999982118606656),(681.78054996646551,-87.315560026828635,4.9999982118606656),(683.83454057679694,-0.50301810865789776,4.9999982118606656),(685.3278755868547,-21.540702548622448,4.9999982118606656),(692.9622233400496,-97.994215291743231,4.9999982118606656),(689.80788061703083,-40.220489604289554,4.9999982118606656),(697.27455566732522,-56.542379275647676,4.9999982118606656),(705.79966465459574,-107.14285714285587,4.9999982118606656),(707.72790073775832,-70.50637156272569,4.9999982118606656),(719.9260898725521,-114.47853789404326,4.9999982118606656),(720.43434775319452,-81.693284708248029,4.9999982118606656),(734.9747149564073,-119.71830985915894,4.9999982118606656),(734.66032863848375,-89.683936955054648,4.9999982118606656),(750.40584339369275,-94.478328303162868,4.9999982118606656),(750.94553990609768,-122.86217303824337,4.9999982118606656),(767.67089201877786,-96.076458752509183,4.9999982118606656),(767.83856472165803,-123.91012743125033,4.9999982118606656),(785.21888832997774,-94.462608987267132,4.9999982118606656),(783.57883970490275,-122.96172870556188,4.9999982118606656),(798.77417840376359,-120.11653252850228,4.9999982118606656),(801.14255533198389,-89.621059691483239,4.9999982118606656),(813.42458081824077,-115.37453890005999,4.9999982118606656),(815.44189302481641,-81.551810865186368,4.9999982118606656),(827.53004694836022,-108.73574782025234,4.9999982118606656),(828.11690140844962,-70.254862508382303,4.9999982118606656),(840.57707914151524,-100.25255700871639,4.9999982118606656),(838.4968896713624,-55.992203219314113,4.9999982118606656),(845.91116700201405,-39.025821596236433,4.9999982118606656),(852.05217974514539,-89.97736418512963,4.9999982118606656),(850.35973340040164,-19.355717639166595,4.9999982118606656),(851.84258886653947,3.0181086518954086,4.9999982118606656),(685.39075285042031,25.260940643870526,4.9999982118606656),(700.7904426559403,110.97313044936836,4.9999982118606656),(690.05938967134534,47.053152246819032,4.9999982118606656),(697.84045103957476,64.873616700199179,4.9999982118606656),(708.73393695505683,78.722334004022514,4.9999982118606656),(720.80637156270768,121.79325955735038,4.9999982118606656),(721.78620892017318,89.102322266941144,4.9999982118606656),(743.21163648557854,128.2853370221292,4.9999982118606656),(736.0436284372887,96.516599597584118,4.9999982118606656),(751.50619550637134,100.96516599596875,4.9999982118606656),(768.006237424544,130.44936284372793,4.9999982118606656),(768.17391012742996,102.44802146211237,4.9999982118606656),(784.60583501005544,129.4328470824951,4.9999982118606656),(791.29178403756475,99.36703554659934,4.9999982118606656),(800.36706908115434,126.3832997987909,4.9999982118606656),(812.02032193159323,90.124077800135353,4.9999982118606656),(815.28993963782625,121.30072099262105,4.9999982118606656),(829.20677397719396,75.285043594903527,4.9999982118606656),(829.37444668007993,114.1851106639856,4.9999982118606656),(841.69839034205108,55.415828303150462,4.9999982118606656),(842.22760731053336,105.25129946343458,4.9999982118606656),(849.30653923541013,31.124245472837082,4.9999982118606656),(853.45643863179305,94.714118041587426,4.9999982118606656),(861.95534875922476,-77.910169349428543,4.9999982118606656),(863.06094064386764,82.573566398397901,4.9999982118606656),(870.28658618376471,-64.05097250167087,4.9999982118606656),(871.0411133467486,68.829644533866031,4.9999982118606656),(876.8886988598166,-48.803236083161345,4.9999982118606656),(877.31312038899864,53.796738765929689,4.9999982118606656),(881.60449362843747,-32.570422535216267,4.9999982118606656),(881.79312541918625,37.789235412480593,4.9999982118606656),(884.43397048960412,-15.352531857818303,4.9999982118606656),(884.48112843729427,20.807134473495623,4.9999982118606656),(885.37712944331679,2.8504359490325442,4.9999982118606656),(0.30000000000570703,200.00000000000071,-7.4505806537672468E-07),(200.299999999992,-5.775291356258094E-12,-7.4505806537672468E-07),(0.3000000000028194,0.,-7.4505806537672468E-07),(200.29999999999777,200.00000000000071,-7.4505806537672468E-07),(200.299999999992,-5.775291356258094E-12,99.99999925494194),(0.30000000000570703,200.00000000000071,99.99999925494194),(0.3000000000028194,0.,99.99999925494194),(200.29999999999777,200.00000000000071,99.99999925494194),(200.299999999992,-5.775291356258094E-12,99.99999925494194),(0.3000000000028194,0.,-7.4505806537672468E-07),(200.299999999992,-5.775291356258094E-12,-7.4505806537672468E-07),(0.3000000000028194,0.,99.99999925494194),(0.30000000000570703,200.00000000000071,99.99999925494194),(0.3000000000028194,0.,-7.4505806537672468E-07),(0.3000000000028194,0.,99.99999925494194),(0.30000000000570703,200.00000000000071,-7.4505806537672468E-07),(0.30000000000570703,200.00000000000071,99.99999925494194),(200.29999999999777,200.00000000000071,-7.4505806537672468E-07),(0.30000000000570703,200.00000000000071,-7.4505806537672468E-07),(200.29999999999777,200.00000000000071,99.99999925494194),(200.29999999999777,200.00000000000071,-7.4505806537672468E-07),(200.299999999992,-5.775291356258094E-12,99.99999925494194),(200.299999999992,-5.775291356258094E-12,-7.4505806537672468E-07),(200.29999999999777,200.00000000000071,99.99999925494194),(-51.846210596914624,-658.38363514419666,-7.4505806537672468E-07),(-61.906572769951296,-715.56002682763528,-7.4505806537672468E-07),(-69.703353454056312,-668.71646545943383,-7.4505806537672468E-07),(-58.532159624415272,-701.41264252179872,-7.4505806537672468E-07),(-48.408920187792745,-689.48692152917658,-7.4505806537672468E-07),(-30.426022803488035,-652.09590878605093,-7.4505806537672468E-07),(-40.659297451374954,-684.75540744466866,-7.4505806537672468E-07),(-30.908081824280131,-681.37575452717124,-7.4505806537672468E-07),(-5.4008718980536052,-678.67203219316752,-7.4505806537672468E-07),(-6.7422535211268944,-650.00000000001387,-7.4505806537672468E-07),(18.97454728369987,-652.20070422534809,-7.4505806537672468E-07),(19.477565392351991,-681.64822266934289,-7.4505806537672468E-07),(41.463648558022328,-658.80281690140873,-7.4505806537672468E-07),(29.323096914821257,-685.36846076458517,-7.4505806537672468E-07),(37.439503688799569,-690.57679409792092,-7.4505806537672468E-07),(43.942060697521399,-697.24178403755866,-7.4505806537672468E-07),(59.928604963113365,-669.68058350100648,-7.4505806537672468E-07),(48.946042924212541,-705.33199195170687,-7.4505806537672468E-07),(54.458283031520089,-725.7880617035695,-7.4505806537672468E-07),(85.645405767943018,-723.44064386319485,-7.4505806537672468E-07),(73.572971160297854,-684.70824949698726,-7.4505806537672468E-07),(82.208115358821146,-702.94265593562375,-7.4505806537672468E-07),(-90.620523138827878,-699.73591549295634,-7.4505806537672468E-07),(-91.102582159619985,-733.85731052986057,-7.4505806537672468E-07),(-93.261368209254414,-717.73977196512396,-7.4505806537672468E-07),(-84.626224010728237,-748.3400402414461,-7.4505806537672468E-07),(-82.697987927559836,-682.94768611669906,-7.4505806537672468E-07),(-73.748457411130417,-760.89453386988623,-7.4505806537672468E-07),(-58.385446009389327,-771.22736418511181,-7.4505806537672468E-07),(-59.517236753856601,-727.63246143529204,-7.4505806537672468E-07),(-52.349228705566745,-737.35747820254528,-7.4505806537672468E-07),(-39.731857813549411,-778.66784037559069,-7.4505806537672468E-07),(-35.393326626426301,-746.01358148892859,-7.4505806537672468E-07),(-10.934071093224064,-786.56941649898999,-7.4505806537672468E-07),(-3.3049631120050207,-754.87927565392363,-7.4505806537672468E-07),(32.828504359490374,-798.55801475520093,-7.4505806537672468E-07),(30.12478202548666,-763.28386988598095,-7.4505806537672468E-07),(51.104828973844086,-770.55667337357374,-7.4505806537672468E-07),(46.074647887325746,-805.11820925553559,-7.4505806537672468E-07),(54.961301140175095,-813.06170355466077,-7.4505806537672468E-07),(69.758417169683995,-781.76978537893774,-7.4505806537672468E-07),(59.991482226693435,-822.43041582830222,-7.4505806537672468E-07),(61.668209255532879,-833.26626425217421,-7.4505806537672468E-07),(68.102649228704578,-882.98122065727694,-7.4505806537672468E-07),(81.788933601609116,-867.55533199196441,-7.4505806537672468E-07),(82.794969818919128,-795.62374245473984,-7.4505806537672468E-07),(90.214486921529272,-849.63531187122533,-7.4505806537672468E-07),(90.46599597585822,-811.95087189806509,-7.4505806537672468E-07),(93.023004694833105,-830.58350100603343,-7.4505806537672468E-07),(-71.966934942990861,-818.3433936955023,-7.4505806537672468E-07),(-98.941281019450813,-844.39553990610386,-7.4505806537672468E-07),(-102.65103957075011,-821.02615694164308,-7.4505806537672468E-07),(-89.153386988597333,-865.20791415158396,-7.4505806537672468E-07),(-73.895171026159247,-882.28957075788173,-7.4505806537672468E-07),(-68.341012743122988,-835.13162307175969,-7.4505806537672468E-07),(-53.77444668007724,-894.46680080482986,-7.4505806537672468E-07),(-61.82273641851409,-848.60831656606979,-7.4505806537672468E-07),(-51.657578806165745,-859.29745137493023,-7.4505806537672468E-07),(-28.518745808182551,-901.7605633802799,-7.4505806537672468E-07),(-37.091012743122882,-867.72300469483889,-7.4505806537672468E-07),(-19.275788061707019,-873.19332662644081,-7.4505806537672468E-07),(2.1443997317253434,-904.19181757210617,-7.4505806537672468E-07),(0.63534540576897591,-875.01676727028882,-7.4505806537672468E-07),(18.157142857138727,-873.63346747149262,-7.4505806537672468E-07),(27.14859154929686,-901.78152246814284,-7.4505806537672468E-07),(33.499195171025576,-869.4835680751155,-7.4505806537672468E-07),(49.511938296447624,-894.55063715627,-7.4505806537672468E-07),(45.927934272299808,-862.92337357478652,-7.4505806537672468E-07),(54.709792085849038,-854.30918846411748,-7.4505806537672468E-07),(59.928604963110473,-844.22786720323529,-7.4505806537672468E-07),(-98.941281019450813,-844.39553990610386,4.999999254941935),(-71.966934942990861,-818.3433936955023,4.999999254941935),(-102.65103957075011,-821.02615694164308,4.999999254941935),(-89.153386988597333,-865.20791415158396,4.999999254941935),(-73.895171026159247,-882.28957075788173,4.999999254941935),(-68.341012743122988,-835.13162307175969,4.999999254941935),(-53.77444668007724,-894.46680080482986,4.999999254941935),(-61.82273641851409,-848.60831656606979,4.999999254941935),(-51.657578806165745,-859.29745137493023,4.999999254941935),(-28.518745808182551,-901.7605633802799,4.999999254941935),(-37.091012743122882,-867.72300469483889,4.999999254941935),(-19.275788061707019,-873.19332662644081,4.999999254941935),(2.1443997317253434,-904.19181757210617,4.999999254941935),(0.63534540576897591,-875.01676727028882,4.999999254941935),(18.157142857138727,-873.63346747149262,4.999999254941935),(27.14859154929686,-901.78152246814284,4.999999254941935),(33.499195171025576,-869.4835680751155,4.999999254941935),(49.511938296447624,-894.55063715627,4.999999254941935),(45.927934272299808,-862.92337357478652,4.999999254941935),(54.709792085849038,-854.30918846411748,4.999999254941935),(68.102649228704578,-882.98122065727694,4.999999254941935),(59.928604963110473,-844.22786720323529,4.999999254941935),(61.668209255532879,-833.26626425217421,4.999999254941935),(-91.102582159619985,-733.85731052986057,4.999999254941935),(-90.620523138827878,-699.73591549295634,4.999999254941935),(-93.261368209254414,-717.73977196512396,4.999999254941935),(-84.626224010728237,-748.3400402414461,4.999999254941935),(-82.697987927559836,-682.94768611669906,4.999999254941935),(-73.748457411130417,-760.89453386988623,4.999999254941935),(-69.703353454056312,-668.71646545943383,4.999999254941935),(-58.385446009389327,-771.22736418511181,4.999999254941935),(-61.906572769951296,-715.56002682763528,4.999999254941935),(-59.517236753856601,-727.63246143529204,4.999999254941935),(-52.349228705566745,-737.35747820254528,4.999999254941935),(-39.731857813549411,-778.66784037559069,4.999999254941935),(-35.393326626426301,-746.01358148892859,4.999999254941935),(-10.934071093224064,-786.56941649898999,4.999999254941935),(-3.3049631120050207,-754.87927565392363,4.999999254941935),(32.828504359490374,-798.55801475520093,4.999999254941935),(30.12478202548666,-763.28386988598095,4.999999254941935),(51.104828973844086,-770.55667337357374,4.999999254941935),(46.074647887325746,-805.11820925553559,4.999999254941935),(54.961301140175095,-813.06170355466077,4.999999254941935),(69.758417169683995,-781.76978537893774,4.999999254941935),(59.991482226693435,-822.43041582830222,4.999999254941935),(81.788933601609116,-867.55533199196441,4.999999254941935),(82.794969818919128,-795.62374245473984,4.999999254941935),(90.214486921529272,-849.63531187122533,4.999999254941935),(90.46599597585822,-811.95087189806509,4.999999254941935),(93.023004694833105,-830.58350100603343,4.999999254941935),(-51.846210596914624,-658.38363514419666,4.999999254941935),(-58.532159624415272,-701.41264252179872,4.999999254941935),(-48.408920187792745,-689.48692152917658,4.999999254941935),(-30.426022803488035,-652.09590878605093,4.999999254941935),(-40.659297451374954,-684.75540744466866,4.999999254941935),(-30.908081824280131,-681.37575452717124,4.999999254941935),(-5.4008718980536052,-678.67203219316752,4.999999254941935),(-6.7422535211268944,-650.00000000001387,4.999999254941935),(18.97454728369987,-652.20070422534809,4.999999254941935),(19.477565392351991,-681.64822266934289,4.999999254941935),(41.463648558022328,-658.80281690140873,4.999999254941935),(29.323096914821257,-685.36846076458517,4.999999254941935),(37.439503688799569,-690.57679409792092,4.999999254941935),(43.942060697521399,-697.24178403755866,4.999999254941935),(59.928604963113365,-669.68058350100648,4.999999254941935),(48.946042924212541,-705.33199195170687,4.999999254941935),(54.458283031520089,-725.7880617035695,4.999999254941935),(85.645405767943018,-723.44064386319485,4.999999254941935),(73.572971160297854,-684.70824949698726,4.999999254941935),(82.208115358821146,-702.94265593562375,4.999999254941935),(-102.65103957075011,-821.02615694164308,4.999999254941935),(-71.966934942990861,-818.3433936955023,-7.4505806537672468E-07),(-102.65103957075011,-821.02615694164308,-7.4505806537672468E-07),(-71.966934942990861,-818.3433936955023,4.999999254941935),(-71.966934942990861,-818.3433936955023,-7.4505806537672468E-07),(-68.341012743122988,-835.13162307175969,4.999999254941935),(-68.341012743122988,-835.13162307175969,-7.4505806537672468E-07),(-71.966934942990861,-818.3433936955023,4.999999254941935),(-68.341012743122988,-835.13162307175969,-7.4505806537672468E-07),(-61.82273641851409,-848.60831656606979,4.999999254941935),(-61.82273641851409,-848.60831656606979,-7.4505806537672468E-07),(-68.341012743122988,-835.13162307175969,4.999999254941935),(-61.82273641851409,-848.60831656606979,-7.4505806537672468E-07),(-51.657578806165745,-859.29745137493023,4.999999254941935),(-51.657578806165745,-859.29745137493023,-7.4505806537672468E-07),(-61.82273641851409,-848.60831656606979,4.999999254941935),(-51.657578806165745,-859.29745137493023,4.999999254941935),(-37.091012743122882,-867.72300469483889,-7.4505806537672468E-07),(-51.657578806165745,-859.29745137493023,-7.4505806537672468E-07),(-37.091012743122882,-867.72300469483889,4.999999254941935),(-37.091012743122882,-867.72300469483889,4.999999254941935),(-19.275788061707019,-873.19332662644081,-7.4505806537672468E-07),(-37.091012743122882,-867.72300469483889,-7.4505806537672468E-07),(-19.275788061707019,-873.19332662644081,4.999999254941935),(-19.275788061707019,-873.19332662644081,4.999999254941935),(0.63534540576897591,-875.01676727028882,-7.4505806537672468E-07),(-19.275788061707019,-873.19332662644081,-7.4505806537672468E-07),(0.63534540576897591,-875.01676727028882,4.999999254941935),(0.63534540576897591,-875.01676727028882,4.999999254941935),(18.157142857138727,-873.63346747149262,-7.4505806537672468E-07),(0.63534540576897591,-875.01676727028882,-7.4505806537672468E-07),(18.157142857138727,-873.63346747149262,4.999999254941935),(18.157142857138727,-873.63346747149262,4.999999254941935),(33.499195171025576,-869.4835680751155,-7.4505806537672468E-07),(18.157142857138727,-873.63346747149262,-7.4505806537672468E-07),(33.499195171025576,-869.4835680751155,4.999999254941935),(33.499195171025576,-869.4835680751155,4.999999254941935),(45.927934272299808,-862.92337357478652,-7.4505806537672468E-07),(33.499195171025576,-869.4835680751155,-7.4505806537672468E-07),(45.927934272299808,-862.92337357478652,4.999999254941935),(45.927934272299808,-862.92337357478652,4.999999254941935),(54.709792085849038,-854.30918846411748,-7.4505806537672468E-07),(45.927934272299808,-862.92337357478652,-7.4505806537672468E-07),(54.709792085849038,-854.30918846411748,4.999999254941935),(59.928604963110473,-844.22786720323529,4.999999254941935),(54.709792085849038,-854.30918846411748,-7.4505806537672468E-07),(54.709792085849038,-854.30918846411748,4.999999254941935),(59.928604963110473,-844.22786720323529,-7.4505806537672468E-07),(61.668209255532879,-833.26626425217421,4.999999254941935),(59.928604963110473,-844.22786720323529,-7.4505806537672468E-07),(59.928604963110473,-844.22786720323529,4.999999254941935),(61.668209255532879,-833.26626425217421,-7.4505806537672468E-07),(59.991482226693435,-822.43041582830222,4.999999254941935),(61.668209255532879,-833.26626425217421,-7.4505806537672468E-07),(61.668209255532879,-833.26626425217421,4.999999254941935),(59.991482226693435,-822.43041582830222,-7.4505806537672468E-07),(54.961301140175095,-813.06170355466077,4.999999254941935),(59.991482226693435,-822.43041582830222,-7.4505806537672468E-07),(59.991482226693435,-822.43041582830222,4.999999254941935),(54.961301140175095,-813.06170355466077,-7.4505806537672468E-07),(54.961301140175095,-813.06170355466077,4.999999254941935),(46.074647887325746,-805.11820925553559,-7.4505806537672468E-07),(54.961301140175095,-813.06170355466077,-7.4505806537672468E-07),(46.074647887325746,-805.11820925553559,4.999999254941935),(46.074647887325746,-805.11820925553559,4.999999254941935),(32.828504359490374,-798.55801475520093,-7.4505806537672468E-07),(46.074647887325746,-805.11820925553559,-7.4505806537672468E-07),(32.828504359490374,-798.55801475520093,4.999999254941935),(32.828504359490374,-798.55801475520093,4.999999254941935),(-10.934071093224064,-786.56941649898999,-7.4505806537672468E-07),(32.828504359490374,-798.55801475520093,-7.4505806537672468E-07),(-10.934071093224064,-786.56941649898999,4.999999254941935),(-10.934071093224064,-786.56941649898999,4.999999254941935),(-39.731857813549411,-778.66784037559069,-7.4505806537672468E-07),(-10.934071093224064,-786.56941649898999,-7.4505806537672468E-07),(-39.731857813549411,-778.66784037559069,4.999999254941935),(-39.731857813549411,-778.66784037559069,4.999999254941935),(-58.385446009389327,-771.22736418511181,-7.4505806537672468E-07),(-39.731857813549411,-778.66784037559069,-7.4505806537672468E-07),(-58.385446009389327,-771.22736418511181,4.999999254941935),(-58.385446009389327,-771.22736418511181,4.999999254941935),(-73.748457411130417,-760.89453386988623,-7.4505806537672468E-07),(-58.385446009389327,-771.22736418511181,-7.4505806537672468E-07),(-73.748457411130417,-760.89453386988623,4.999999254941935),(-84.626224010728237,-748.3400402414461,4.999999254941935),(-73.748457411130417,-760.89453386988623,-7.4505806537672468E-07),(-73.748457411130417,-760.89453386988623,4.999999254941935),(-84.626224010728237,-748.3400402414461,-7.4505806537672468E-07),(-91.102582159619985,-733.85731052986057,4.999999254941935),(-84.626224010728237,-748.3400402414461,-7.4505806537672468E-07),(-84.626224010728237,-748.3400402414461,4.999999254941935),(-91.102582159619985,-733.85731052986057,-7.4505806537672468E-07),(-93.261368209254414,-717.73977196512396,4.999999254941935),(-91.102582159619985,-733.85731052986057,-7.4505806537672468E-07),(-91.102582159619985,-733.85731052986057,4.999999254941935),(-93.261368209254414,-717.73977196512396,-7.4505806537672468E-07),(-90.620523138827878,-699.73591549295634,4.999999254941935),(-93.261368209254414,-717.73977196512396,-7.4505806537672468E-07),(-93.261368209254414,-717.73977196512396,4.999999254941935),(-90.620523138827878,-699.73591549295634,-7.4505806537672468E-07),(-82.697987927559836,-682.94768611669906,4.999999254941935),(-90.620523138827878,-699.73591549295634,-7.4505806537672468E-07),(-90.620523138827878,-699.73591549295634,4.999999254941935),(-82.697987927559836,-682.94768611669906,-7.4505806537672468E-07),(-69.703353454056312,-668.71646545943383,4.999999254941935),(-82.697987927559836,-682.94768611669906,-7.4505806537672468E-07),(-82.697987927559836,-682.94768611669906,4.999999254941935),(-69.703353454056312,-668.71646545943383,-7.4505806537672468E-07),(-69.703353454056312,-668.71646545943383,4.999999254941935),(-51.846210596914624,-658.38363514419666,-7.4505806537672468E-07),(-69.703353454056312,-668.71646545943383,-7.4505806537672468E-07),(-51.846210596914624,-658.38363514419666,4.999999254941935),(-51.846210596914624,-658.38363514419666,4.999999254941935),(-30.426022803488035,-652.09590878605093,-7.4505806537672468E-07),(-51.846210596914624,-658.38363514419666,-7.4505806537672468E-07),(-30.426022803488035,-652.09590878605093,4.999999254941935),(-30.426022803488035,-652.09590878605093,4.999999254941935),(-6.7422535211268944,-650.00000000001387,-7.4505806537672468E-07),(-30.426022803488035,-652.09590878605093,-7.4505806537672468E-07),(-6.7422535211268944,-650.00000000001387,4.999999254941935),(-6.7422535211268944,-650.00000000001387,4.999999254941935),(18.97454728369987,-652.20070422534809,-7.4505806537672468E-07),(-6.7422535211268944,-650.00000000001387,-7.4505806537672468E-07),(18.97454728369987,-652.20070422534809,4.999999254941935),(18.97454728369987,-652.20070422534809,4.999999254941935),(41.463648558022328,-658.80281690140873,-7.4505806537672468E-07),(18.97454728369987,-652.20070422534809,-7.4505806537672468E-07),(41.463648558022328,-658.80281690140873,4.999999254941935),(41.463648558022328,-658.80281690140873,4.999999254941935),(59.928604963113365,-669.68058350100648,-7.4505806537672468E-07),(41.463648558022328,-658.80281690140873,-7.4505806537672468E-07),(59.928604963113365,-669.68058350100648,4.999999254941935),(59.928604963113365,-669.68058350100648,-7.4505806537672468E-07),(73.572971160297854,-684.70824949698726,4.999999254941935),(73.572971160297854,-684.70824949698726,-7.4505806537672468E-07),(59.928604963113365,-669.68058350100648,4.999999254941935),(73.572971160297854,-684.70824949698726,-7.4505806537672468E-07),(82.208115358821146,-702.94265593562375,4.999999254941935),(82.208115358821146,-702.94265593562375,-7.4505806537672468E-07),(73.572971160297854,-684.70824949698726,4.999999254941935),(82.208115358821146,-702.94265593562375,-7.4505806537672468E-07),(85.645405767943018,-723.44064386319485,4.999999254941935),(85.645405767943018,-723.44064386319485,-7.4505806537672468E-07),(82.208115358821146,-702.94265593562375,4.999999254941935),(85.645405767943018,-723.44064386319485,4.999999254941935),(54.458283031520089,-725.7880617035695,-7.4505806537672468E-07),(85.645405767943018,-723.44064386319485,-7.4505806537672468E-07),(54.458283031520089,-725.7880617035695,4.999999254941935),(48.946042924212541,-705.33199195170687,4.999999254941935),(54.458283031520089,-725.7880617035695,-7.4505806537672468E-07),(54.458283031520089,-725.7880617035695,4.999999254941935),(48.946042924212541,-705.33199195170687,-7.4505806537672468E-07),(43.942060697521399,-697.24178403755866,4.999999254941935),(48.946042924212541,-705.33199195170687,-7.4505806537672468E-07),(48.946042924212541,-705.33199195170687,4.999999254941935),(43.942060697521399,-697.24178403755866,-7.4505806537672468E-07),(37.439503688799569,-690.57679409792092,4.999999254941935),(43.942060697521399,-697.24178403755866,-7.4505806537672468E-07),(43.942060697521399,-697.24178403755866,4.999999254941935),(37.439503688799569,-690.57679409792092,-7.4505806537672468E-07),(37.439503688799569,-690.57679409792092,4.999999254941935),(29.323096914821257,-685.36846076458517,-7.4505806537672468E-07),(37.439503688799569,-690.57679409792092,-7.4505806537672468E-07),(29.323096914821257,-685.36846076458517,4.999999254941935),(29.323096914821257,-685.36846076458517,4.999999254941935),(19.477565392351991,-681.64822266934289,-7.4505806537672468E-07),(29.323096914821257,-685.36846076458517,-7.4505806537672468E-07),(19.477565392351991,-681.64822266934289,4.999999254941935),(19.477565392351991,-681.64822266934289,4.999999254941935),(-5.4008718980536052,-678.67203219316752,-7.4505806537672468E-07),(19.477565392351991,-681.64822266934289,-7.4505806537672468E-07),(-5.4008718980536052,-678.67203219316752,4.999999254941935),(-5.4008718980536052,-678.67203219316752,4.999999254941935),(-30.908081824280131,-681.37575452717124,-7.4505806537672468E-07),(-5.4008718980536052,-678.67203219316752,-7.4505806537672468E-07),(-30.908081824280131,-681.37575452717124,4.999999254941935),(-30.908081824280131,-681.37575452717124,4.999999254941935),(-40.659297451374954,-684.75540744466866,-7.4505806537672468E-07),(-30.908081824280131,-681.37575452717124,-7.4505806537672468E-07),(-40.659297451374954,-684.75540744466866,4.999999254941935),(-40.659297451374954,-684.75540744466866,4.999999254941935),(-48.408920187792745,-689.48692152917658,-7.4505806537672468E-07),(-40.659297451374954,-684.75540744466866,-7.4505806537672468E-07),(-48.408920187792745,-689.48692152917658,4.999999254941935),(-48.408920187792745,-689.48692152917658,-7.4505806537672468E-07),(-58.532159624415272,-701.41264252179872,4.999999254941935),(-58.532159624415272,-701.41264252179872,-7.4505806537672468E-07),(-48.408920187792745,-689.48692152917658,4.999999254941935),(-58.532159624415272,-701.41264252179872,-7.4505806537672468E-07),(-61.906572769951296,-715.56002682763528,4.999999254941935),(-61.906572769951296,-715.56002682763528,-7.4505806537672468E-07),(-58.532159624415272,-701.41264252179872,4.999999254941935),(-61.906572769951296,-715.56002682763528,-7.4505806537672468E-07),(-59.517236753856601,-727.63246143529204,4.999999254941935),(-59.517236753856601,-727.63246143529204,-7.4505806537672468E-07),(-61.906572769951296,-715.56002682763528,4.999999254941935),(-59.517236753856601,-727.63246143529204,-7.4505806537672468E-07),(-52.349228705566745,-737.35747820254528,4.999999254941935),(-52.349228705566745,-737.35747820254528,-7.4505806537672468E-07),(-59.517236753856601,-727.63246143529204,4.999999254941935),(-52.349228705566745,-737.35747820254528,4.999999254941935),(-35.393326626426301,-746.01358148892859,-7.4505806537672468E-07),(-52.349228705566745,-737.35747820254528,-7.4505806537672468E-07),(-35.393326626426301,-746.01358148892859,4.999999254941935),(-35.393326626426301,-746.01358148892859,4.999999254941935),(-3.3049631120050207,-754.87927565392363,-7.4505806537672468E-07),(-35.393326626426301,-746.01358148892859,-7.4505806537672468E-07),(-3.3049631120050207,-754.87927565392363,4.999999254941935),(-3.3049631120050207,-754.87927565392363,4.999999254941935),(30.12478202548666,-763.28386988598095,-7.4505806537672468E-07),(-3.3049631120050207,-754.87927565392363,-7.4505806537672468E-07),(30.12478202548666,-763.28386988598095,4.999999254941935),(30.12478202548666,-763.28386988598095,4.999999254941935),(51.104828973844086,-770.55667337357374,-7.4505806537672468E-07),(30.12478202548666,-763.28386988598095,-7.4505806537672468E-07),(51.104828973844086,-770.55667337357374,4.999999254941935),(51.104828973844086,-770.55667337357374,4.999999254941935),(69.758417169683995,-781.76978537893774,-7.4505806537672468E-07),(51.104828973844086,-770.55667337357374,-7.4505806537672468E-07),(69.758417169683995,-781.76978537893774,4.999999254941935),(69.758417169683995,-781.76978537893774,-7.4505806537672468E-07),(82.794969818919128,-795.62374245473984,4.999999254941935),(82.794969818919128,-795.62374245473984,-7.4505806537672468E-07),(69.758417169683995,-781.76978537893774,4.999999254941935),(82.794969818919128,-795.62374245473984,-7.4505806537672468E-07),(90.46599597585822,-811.95087189806509,4.999999254941935),(90.46599597585822,-811.95087189806509,-7.4505806537672468E-07),(82.794969818919128,-795.62374245473984,4.999999254941935),(90.46599597585822,-811.95087189806509,-7.4505806537672468E-07),(93.023004694833105,-830.58350100603343,4.999999254941935),(93.023004694833105,-830.58350100603343,-7.4505806537672468E-07),(90.46599597585822,-811.95087189806509,4.999999254941935),(93.023004694833105,-830.58350100603343,-7.4505806537672468E-07),(90.214486921529272,-849.63531187122533,4.999999254941935),(90.214486921529272,-849.63531187122533,-7.4505806537672468E-07),(93.023004694833105,-830.58350100603343,4.999999254941935),(90.214486921529272,-849.63531187122533,-7.4505806537672468E-07),(81.788933601609116,-867.55533199196441,4.999999254941935),(81.788933601609116,-867.55533199196441,-7.4505806537672468E-07),(90.214486921529272,-849.63531187122533,4.999999254941935),(81.788933601609116,-867.55533199196441,-7.4505806537672468E-07),(68.102649228704578,-882.98122065727694,4.999999254941935),(68.102649228704578,-882.98122065727694,-7.4505806537672468E-07),(81.788933601609116,-867.55533199196441,4.999999254941935),(68.102649228704578,-882.98122065727694,4.999999254941935),(49.511938296447624,-894.55063715627,-7.4505806537672468E-07),(68.102649228704578,-882.98122065727694,-7.4505806537672468E-07),(49.511938296447624,-894.55063715627,4.999999254941935),(49.511938296447624,-894.55063715627,4.999999254941935),(27.14859154929686,-901.78152246814284,-7.4505806537672468E-07),(49.511938296447624,-894.55063715627,-7.4505806537672468E-07),(27.14859154929686,-901.78152246814284,4.999999254941935),(27.14859154929686,-901.78152246814284,4.999999254941935),(2.1443997317253434,-904.19181757210617,-7.4505806537672468E-07),(27.14859154929686,-901.78152246814284,-7.4505806537672468E-07),(2.1443997317253434,-904.19181757210617,4.999999254941935),(2.1443997317253434,-904.19181757210617,4.999999254941935),(-28.518745808182551,-901.7605633802799,-7.4505806537672468E-07),(2.1443997317253434,-904.19181757210617,-7.4505806537672468E-07),(-28.518745808182551,-901.7605633802799,4.999999254941935),(-28.518745808182551,-901.7605633802799,4.999999254941935),(-53.77444668007724,-894.46680080482986,-7.4505806537672468E-07),(-28.518745808182551,-901.7605633802799,-7.4505806537672468E-07),(-53.77444668007724,-894.46680080482986,4.999999254941935),(-53.77444668007724,-894.46680080482986,4.999999254941935),(-73.895171026159247,-882.28957075788173,-7.4505806537672468E-07),(-53.77444668007724,-894.46680080482986,-7.4505806537672468E-07),(-73.895171026159247,-882.28957075788173,4.999999254941935),(-89.153386988597333,-865.20791415158396,4.999999254941935),(-73.895171026159247,-882.28957075788173,-7.4505806537672468E-07),(-73.895171026159247,-882.28957075788173,4.999999254941935),(-89.153386988597333,-865.20791415158396,-7.4505806537672468E-07),(-98.941281019450813,-844.39553990610386,4.999999254941935),(-89.153386988597333,-865.20791415158396,-7.4505806537672468E-07),(-89.153386988597333,-865.20791415158396,4.999999254941935),(-98.941281019450813,-844.39553990610386,-7.4505806537672468E-07),(-102.65103957075011,-821.02615694164308,4.999999254941935),(-98.941281019450813,-844.39553990610386,-7.4505806537672468E-07),(-98.941281019450813,-844.39553990610386,4.999999254941935),(-102.65103957075011,-821.02615694164308,-7.4505806537672468E-07)));
#404=IFCSTYLEDITEM(#402,(#405),$);
#405=IFCSURFACESTYLE('virtual_black',.BOTH.,(#392));
#406=IFCSHAPEREPRESENTATION(#12,'Body','Tessellation',(#402));
#407=IFCPRODUCTDEFINITIONSHAPE($,$,(#406));
ENDSEC;
END-ISO-10303-21;
