ISO-10303-21;
HEADER;
FILE_DESCRIPTION(('ViewDefinition [ReferenceView_V1.2]'),'2;1');
FILE_NAME('Infra-Road.ifc','2024-11-14T11:09:13',(''),(''),'IFC-manager for SketchUp (5.3.3)','SketchUp 2024 (24.0.594)','None');
FILE_SCHEMA(('IFC4'));
ENDSEC;
DATA;
#1=IFCOWNERHISTORY(#2,#5,$,.ADDED.,1731578953,#2,#5,1731578953);
#2=IFCPERSONANDORGANIZATION(#3,#4,$);
#3=IFCPERSON('3720f2e9-0107-4ce6-b699-e20d9bd03331','Jan B.',$,$,$,$,$,$);
#4=IFCORGANIZATION($,'buildingSMART International','buildingSMART is the worldwide industry body driving the digital transformation of the built environment.',$,$);
#5=IFCAPPLICATION(#6,'5.3.3','IFC manager for sketchup','su_ifcmanager');
#6=IFCORGANIZATION($,'BIM-Tools',$,$,$);
#7=IFCAXIS2PLACEMENT3D(#8,#9,#10);
#8=IFCCARTESIANPOINT((0.,0.,0.));
#9=IFCDIRECTION((0.,0.,1.));
#10=IFCDIRECTION((1.,0.,0.));
#11=IFCGEOMETRICREPRESENTATIONCONTEXT($,'Model',3,$,#7,$);
#12=IFCGEOMETRICREPRESENTATIONSUBCONTEXT('Body','Model',*,*,*,*,#11,$,.MODEL_VIEW.,$);
#13=IFCPROJECT('2Ndyd$OSX7s9A04nc4lyye',#1,'ifc silly sample scene - project','Demystifying IFC with a playful scene using diverse building elements and compositions.',$,$,$,(#11),#14);
#14=IFCUNITASSIGNMENT((#15,#16,#17));
#15=IFCSIUNIT(*,.LENGTHUNIT.,.MILLI.,.METRE.);
#16=IFCSIUNIT(*,.AREAUNIT.,$,.SQUARE_METRE.);
#17=IFCSIUNIT(*,.VOLUMEUNIT.,$,.CUBIC_METRE.);
#18=IFCPROJECTEDCRS('EPSG:32760','EPSG:32760 - WGS 84 / UTM zone 60S','WGS 84',$,$,$,#15);
#19=IFCMAPCONVERSION(#11,#18,729011225.88235843,9063960607.6447048,0.,1.,0.,1.);
#20=IFCSITE('23sFQGRy90RxVbRHD9iSE2',#1,'environment - site','A sample scene environment, showcasing the surrounding landscape.',$,#22,$,$,.COMPLEX.,$,$,0.,$,$);
#21=IFCRELAGGREGATES('02JYkHvJbDjOKNhw2uxBwi',#1,'ifc silly sample scene - project container',$,#13,(#20));
#22=IFCLOCALPLACEMENT($,#7);
#23=IFCSITE('1adp27B_9CUfup2ojuKOng',#1,'road parking - site','A designated parking area, providing space for vehicles.',$,#25,$,$,.PARTIAL.,$,$,0.,$,$);
#24=IFCRELAGGREGATES('37IGRALn93i9ss7d_lOCNw',#1,'environment - site container',$,#20,(#23,#548,#807,#813,#1015));
#25=IFCLOCALPLACEMENT(#22,#26);
#26=IFCAXIS2PLACEMENT3D(#27,#28,#29);
#27=IFCCARTESIANPOINT((1.7108101132749372E-11,20000.000000000055,0.));
#28=IFCDIRECTION((0.,0.,1.));
#29=IFCDIRECTION((-0.50000000000000022,0.86602540378443871,0.));
#30=IFCBUILDING('2MBfH6RyP3luv6spdwrCIJ',#1,'road parking - road','A well-constructed road, connecting various parts of the infrastructure.',$,#35,$,$,.COMPLEX.,0.,0.,$);
#31=IFCCLASSIFICATION('Molio','1.0','2023-01-23','CCI Construction',$,'https://identifier.buildingsmart.org/uri/molio/cciconstruction/1.0',$);
#32=IFCCLASSIFICATIONREFERENCE('https://identifier.buildingsmart.org/uri/molio/cciconstruction/1.0/class/E-CAE','E-CAE','Road',#31,$,$);
#33=IFCRELASSOCIATESCLASSIFICATION('1ev$uF_J5ALBrpR7Q0zmQL',#1,'CCI Construction Classification',$,(#30,#554,#685,#834,#1021),#32);
#34=IFCRELAGGREGATES('357D$pavzCZu1M7$f1dsZg',#1,'road parking - site container',$,#23,(#30));
#35=IFCLOCALPLACEMENT(#25,#36);
#36=IFCAXIS2PLACEMENT3D(#37,#38,#39);
#37=IFCCARTESIANPOINT((0.,0.,0.));
#38=IFCDIRECTION((0.,0.,1.));
#39=IFCDIRECTION((1.,0.,0.));
#40=IFCBUILDING('13nXdzaiLCcBMI_327t3$B',#1,'road parking - road segment','A segment of the road, connecting various parts of the infrastructure.','roadsegment',#42,$,$,.PARTIAL.,0.,0.,$);
#41=IFCRELAGGREGATES('13uf4QPjDDextp$q7Q0mo8',#1,'road parking - road container',$,#30,(#40,#332));
#42=IFCLOCALPLACEMENT(#35,#43);
#43=IFCAXIS2PLACEMENT3D(#44,#45,#46);
#44=IFCCARTESIANPOINT((0.,0.,0.));
#45=IFCDIRECTION((0.,0.,1.));
#46=IFCDIRECTION((1.,0.,0.));
#47=IFCBUILDINGSTOREY('2X7Dlo9gX5dgM3FX0gYZXP',#1,'road - parking','A designated parking area, providing space for vehicles.','parkingbay',#49,$,$,.ELEMENT.,0.);
#48=IFCRELAGGREGATES('12a7vVWo15ugl$TUOxwCbt',#1,'road parking - road segment container',$,#40,(#47,#168,#179,#190));
#49=IFCLOCALPLACEMENT(#42,#50);
#50=IFCAXIS2PLACEMENT3D(#51,#52,#53);
#51=IFCCARTESIANPOINT((0.,0.,0.));
#52=IFCDIRECTION((0.,0.,1.));
#53=IFCDIRECTION((1.,0.,0.));
#54=IFCSLABTYPE('2EzPaFZtb3Te7t3gdE7DhG',#1,'asphalt binder course - road - parking','A durable asphalt binder course, forming a key layer of the parking area.',$,$,$,'1922392','core',.USERDEFINED.);
#55=IFCRELDEFINESBYTYPE('3Eqsf55790yeGt8sQbTRIo',#1,$,$,(#56,#345),#54);
#56=IFCSLAB('37h0T9Qob7Mw1PFsR1kVP7',#1,'asphalt binder course - road - parking','A durable asphalt binder course, forming a key layer of the parking area.','core',#73,#83,'454425.1027892.955978.953073.940313.1922259',$);
#57=IFCPROPERTYENUMERATEDVALUE('Status',$,(IFCLABEL('UNSET')),#58);
#58=IFCPROPERTYENUMERATION('#<BimTools::IfcManager::Types::IfcLabel:0x000001cc37c2a6f0>',(IFCLABEL('NEW'),IFCLABEL('EXISTING'),IFCLABEL('DEMOLISH'),IFCLABEL('TEMPORARY'),IFCLABEL('OTHER'),IFCLABEL('NOTKNOWN'),IFCLABEL('UNSET')),$);
#59=IFCPROPERTYSINGLEVALUE('IsExternal',$,IFCBOOLEAN(.T.),$);
#60=IFCPROPERTYSINGLEVALUE('LoadBearing',$,IFCBOOLEAN(.T.),$);
#61=IFCPROPERTYSET('2Q4xyBWvz3dgy9qxW1raem',#1,'Pset_SlabCommon',$,(#57,#59,#60));
#62=IFCRELDEFINESBYPROPERTIES('0YCa8Xx2HD4eG6IvBNf8cD',#1,$,$,(#56),#61);
#63=IFCSURFACESTYLERENDERING(#64,0.,$,$,$,$,$,$,.NOTDEFINED.);
#64=IFCCOLOURRGB($,0.47058823529411764,0.39215686274509803,0.31372549019607843);
#65=IFCRELASSOCIATESMATERIAL('32rJ_TvV5Efuf5pa3rZcX_',#1,$,$,(#56,#198,#345,#440,#623,#749,#855,#1042),#66);
#66=IFCMATERIAL('bitumen_dbm_generic',$,$);
#67=IFCQUANTITYVOLUME('NetVolume',$,$,1.1410049218992266,$);
#68=IFCQUANTITYLENGTH('Depth',$,$,80.000000000001364,$);
#69=IFCQUANTITYAREA('NetArea',$,$,14.262561523740088,$);
#70=IFCELEMENTQUANTITY('17$iCAm7P9QQHoK2jzOmoR',#1,'Qto_SlabBaseQuantities',$,$,(#67,#68,#69));
#71=IFCRELDEFINESBYPROPERTIES('1wsicmPQPA3hjrsbcw0O_o',#1,$,$,(#56),#70);
#72=IFCRELCONTAINEDINSPATIALSTRUCTURE('2sNNQiuhfCEvconnFdYQAM',#1,$,$,(#56,#86,#114,#142),#47);
#73=IFCLOCALPLACEMENT(#49,#74);
#74=IFCAXIS2PLACEMENT3D(#75,#76,#77);
#75=IFCCARTESIANPOINT((7.7966433309484268E-11,8.0608629104972341E-09,-9.0238927441532719E-14));
#76=IFCDIRECTION((0.,0.,1.));
#77=IFCDIRECTION((1.,-1.1102230246251563E-16,0.));
#78=IFCTRIANGULATEDFACESET(#79,((-4.628836444990734E-16,5.1670389291976475E-30,1.),(-4.628836444990734E-16,5.1670389291976475E-30,1.),(-4.628836444990734E-16,5.1670389291976475E-30,1.),(-4.628836444990734E-16,5.1670389291976475E-30,1.),(-4.628836444990734E-16,5.1670389291976475E-30,1.),(-4.628836444990734E-16,5.1670389291976475E-30,1.),(-4.628836444990734E-16,5.1670389291976475E-30,1.),(-4.628836444990734E-16,5.1670389291976475E-30,1.),(-4.628836444990734E-16,5.1670389291976475E-30,1.),(-4.628836444990734E-16,5.1670389291976475E-30,1.),(-4.628836444990734E-16,5.1670389291976475E-30,1.),(-4.628836444990734E-16,5.1670389291976475E-30,1.),(-4.628836444990734E-16,5.1670389291976475E-30,1.),(-4.628836444990734E-16,5.1670389291976475E-30,1.),(-4.628836444990734E-16,5.1670389291976475E-30,1.),(-4.628836444990734E-16,5.1670389291976475E-30,1.),(-4.628836444990734E-16,5.1670389291976475E-30,1.),(-4.628836444990734E-16,5.1670389291976475E-30,1.),(-4.628836444990734E-16,5.1670389291976475E-30,1.),(-4.628836444990734E-16,5.1670389291976475E-30,1.),(-4.628836444990734E-16,5.1670389291976475E-30,1.),(-4.628836444990734E-16,5.1670389291976475E-30,1.),(4.628836444990734E-16,-5.1670389291976475E-30,-1.),(4.628836444990734E-16,-5.1670389291976475E-30,-1.),(4.628836444990734E-16,-5.1670389291976475E-30,-1.),(4.628836444990734E-16,-5.1670389291976475E-30,-1.),(4.628836444990734E-16,-5.1670389291976475E-30,-1.),(4.628836444990734E-16,-5.1670389291976475E-30,-1.),(4.628836444990734E-16,-5.1670389291976475E-30,-1.),(4.628836444990734E-16,-5.1670389291976475E-30,-1.),(4.628836444990734E-16,-5.1670389291976475E-30,-1.),(4.628836444990734E-16,-5.1670389291976475E-30,-1.),(4.628836444990734E-16,-5.1670389291976475E-30,-1.),(4.628836444990734E-16,-5.1670389291976475E-30,-1.),(4.628836444990734E-16,-5.1670389291976475E-30,-1.),(4.628836444990734E-16,-5.1670389291976475E-30,-1.),(4.628836444990734E-16,-5.1670389291976475E-30,-1.),(4.628836444990734E-16,-5.1670389291976475E-30,-1.),(4.628836444990734E-16,-5.1670389291976475E-30,-1.),(4.628836444990734E-16,-5.1670389291976475E-30,-1.),(4.628836444990734E-16,-5.1670389291976475E-30,-1.),(4.628836444990734E-16,-5.1670389291976475E-30,-1.),(4.628836444990734E-16,-5.1670389291976475E-30,-1.),(4.628836444990734E-16,-5.1670389291976475E-30,-1.),(-1.,-1.9539925233402843E-15,-4.628836444990732E-16),(-1.,-1.9539925233402843E-15,-4.628836444990732E-16),(-1.,-1.9539925233402843E-15,-4.628836444990732E-16),(-1.,-1.9539925233402843E-15,-4.628836444990732E-16),(0.97738062706982487,-0.21148784794544515,4.5241350672087102E-16),(0.98665244516784056,-0.16284026665515333,4.5670527967321273E-16),(0.9773806270698252,-0.21148784794544429,4.5241350672087122E-16),(0.98665244516784056,-0.16284026665515333,4.5670527967321273E-16),(0.93696856766452585,-0.34941365629964571,4.3370742538163402E-16),(0.97738062706982487,-0.21148784794544515,4.5241350672087102E-16),(0.9773806270698252,-0.21148784794544429,4.5241350672087122E-16),(0.93696856766452497,-0.34941365629964805,4.3370742538163352E-16),(0.87886083575552953,-0.47707822353896218,4.0681030666202318E-16),(0.93696856766452497,-0.34941365629964805,4.3370742538163352E-16),(0.93696856766452585,-0.34941365629964571,4.3370742538163402E-16),(0.87886083575552854,-0.4770782235389644,4.0681030666202273E-16),(0.80427186785030891,-0.59426152709440594,3.7228429335863079E-16),(0.87886083575552953,-0.47707822353896218,4.0681030666202318E-16),(0.80427186785030902,-0.59426152709440594,3.7228429335863084E-16),(0.87886083575552854,-0.4770782235389644,4.0681030666202273E-16),(0.71462488815079539,-0.69950787646420609,3.307881726769862E-16),(0.80427186785030891,-0.59426152709440594,3.7228429335863079E-16),(0.80427186785030902,-0.59426152709440594,3.7228429335863084E-16),(0.71462488815079539,-0.69950787646420609,3.3078817267698615E-16),(0.63628556861662378,-0.77145361180709993,2.9452618294343185E-16),(0.71462488815079539,-0.69950787646420609,3.307881726769862E-16),(0.63628556861662378,-0.77145361180709993,2.9452618294343185E-16),(0.71462488815079539,-0.69950787646420609,3.3078817267698615E-16),(0.71919245240998575,-0.69481092132788924,3.3290242346776401E-16),(0.63628556861662378,-0.77145361180709993,2.9452618294343185E-16),(0.71919245240998575,-0.69481092132788924,3.3290242346776401E-16),(0.63628556861662378,-0.77145361180709993,2.9452618294343185E-16),(0.8804877314360251,-0.47406893463993416,4.0756337006383082E-16),(0.71919245240998575,-0.69481092132788924,3.3290242346776401E-16),(0.88048773143602377,-0.47406893463993666,4.0756337006383008E-16),(0.71919245240998575,-0.69481092132788924,3.3290242346776401E-16),(0.98001907018742429,-0.19890354966409249,4.5363479888694888E-16),(0.88048773143602377,-0.47406893463993666,4.0756337006383008E-16),(0.9800190701874254,-0.19890354966408805,4.5363479888694947E-16),(0.8804877314360251,-0.47406893463993416,4.0756337006383082E-16),(0.99940557235042859,-0.034474656704778638,4.62608493662249E-16),(0.9800190701874254,-0.19890354966408805,4.5363479888694947E-16),(0.99940557235042859,-0.034474656704778638,4.62608493662249E-16),(0.98001907018742429,-0.19890354966409249,4.5363479888694888E-16),(0.88048773143603487,0.47406893463991623,4.0756337006383068E-16),(0.98001907018553558,0.19890354967339913,4.5363479888607265E-16),(0.88048773143603487,0.47406893463991623,4.0756337006383068E-16),(0.98001907018553558,0.19890354967339913,4.5363479888607265E-16),(0.71919245240999119,0.69481092132788391,3.3290242346775962E-16),(0.88048773143603487,0.47406893463991623,4.0756337006383068E-16),(0.71919245240999119,0.69481092132788391,3.3290242346775962E-16),(0.88048773143603487,0.47406893463991623,4.0756337006383068E-16),(0.63628556861660834,0.77145361180711292,2.9452618294341686E-16),(0.71919245240999119,0.69481092132788391,3.3290242346775962E-16),(0.63628556861660834,0.7714536118071128,2.9452618294341681E-16),(0.71919245240999119,0.69481092132788391,3.3290242346775962E-16),(0.71462488815078251,0.6995078764642193,3.3078817267697309E-16),(0.63628556861660834,0.7714536118071128,2.9452618294341681E-16),(0.71462488815078251,0.6995078764642193,3.3078817267697304E-16),(0.63628556861660834,0.77145361180711292,2.9452618294341686E-16),(0.80427186785032745,0.59426152709438063,3.7228429335863336E-16),(0.71462488815078251,0.6995078764642193,3.3078817267697304E-16),(0.80427186785032756,0.59426152709438063,3.7228429335863346E-16),(0.71462488815078251,0.6995078764642193,3.3078817267697309E-16),(0.87886083575555185,0.47707822353892126,4.068103066620287E-16),(0.80427186785032756,0.59426152709438063,3.7228429335863346E-16),(0.87886083575555196,0.47707822353892121,4.068103066620287E-16),(0.80427186785032745,0.59426152709438063,3.7228429335863336E-16),(0.9369685676645203,0.34941365629966004,4.3370742538162775E-16),(0.87886083575555196,0.47707822353892121,4.068103066620287E-16),(0.93696856766452052,0.34941365629965987,4.3370742538162795E-16),(0.87886083575555185,0.47707822353892126,4.068103066620287E-16),(0.97738062706981088,0.21148784794551034,4.5241350672086235E-16),(0.93696856766452052,0.34941365629965987,4.3370742538162795E-16),(0.97738062706981088,0.21148784794551018,4.5241350672086235E-16),(0.9369685676645203,0.34941365629966004,4.3370742538162775E-16),(0.98665244516782924,0.16284026665522167,4.5670527967320583E-16),(0.97738062706981088,0.21148784794551018,4.5241350672086235E-16),(0.98665244516782924,0.16284026665522167,4.5670527967320583E-16),(0.97738062706981088,0.21148784794551034,4.5241350672086235E-16),(0.99940557235039951,0.034474656705616724,4.6260849366223509E-16),(0.99940557235042859,-0.034474656704778638,4.62608493662249E-16),(0.99940557235042859,-0.034474656704778638,4.62608493662249E-16),(0.99940557235039951,0.034474656705616724,4.6260849366223509E-16),(0.98001907018553558,0.19890354967339913,4.5363479888607265E-16),(0.99940557235039951,0.034474656705616724,4.6260849366223509E-16),(0.98001907018553558,0.19890354967339913,4.5363479888607265E-16),(0.99940557235039951,0.034474656705616724,4.6260849366223509E-16)),$,((1,2,3),(2,1,4),(2,4,5),(2,5,6),(6,5,7),(6,7,8),(8,7,9),(9,7,10),(9,10,11),(11,10,12),(11,12,13),(13,12,14),(13,14,15),(13,15,16),(16,15,17),(16,17,18),(18,17,19),(19,17,20),(19,20,21),(21,20,22),(23,24,25),(24,23,26),(26,23,27),(27,23,28),(27,28,29),(29,28,30),(29,30,31),(29,31,32),(32,31,33),(32,33,34),(34,33,35),(34,35,36),(36,35,37),(36,37,38),(38,37,39),(39,37,40),(39,40,41),(39,41,42),(42,41,43),(42,43,44),(45,46,47),(46,45,48),(49,50,51),(50,49,52),(53,54,55),(54,53,56),(57,58,59),(58,57,60),(61,62,63),(62,61,64),(65,66,67),(66,65,68),(69,70,71),(70,69,72),(73,74,75),(74,73,76),(77,78,79),(78,77,80),(81,82,83),(82,81,84),(85,86,87),(86,85,88),(89,90,91),(90,89,92),(93,94,95),(94,93,96),(97,98,99),(98,97,100),(101,102,103),(102,101,104),(105,106,107),(106,105,108),(109,110,111),(110,109,112),(113,114,115),(114,113,116),(117,118,119),(118,117,120),(121,122,123),(122,121,124),(125,126,127),(126,125,128),(129,130,131),(130,129,132)),$);
#79=IFCCARTESIANPOINTLIST3D(((1800.0000000000064,-5500.000000008069,-39.999999999998479),(1851.8261465675155,5185.9843373748472,-39.999999999998295),(1799.9999999999834,5499.9999999919091,-39.999999999998479),(1851.8261465675148,-5185.9843373909989,-39.999999999998295),(1946.0097838825307,-4881.9757383366514,-39.999999999998025),(1946.0097838825379,4881.9757383205033,-39.999999999998025),(2080.7895459400906,-4593.6595896793397,-39.999999999997847),(2080.789545940087,4593.659589663187,-39.999999999997847),(2253.6448623118463,4326.4278074236709,-39.999999999997662),(2253.6448623118577,-4326.4278074398417,-39.999999999997662),(2461.3430963454293,4085.2780004235492,-39.999999999997485),(2461.343096345443,-4085.2780004397091,-39.999999999997485),(2699.9999999999918,3874.7200079965119,-39.999999999997392),(2699.9999999999918,-3874.7200080126704,-39.999999999997392),(3336.3961030678715,-3386.3961030839482,-39.999999999997392),(3336.396103067877,3386.3961030677874,-39.999999999997392),(3479.4228634059809,-3200.000000016058,-39.999999999997392),(3479.4228634059782,3199.9999999999018,-39.999999999997392),(3569.3332436601595,2982.9371405921811,-39.999999999997392),(3569.3332436601659,-2982.9371406083383,-39.999999999997392),(3600.,2749.9999999998849,-39.999999999997392),(3600.0000000000159,-2750.000000000095,-39.999999999997392),(1851.8261465675155,5185.9843373748472,-119.99999999999876),(1800.0000000000064,-5500.000000008069,-119.99999999999876),(1799.9999999999834,5499.9999999919091,-119.99999999999876),(1851.8261465675141,-5185.9843373909989,-119.99999999999876),(1946.0097838825286,-4881.9757383366496,-119.99999999999841),(1946.0097838825379,4881.9757383205033,-119.99999999999841),(2080.7895459400884,-4593.6595896793397,-119.99999999999804),(2080.789545940087,4593.659589663187,-119.99999999999804),(2253.6448623118463,4326.4278074236709,-119.99999999999804),(2253.6448623118577,-4326.4278074398417,-119.99999999999804),(2461.3430963454293,4085.2780004235492,-119.99999999999768),(2461.343096345443,-4085.2780004397091,-119.99999999999768),(2699.9999999999918,3874.7200079965119,-119.99999999999768),(2699.9999999999918,-3874.7200080126704,-119.99999999999768),(3336.396103067877,3386.3961030677874,-119.99999999999768),(3336.3961030678715,-3386.3961030839482,-119.99999999999768),(3479.4228634059796,-3200.0000000160589,-119.99999999999768),(3479.4228634059782,3199.9999999999018,-119.99999999999768),(3569.3332436601595,2982.9371405921811,-119.99999999999768),(3569.333243660169,-2982.9371406083364,-119.99999999999768),(3600.,2749.9999999998849,-119.99999999999768),(3600.0000000000159,-2750.000000000095,-119.99999999999768),(1799.9999999999834,5499.9999999919091,-39.999999999998479),(1800.0000000000064,-5500.000000008069,-119.99999999999876),(1800.0000000000064,-5500.000000008069,-39.999999999998479),(1799.9999999999834,5499.9999999919091,-119.99999999999876),(1851.8261465675148,-5185.9843373909989,-39.999999999998295),(1800.0000000000064,-5500.000000008069,-119.99999999999876),(1851.8261465675141,-5185.9843373909989,-119.99999999999876),(1800.0000000000064,-5500.000000008069,-39.999999999998479),(1946.0097838825286,-4881.9757383366496,-119.99999999999841),(1851.8261465675148,-5185.9843373909989,-39.999999999998295),(1851.8261465675141,-5185.9843373909989,-119.99999999999876),(1946.0097838825307,-4881.9757383366514,-39.999999999998025),(2080.7895459400884,-4593.6595896793397,-119.99999999999804),(1946.0097838825307,-4881.9757383366514,-39.999999999998025),(1946.0097838825286,-4881.9757383366496,-119.99999999999841),(2080.7895459400906,-4593.6595896793397,-39.999999999997847),(2253.6448623118577,-4326.4278074398417,-39.999999999997662),(2080.7895459400884,-4593.6595896793397,-119.99999999999804),(2253.6448623118577,-4326.4278074398417,-119.99999999999804),(2080.7895459400906,-4593.6595896793397,-39.999999999997847),(2461.343096345443,-4085.2780004397091,-119.99999999999768),(2253.6448623118577,-4326.4278074398417,-39.999999999997662),(2253.6448623118577,-4326.4278074398417,-119.99999999999804),(2461.343096345443,-4085.2780004397091,-39.999999999997485),(2699.9999999999918,-3874.7200080126704,-39.999999999997392),(2461.343096345443,-4085.2780004397091,-119.99999999999768),(2699.9999999999918,-3874.7200080126704,-119.99999999999768),(2461.343096345443,-4085.2780004397091,-39.999999999997485),(3336.3961030678715,-3386.3961030839482,-39.999999999997392),(2699.9999999999918,-3874.7200080126704,-119.99999999999768),(3336.3961030678715,-3386.3961030839482,-119.99999999999768),(2699.9999999999918,-3874.7200080126704,-39.999999999997392),(3479.4228634059809,-3200.000000016058,-39.999999999997392),(3336.3961030678715,-3386.3961030839482,-119.99999999999768),(3479.4228634059796,-3200.0000000160589,-119.99999999999768),(3336.3961030678715,-3386.3961030839482,-39.999999999997392),(3569.3332436601659,-2982.9371406083383,-39.999999999997392),(3479.4228634059796,-3200.0000000160589,-119.99999999999768),(3569.333243660169,-2982.9371406083364,-119.99999999999768),(3479.4228634059809,-3200.000000016058,-39.999999999997392),(3600.0000000000159,-2750.000000000095,-39.999999999997392),(3569.333243660169,-2982.9371406083364,-119.99999999999768),(3600.0000000000159,-2750.000000000095,-119.99999999999768),(3569.3332436601659,-2982.9371406083383,-39.999999999997392),(3479.4228634059782,3199.9999999999018,-39.999999999997392),(3569.3332436601595,2982.9371405921811,-119.99999999999768),(3479.4228634059782,3199.9999999999018,-119.99999999999768),(3569.3332436601595,2982.9371405921811,-39.999999999997392),(3336.396103067877,3386.3961030677874,-39.999999999997392),(3479.4228634059782,3199.9999999999018,-119.99999999999768),(3336.396103067877,3386.3961030677874,-119.99999999999768),(3479.4228634059782,3199.9999999999018,-39.999999999997392),(2699.9999999999918,3874.7200079965119,-39.999999999997392),(3336.396103067877,3386.3961030677874,-119.99999999999768),(2699.9999999999918,3874.7200079965119,-119.99999999999768),(3336.396103067877,3386.3961030677874,-39.999999999997392),(2461.3430963454293,4085.2780004235492,-39.999999999997485),(2699.9999999999918,3874.7200079965119,-119.99999999999768),(2461.3430963454293,4085.2780004235492,-119.99999999999768),(2699.9999999999918,3874.7200079965119,-39.999999999997392),(2253.6448623118463,4326.4278074236709,-39.999999999997662),(2461.3430963454293,4085.2780004235492,-119.99999999999768),(2253.6448623118463,4326.4278074236709,-119.99999999999804),(2461.3430963454293,4085.2780004235492,-39.999999999997485),(2080.789545940087,4593.659589663187,-39.999999999997847),(2253.6448623118463,4326.4278074236709,-119.99999999999804),(2080.789545940087,4593.659589663187,-119.99999999999804),(2253.6448623118463,4326.4278074236709,-39.999999999997662),(1946.0097838825379,4881.9757383205033,-39.999999999998025),(2080.789545940087,4593.659589663187,-119.99999999999804),(1946.0097838825379,4881.9757383205033,-119.99999999999841),(2080.789545940087,4593.659589663187,-39.999999999997847),(1851.8261465675155,5185.9843373748472,-39.999999999998295),(1946.0097838825379,4881.9757383205033,-119.99999999999841),(1851.8261465675155,5185.9843373748472,-119.99999999999876),(1946.0097838825379,4881.9757383205033,-39.999999999998025),(1799.9999999999834,5499.9999999919091,-39.999999999998479),(1851.8261465675155,5185.9843373748472,-119.99999999999876),(1799.9999999999834,5499.9999999919091,-119.99999999999876),(1851.8261465675155,5185.9843373748472,-39.999999999998295),(3600.,2749.9999999998849,-119.99999999999768),(3600.0000000000159,-2750.000000000095,-39.999999999997392),(3600.0000000000159,-2750.000000000095,-119.99999999999768),(3600.,2749.9999999998849,-39.999999999997392),(3569.3332436601595,2982.9371405921811,-39.999999999997392),(3600.,2749.9999999998849,-119.99999999999768),(3569.3332436601595,2982.9371405921811,-119.99999999999768),(3600.,2749.9999999998849,-39.999999999997392)));
#80=IFCSTYLEDITEM(#78,(#81),$);
#81=IFCSURFACESTYLE('bitumen_dbm_generic',.BOTH.,(#63));
#82=IFCSHAPEREPRESENTATION(#12,'Body','Tessellation',(#78));
#83=IFCPRODUCTDEFINITIONSHAPE($,$,(#82));
#84=IFCSLABTYPE('046y63wsz4DQSmQSAZEkx4',#1,'road - parking - asphalt surface course','A smooth asphalt surface, providing a durable driving layer in the parking area.',$,$,$,'1922431','pavement',.USERDEFINED.);
#85=IFCRELDEFINESBYTYPE('3MDi11OP1DigJInj5reQQv',#1,$,$,(#86,#364),#84);
#86=IFCSLAB('2Z1Tk3YUj4bfBY5kB$H6XD',#1,'road - parking - asphalt surface course','A smooth asphalt surface, providing a durable driving layer in the parking area.','pavement',#101,#111,'454425.1027892.955978.953073.940313.1922260',$);
#87=IFCPROPERTYENUMERATEDVALUE('Status',$,(IFCLABEL('UNSET')),#58);
#88=IFCPROPERTYSINGLEVALUE('IsExternal',$,IFCBOOLEAN(.T.),$);
#89=IFCPROPERTYSINGLEVALUE('LoadBearing',$,IFCBOOLEAN(.T.),$);
#90=IFCPROPERTYSET('3DxIwhVx94Yu9FnFsCCKq6',#1,'Pset_SlabCommon',$,(#87,#88,#89));
#91=IFCRELDEFINESBYPROPERTIES('327Juac9f4ohpxJAvkCZA_',#1,$,$,(#86),#90);
#92=IFCSURFACESTYLERENDERING(#93,0.,$,$,$,$,$,$,.NOTDEFINED.);
#93=IFCCOLOURRGB($,0.074509803921568626,0.039215686274509803,0.023529411764705882);
#94=IFCRELASSOCIATESMATERIAL('3CrlWI9SjAv9tITSr1ek4V',#1,$,$,(#86,#222,#364,#459,#669,#791,#877,#1064),#95);
#95=IFCMATERIAL('bitumen_asphalt_generic',$,$);
#96=IFCQUANTITYVOLUME('NetVolume',$,$,0.57050246094959889,$);
#97=IFCQUANTITYLENGTH('Depth',$,$,40.000000000000192,$);
#98=IFCQUANTITYAREA('NetArea',$,$,14.262561523739903,$);
#99=IFCELEMENTQUANTITY('2eYAw0kU13Zxl7QFrmUZKy',#1,'Qto_SlabBaseQuantities',$,$,(#96,#97,#98));
#100=IFCRELDEFINESBYPROPERTIES('2pqyqjSMzC3xyV3hdKiFhw',#1,$,$,(#86),#99);
#101=IFCLOCALPLACEMENT(#49,#102);
#102=IFCAXIS2PLACEMENT3D(#103,#104,#105);
#103=IFCCARTESIANPOINT((7.7966433309484268E-11,8.0608629104972341E-09,-9.0238927441532719E-14));
#104=IFCDIRECTION((0.,0.,1.));
#105=IFCDIRECTION((1.,-1.1102230246251563E-16,0.));
#106=IFCTRIANGULATEDFACESET(#107,((-4.6288364449907261E-16,5.0881528386755459E-30,1.),(-4.6288364449907261E-16,5.0881528386755459E-30,1.),(-4.6288364449907261E-16,5.0881528386755459E-30,1.),(-4.6288364449907261E-16,5.0881528386755459E-30,1.),(-4.6288364449907261E-16,5.0881528386755459E-30,1.),(-4.6288364449907261E-16,5.0881528386755459E-30,1.),(-4.6288364449907261E-16,5.0881528386755459E-30,1.),(-4.6288364449907261E-16,5.0881528386755459E-30,1.),(-4.6288364449907261E-16,5.0881528386755459E-30,1.),(-4.6288364449907261E-16,5.0881528386755459E-30,1.),(-4.6288364449907261E-16,5.0881528386755459E-30,1.),(-4.6288364449907261E-16,5.0881528386755459E-30,1.),(-4.6288364449907261E-16,5.0881528386755459E-30,1.),(-4.6288364449907261E-16,5.0881528386755459E-30,1.),(-4.6288364449907261E-16,5.0881528386755459E-30,1.),(-4.6288364449907261E-16,5.0881528386755459E-30,1.),(-4.6288364449907261E-16,5.0881528386755459E-30,1.),(-4.6288364449907261E-16,5.0881528386755459E-30,1.),(-4.6288364449907261E-16,5.0881528386755459E-30,1.),(-4.6288364449907261E-16,5.0881528386755459E-30,1.),(-4.6288364449907261E-16,5.0881528386755459E-30,1.),(-4.6288364449907261E-16,5.0881528386755459E-30,1.),(4.6288364449907261E-16,-5.0881528386755459E-30,-1.),(4.6288364449907261E-16,-5.0881528386755459E-30,-1.),(4.6288364449907261E-16,-5.0881528386755459E-30,-1.),(4.6288364449907261E-16,-5.0881528386755459E-30,-1.),(4.6288364449907261E-16,-5.0881528386755459E-30,-1.),(4.6288364449907261E-16,-5.0881528386755459E-30,-1.),(4.6288364449907261E-16,-5.0881528386755459E-30,-1.),(4.6288364449907261E-16,-5.0881528386755459E-30,-1.),(4.6288364449907261E-16,-5.0881528386755459E-30,-1.),(4.6288364449907261E-16,-5.0881528386755459E-30,-1.),(4.6288364449907261E-16,-5.0881528386755459E-30,-1.),(4.6288364449907261E-16,-5.0881528386755459E-30,-1.),(4.6288364449907261E-16,-5.0881528386755459E-30,-1.),(4.6288364449907261E-16,-5.0881528386755459E-30,-1.),(4.6288364449907261E-16,-5.0881528386755459E-30,-1.),(4.6288364449907261E-16,-5.0881528386755459E-30,-1.),(4.6288364449907261E-16,-5.0881528386755459E-30,-1.),(4.6288364449907261E-16,-5.0881528386755459E-30,-1.),(4.6288364449907261E-16,-5.0881528386755459E-30,-1.),(4.6288364449907261E-16,-5.0881528386755459E-30,-1.),(4.6288364449907261E-16,-5.0881528386755459E-30,-1.),(4.6288364449907261E-16,-5.0881528386755459E-30,-1.),(-1.,-2.0428103653102966E-15,-4.62883644499073E-16),(-1.,-2.0428103653102966E-15,-4.62883644499073E-16),(-1.,-2.0428103653102966E-15,-4.62883644499073E-16),(-1.,-2.0428103653102966E-15,-4.62883644499073E-16),(0.9773806270698252,-0.21148784794544456,4.5241350672087093E-16),(0.9866524451678409,-0.16284026665515169,4.5670527967321264E-16),(0.97738062706982554,-0.21148784794544295,4.5241350672087122E-16),(0.9866524451678409,-0.16284026665515169,4.5670527967321264E-16),(0.93696856766452585,-0.34941365629964544,4.3370742538163357E-16),(0.9773806270698252,-0.21148784794544456,4.5241350672087093E-16),(0.97738062706982554,-0.21148784794544295,4.5241350672087122E-16),(0.93696856766452485,-0.34941365629964849,4.3370742538163308E-16),(0.87886083575552854,-0.47707822353896423,4.0681030666202273E-16),(0.93696856766452585,-0.34941365629964544,4.3370742538163357E-16),(0.87886083575553076,-0.47707822353895996,4.0681030666202372E-16),(0.93696856766452485,-0.34941365629964849,4.3370742538163308E-16),(0.80427186785030913,-0.59426152709440583,3.7228429335863084E-16),(0.87886083575552854,-0.47707822353896423,4.0681030666202273E-16),(0.87886083575553076,-0.47707822353895996,4.0681030666202372E-16),(0.80427186785030702,-0.59426152709440816,3.7228429335862986E-16),(0.71462488815079683,-0.69950787646420476,3.3078817267698674E-16),(0.80427186785030702,-0.59426152709440816,3.7228429335862986E-16),(0.80427186785030913,-0.59426152709440583,3.7228429335863084E-16),(0.71462488815079228,-0.69950787646420931,3.3078817267698467E-16),(0.63628556861662344,-0.77145361180710015,2.9452618294343161E-16),(0.71462488815079683,-0.69950787646420476,3.3078817267698674E-16),(0.636285568616626,-0.77145361180709815,2.9452618294343274E-16),(0.71462488815079228,-0.69950787646420931,3.3078817267698467E-16),(0.71919245240998697,-0.69481092132788791,3.3290242346776441E-16),(0.636285568616626,-0.77145361180709815,2.9452618294343274E-16),(0.71919245240998508,-0.69481092132789013,3.3290242346776347E-16),(0.63628556861662344,-0.77145361180710015,2.9452618294343161E-16),(0.88048773143602554,-0.47406893463993333,4.0756337006383097E-16),(0.71919245240998508,-0.69481092132789013,3.3290242346776347E-16),(0.88048773143602554,-0.47406893463993333,4.0756337006383097E-16),(0.71919245240998697,-0.69481092132788791,3.3290242346776441E-16),(0.98001907018742529,-0.19890354966408716,4.5363479888694927E-16),(0.88048773143602554,-0.47406893463993333,4.0756337006383097E-16),(0.98001907018742529,-0.19890354966408716,4.5363479888694927E-16),(0.88048773143602554,-0.47406893463993333,4.0756337006383097E-16),(0.99940557235042848,-0.034474656704777284,4.6260849366224841E-16),(0.98001907018742529,-0.19890354966408716,4.5363479888694927E-16),(0.99940557235042848,-0.03447465670477954,4.6260849366224851E-16),(0.98001907018742529,-0.19890354966408716,4.5363479888694927E-16),(0.99940557235039951,0.034474656705616759,4.626084936622347E-16),(0.99940557235042848,-0.034474656704777284,4.6260849366224841E-16),(0.99940557235042848,-0.03447465670477954,4.6260849366224851E-16),(0.99940557235039951,0.034474656705616759,4.626084936622347E-16),(0.98001907018553502,0.19890354967340121,4.5363479888607216E-16),(0.99940557235039951,0.034474656705616759,4.626084936622347E-16),(0.98001907018553502,0.19890354967340121,4.5363479888607216E-16),(0.99940557235039951,0.034474656705616759,4.626084936622347E-16),(0.88048773143603043,0.47406893463992406,4.0756337006382826E-16),(0.98001907018553502,0.19890354967340121,4.5363479888607216E-16),(0.88048773143603043,0.47406893463992406,4.0756337006382826E-16),(0.98001907018553502,0.19890354967340121,4.5363479888607216E-16),(0.71919245240999585,0.69481092132787869,3.3290242346776155E-16),(0.88048773143603043,0.47406893463992406,4.0756337006382826E-16),(0.71919245240999197,0.69481092132788314,3.3290242346775967E-16),(0.88048773143603043,0.47406893463992406,4.0756337006382826E-16),(0.63628556861660879,0.77145361180711258,2.9452618294341691E-16),(0.71919245240999197,0.69481092132788314,3.3290242346775967E-16),(0.63628556861660879,0.77145361180711258,2.9452618294341691E-16),(0.71919245240999585,0.69481092132787869,3.3290242346776155E-16),(0.71462488815078096,0.69950787646422097,3.3078817267697215E-16),(0.63628556861660879,0.77145361180711258,2.9452618294341691E-16),(0.71462488815078429,0.69950787646421764,3.3078817267697378E-16),(0.63628556861660879,0.77145361180711258,2.9452618294341691E-16),(0.80427186785032301,0.59426152709438684,3.7228429335863124E-16),(0.71462488815078429,0.69950787646421764,3.3078817267697378E-16),(0.8042718678503239,0.5942615270943854,3.7228429335863163E-16),(0.71462488815078096,0.69950787646422097,3.3078817267697215E-16),(0.87886083575554919,0.47707822353892632,4.0681030666202732E-16),(0.8042718678503239,0.5942615270943854,3.7228429335863163E-16),(0.8788608357555513,0.47707822353892226,4.068103066620284E-16),(0.80427186785032301,0.59426152709438684,3.7228429335863124E-16),(0.93696856766452108,0.34941365629965826,4.3370742538162785E-16),(0.8788608357555513,0.47707822353892226,4.068103066620284E-16),(0.9369685676645213,0.3494136562996582,4.3370742538162795E-16),(0.87886083575554919,0.47707822353892632,4.0681030666202732E-16),(0.97738062706981221,0.21148784794550435,4.5241350672086284E-16),(0.9369685676645213,0.3494136562996582,4.3370742538162795E-16),(0.97738062706981221,0.21148784794550407,4.5241350672086274E-16),(0.93696856766452108,0.34941365629965826,4.3370742538162785E-16),(0.98665244516783057,0.16284026665521442,4.5670527967320623E-16),(0.97738062706981221,0.21148784794550407,4.5241350672086274E-16),(0.98665244516783057,0.16284026665521442,4.5670527967320623E-16),(0.97738062706981221,0.21148784794550435,4.5241350672086284E-16)),$,((1,2,3),(2,1,4),(2,4,5),(5,4,6),(5,6,7),(5,7,8),(8,7,9),(9,7,10),(9,10,11),(11,10,12),(11,12,13),(13,12,14),(13,14,15),(15,14,16),(15,16,17),(15,17,18),(18,17,19),(19,17,20),(19,20,21),(21,20,22),(23,24,25),(24,23,26),(26,23,27),(26,27,28),(28,27,29),(29,27,30),(29,30,31),(29,31,32),(32,31,33),(32,33,34),(34,33,35),(34,35,36),(36,35,37),(37,35,38),(37,38,39),(39,38,40),(39,40,41),(39,41,42),(42,41,43),(42,43,44),(45,46,47),(46,45,48),(49,50,51),(50,49,52),(53,54,55),(54,53,56),(57,58,59),(58,57,60),(61,62,63),(62,61,64),(65,66,67),(66,65,68),(69,70,71),(70,69,72),(73,74,75),(74,73,76),(77,78,79),(78,77,80),(81,82,83),(82,81,84),(85,86,87),(86,85,88),(89,90,91),(90,89,92),(93,94,95),(94,93,96),(97,98,99),(98,97,100),(101,102,103),(102,101,104),(105,106,107),(106,105,108),(109,110,111),(110,109,112),(113,114,115),(114,113,116),(117,118,119),(118,117,120),(121,122,123),(122,121,124),(125,126,127),(126,125,128),(129,130,131),(130,129,132)),$);
#107=IFCCARTESIANPOINTLIST3D(((1800.0000000000036,-5500.000000008059,1.0828671292983925E-12),(1851.8261465675055,5185.9843373748581,1.2633449841814578E-12),(1799.9999999999804,5499.99999999192,1.0828671292983925E-12),(1851.8261465675112,-5185.984337390988,1.2633449841814578E-12),(1946.0097838825316,4881.9757383205133,1.5340617665060559E-12),(1946.0097838825257,-4881.9757383366386,1.5340617665060559E-12),(2080.7895459400856,-4593.6595896793315,1.7145396213891214E-12),(2080.7895459400829,4593.6595896631943,1.7145396213891214E-12),(2253.6448623118408,4326.4278074236909,1.8950174762721867E-12),(2253.6448623118531,-4326.4278074398326,1.8950174762721867E-12),(2461.3430963454225,4085.2780004235551,2.0754953311552524E-12),(2461.3430963454384,-4085.2780004397014,2.0754953311552524E-12),(2699.9999999999873,3874.7200079965246,2.165734258596785E-12),(2699.9999999999882,-3874.7200080126631,2.165734258596785E-12),(3336.3961030678697,3386.3961030677947,2.165734258596785E-12),(3336.3961030678665,-3386.3961030839364,2.165734258596785E-12),(3479.422863405975,-3200.0000000160499,2.165734258596785E-12),(3479.42286340597,3199.9999999999091,2.165734258596785E-12),(3569.3332436601554,2982.9371405921847,2.165734258596785E-12),(3569.3332436601631,-2982.9371406083255,2.165734258596785E-12),(3599.9999999999955,2749.999999999894,2.165734258596785E-12),(3600.0000000000114,-2750.0000000000859,2.165734258596785E-12),(1851.8261465675055,5185.9843373748581,-39.999999999998025),(1800.0000000000027,-5500.0000000080599,-39.999999999998025),(1799.9999999999775,5499.99999999192,-39.999999999998025),(1851.8261465675105,-5185.9843373909889,-39.999999999998025),(1946.0097838825316,4881.9757383205133,-39.999999999997662),(1946.0097838825243,-4881.9757383366405,-39.999999999997662),(2080.7895459400834,-4593.6595896793315,-39.999999999997662),(2080.7895459400806,4593.6595896631934,-39.999999999997662),(2253.6448623118404,4326.4278074236872,-39.999999999997307),(2253.6448623118517,-4326.4278074398326,-39.999999999997307),(2461.3430963454207,4085.2780004235588,-39.999999999996945),(2461.3430963454357,-4085.2780004397005,-39.999999999996945),(2699.9999999999873,3874.7200079965246,-39.999999999996945),(2699.999999999985,-3874.7200080126645,-39.999999999996945),(3336.3961030678661,-3386.3961030839364,-39.999999999996945),(3336.3961030678679,3386.3961030677947,-39.999999999996945),(3479.422863405975,-3200.0000000160499,-39.999999999996945),(3479.42286340597,3199.9999999999091,-39.999999999996945),(3569.3332436601554,2982.9371405921847,-39.999999999996945),(3569.3332436601631,-2982.9371406083255,-39.999999999996945),(3599.9999999999955,2749.999999999894,-39.999999999996945),(3600.0000000000086,-2750.0000000000873,-39.999999999996945),(1800.0000000000036,-5500.000000008059,1.0828671292983925E-12),(1799.9999999999775,5499.99999999192,-39.999999999998025),(1800.0000000000027,-5500.0000000080599,-39.999999999998025),(1799.9999999999804,5499.99999999192,1.0828671292983925E-12),(1851.8261465675112,-5185.984337390988,1.2633449841814578E-12),(1800.0000000000027,-5500.0000000080599,-39.999999999998025),(1851.8261465675105,-5185.9843373909889,-39.999999999998025),(1800.0000000000036,-5500.000000008059,1.0828671292983925E-12),(1946.0097838825243,-4881.9757383366405,-39.999999999997662),(1851.8261465675112,-5185.984337390988,1.2633449841814578E-12),(1851.8261465675105,-5185.9843373909889,-39.999999999998025),(1946.0097838825257,-4881.9757383366386,1.5340617665060559E-12),(2080.7895459400856,-4593.6595896793315,1.7145396213891214E-12),(1946.0097838825243,-4881.9757383366405,-39.999999999997662),(2080.7895459400834,-4593.6595896793315,-39.999999999997662),(1946.0097838825257,-4881.9757383366386,1.5340617665060559E-12),(2253.6448623118517,-4326.4278074398326,-39.999999999997307),(2080.7895459400856,-4593.6595896793315,1.7145396213891214E-12),(2080.7895459400834,-4593.6595896793315,-39.999999999997662),(2253.6448623118531,-4326.4278074398326,1.8950174762721867E-12),(2461.3430963454357,-4085.2780004397005,-39.999999999996945),(2253.6448623118531,-4326.4278074398326,1.8950174762721867E-12),(2253.6448623118517,-4326.4278074398326,-39.999999999997307),(2461.3430963454384,-4085.2780004397014,2.0754953311552524E-12),(2699.9999999999882,-3874.7200080126631,2.165734258596785E-12),(2461.3430963454357,-4085.2780004397005,-39.999999999996945),(2699.999999999985,-3874.7200080126645,-39.999999999996945),(2461.3430963454384,-4085.2780004397014,2.0754953311552524E-12),(3336.3961030678665,-3386.3961030839364,2.165734258596785E-12),(2699.999999999985,-3874.7200080126645,-39.999999999996945),(3336.3961030678661,-3386.3961030839364,-39.999999999996945),(2699.9999999999882,-3874.7200080126631,2.165734258596785E-12),(3479.422863405975,-3200.0000000160499,2.165734258596785E-12),(3336.3961030678661,-3386.3961030839364,-39.999999999996945),(3479.422863405975,-3200.0000000160499,-39.999999999996945),(3336.3961030678665,-3386.3961030839364,2.165734258596785E-12),(3569.3332436601631,-2982.9371406083255,2.165734258596785E-12),(3479.422863405975,-3200.0000000160499,-39.999999999996945),(3569.3332436601631,-2982.9371406083255,-39.999999999996945),(3479.422863405975,-3200.0000000160499,2.165734258596785E-12),(3600.0000000000114,-2750.0000000000859,2.165734258596785E-12),(3569.3332436601631,-2982.9371406083255,-39.999999999996945),(3600.0000000000086,-2750.0000000000873,-39.999999999996945),(3569.3332436601631,-2982.9371406083255,2.165734258596785E-12),(3599.9999999999955,2749.999999999894,-39.999999999996945),(3600.0000000000114,-2750.0000000000859,2.165734258596785E-12),(3600.0000000000086,-2750.0000000000873,-39.999999999996945),(3599.9999999999955,2749.999999999894,2.165734258596785E-12),(3569.3332436601554,2982.9371405921847,2.165734258596785E-12),(3599.9999999999955,2749.999999999894,-39.999999999996945),(3569.3332436601554,2982.9371405921847,-39.999999999996945),(3599.9999999999955,2749.999999999894,2.165734258596785E-12),(3479.42286340597,3199.9999999999091,2.165734258596785E-12),(3569.3332436601554,2982.9371405921847,-39.999999999996945),(3479.42286340597,3199.9999999999091,-39.999999999996945),(3569.3332436601554,2982.9371405921847,2.165734258596785E-12),(3336.3961030678697,3386.3961030677947,2.165734258596785E-12),(3479.42286340597,3199.9999999999091,-39.999999999996945),(3336.3961030678679,3386.3961030677947,-39.999999999996945),(3479.42286340597,3199.9999999999091,2.165734258596785E-12),(2699.9999999999873,3874.7200079965246,2.165734258596785E-12),(3336.3961030678679,3386.3961030677947,-39.999999999996945),(2699.9999999999873,3874.7200079965246,-39.999999999996945),(3336.3961030678697,3386.3961030677947,2.165734258596785E-12),(2461.3430963454225,4085.2780004235551,2.0754953311552524E-12),(2699.9999999999873,3874.7200079965246,-39.999999999996945),(2461.3430963454207,4085.2780004235588,-39.999999999996945),(2699.9999999999873,3874.7200079965246,2.165734258596785E-12),(2253.6448623118408,4326.4278074236909,1.8950174762721867E-12),(2461.3430963454207,4085.2780004235588,-39.999999999996945),(2253.6448623118404,4326.4278074236872,-39.999999999997307),(2461.3430963454225,4085.2780004235551,2.0754953311552524E-12),(2080.7895459400829,4593.6595896631943,1.7145396213891214E-12),(2253.6448623118404,4326.4278074236872,-39.999999999997307),(2080.7895459400806,4593.6595896631934,-39.999999999997662),(2253.6448623118408,4326.4278074236909,1.8950174762721867E-12),(1946.0097838825316,4881.9757383205133,1.5340617665060559E-12),(2080.7895459400806,4593.6595896631934,-39.999999999997662),(1946.0097838825316,4881.9757383205133,-39.999999999997662),(2080.7895459400829,4593.6595896631943,1.7145396213891214E-12),(1851.8261465675055,5185.9843373748581,1.2633449841814578E-12),(1946.0097838825316,4881.9757383205133,-39.999999999997662),(1851.8261465675055,5185.9843373748581,-39.999999999998025),(1946.0097838825316,4881.9757383205133,1.5340617665060559E-12),(1799.9999999999804,5499.99999999192,1.0828671292983925E-12),(1851.8261465675055,5185.9843373748581,-39.999999999998025),(1799.9999999999775,5499.99999999192,-39.999999999998025),(1851.8261465675055,5185.9843373748581,1.2633449841814578E-12)));
#108=IFCSTYLEDITEM(#106,(#109),$);
#109=IFCSURFACESTYLE('bitumen_asphalt_generic',.BOTH.,(#92));
#110=IFCSHAPEREPRESENTATION(#12,'Body','Tessellation',(#106));
#111=IFCPRODUCTDEFINITIONSHAPE($,$,(#110));
#112=IFCSLABTYPE('3w6WuQpZjFGwF5QPAOinuz',#1,'road - parking - subgrade','A stable subgrade, forming the foundation of the parking area.',$,$,$,'1922353','subgrade',.USERDEFINED.);
#113=IFCRELDEFINESBYTYPE('3YItmVtd156RZKWLxNQaAV',#1,$,$,(#114,#382),#112);
#114=IFCSLAB('0v1ddg6Y12hvvQhtW6MY3h',#1,'road - parking - subgrade','A stable subgrade, forming the foundation of the parking area.','subgrade',#129,#139,'454425.1027892.955978.953073.940313.1922262',$);
#115=IFCPROPERTYENUMERATEDVALUE('Status',$,(IFCLABEL('UNSET')),#58);
#116=IFCPROPERTYSINGLEVALUE('IsExternal',$,$,$);
#117=IFCPROPERTYSINGLEVALUE('LoadBearing',$,IFCBOOLEAN(.T.),$);
#118=IFCPROPERTYSET('3f9eLo5tfErPWSaeAt7Uhr',#1,'Pset_SlabCommon',$,(#115,#116,#117));
#119=IFCRELDEFINESBYPROPERTIES('1zNymQfe9BJR4SLVWfegD9',#1,$,$,(#114),#118);
#120=IFCSURFACESTYLERENDERING(#121,0.,$,$,$,$,$,$,.NOTDEFINED.);
#121=IFCCOLOURRGB($,0.72549019607843135,0.55686274509803924,0.41960784313725491);
#122=IFCRELASSOCIATESMATERIAL('1Twe1IW715SeQhTz0x7RZD',#1,$,$,(#114,#288,#382,#512,#646,#770,#936,#1123),#123);
#123=IFCMATERIAL('bulk-material_gravel_generic',$,$);
#124=IFCQUANTITYVOLUME('NetVolume',$,$,3.5656403809350015,$);
#125=IFCQUANTITYLENGTH('Depth',$,$,249.99999999999585,$);
#126=IFCQUANTITYAREA('NetArea',$,$,14.262561523740242,$);
#127=IFCELEMENTQUANTITY('3DEEW6oXP4gunpNwv3ZiQH',#1,'Qto_SlabBaseQuantities',$,$,(#124,#125,#126));
#128=IFCRELDEFINESBYPROPERTIES('2N8Y5WTy1FawHBJ7__dMXA',#1,$,$,(#114),#127);
#129=IFCLOCALPLACEMENT(#49,#130);
#130=IFCAXIS2PLACEMENT3D(#131,#132,#133);
#131=IFCCARTESIANPOINT((6.9303496275097121E-11,8.0608629104972341E-09,-9.0238927441532719E-14));
#132=IFCDIRECTION((0.,0.,1.));
#133=IFCDIRECTION((1.,-3.8857805861880479E-16,0.));
#134=IFCTRIANGULATEDFACESET(#135,((-4.4167815966032058E-16,4.9303806576313448E-30,1.),(-4.4167815966032058E-16,4.9303806576313448E-30,1.),(-4.4167815966032058E-16,4.9303806576313448E-30,1.),(-4.4167815966032058E-16,4.9303806576313448E-30,1.),(-4.4167815966032058E-16,4.9303806576313448E-30,1.),(-4.4167815966032058E-16,4.9303806576313448E-30,1.),(-4.4167815966032058E-16,4.9303806576313448E-30,1.),(-4.4167815966032058E-16,4.9303806576313448E-30,1.),(-4.4167815966032058E-16,4.9303806576313448E-30,1.),(-4.4167815966032058E-16,4.9303806576313448E-30,1.),(-4.4167815966032058E-16,4.9303806576313448E-30,1.),(-4.4167815966032058E-16,4.9303806576313448E-30,1.),(-4.4167815966032058E-16,4.9303806576313448E-30,1.),(-4.4167815966032058E-16,4.9303806576313448E-30,1.),(-4.4167815966032058E-16,4.9303806576313448E-30,1.),(-4.4167815966032058E-16,4.9303806576313448E-30,1.),(-4.4167815966032058E-16,4.9303806576313448E-30,1.),(-4.4167815966032058E-16,4.9303806576313448E-30,1.),(-4.4167815966032058E-16,4.9303806576313448E-30,1.),(-4.4167815966032058E-16,4.9303806576313448E-30,1.),(-4.4167815966032058E-16,4.9303806576313448E-30,1.),(-4.4167815966032058E-16,4.9303806576313448E-30,1.),(4.4167815966032058E-16,-4.9303806576313448E-30,-1.),(4.4167815966032058E-16,-4.9303806576313448E-30,-1.),(4.4167815966032058E-16,-4.9303806576313448E-30,-1.),(4.4167815966032058E-16,-4.9303806576313448E-30,-1.),(4.4167815966032058E-16,-4.9303806576313448E-30,-1.),(4.4167815966032058E-16,-4.9303806576313448E-30,-1.),(4.4167815966032058E-16,-4.9303806576313448E-30,-1.),(4.4167815966032058E-16,-4.9303806576313448E-30,-1.),(4.4167815966032058E-16,-4.9303806576313448E-30,-1.),(4.4167815966032058E-16,-4.9303806576313448E-30,-1.),(4.4167815966032058E-16,-4.9303806576313448E-30,-1.),(4.4167815966032058E-16,-4.9303806576313448E-30,-1.),(4.4167815966032058E-16,-4.9303806576313448E-30,-1.),(4.4167815966032058E-16,-4.9303806576313448E-30,-1.),(4.4167815966032058E-16,-4.9303806576313448E-30,-1.),(4.4167815966032058E-16,-4.9303806576313448E-30,-1.),(4.4167815966032058E-16,-4.9303806576313448E-30,-1.),(4.4167815966032058E-16,-4.9303806576313448E-30,-1.),(4.4167815966032058E-16,-4.9303806576313448E-30,-1.),(4.4167815966032058E-16,-4.9303806576313448E-30,-1.),(4.4167815966032058E-16,-4.9303806576313448E-30,-1.),(4.4167815966032058E-16,-4.9303806576313448E-30,-1.),(-1.,-2.3980817331903493E-15,-4.4167815966032108E-16),(-1.,-2.3980817331903493E-15,-4.4167815966032108E-16),(-1.,-2.3980817331903493E-15,-4.4167815966032108E-16),(-1.,-2.3980817331903493E-15,-4.4167815966032108E-16),(0.97738062706982465,-0.21148784794544659,4.3168767665185161E-16),(0.98665244516784023,-0.16284026665515494,4.3578283620608824E-16),(0.97738062706982465,-0.21148784794544628,4.3168767665185166E-16),(0.98665244516784023,-0.16284026665515494,4.3578283620608824E-16),(0.93696856766452519,-0.34941365629964732,4.1383855262563601E-16),(0.97738062706982465,-0.21148784794544628,4.3168767665185166E-16),(0.93696856766452552,-0.34941365629964677,4.1383855262563611E-16),(0.97738062706982465,-0.21148784794544659,4.3168767665185161E-16),(0.8788608357555302,-0.47707822353896101,3.8817363653403636E-16),(0.93696856766452519,-0.34941365629964732,4.1383855262563601E-16),(0.93696856766452552,-0.34941365629964677,4.1383855262563611E-16),(0.87886083575552987,-0.47707822353896162,3.8817363653403626E-16),(0.80427186785030846,-0.59426152709440649,3.5522931845869593E-16),(0.8788608357555302,-0.47707822353896101,3.8817363653403636E-16),(0.80427186785030891,-0.59426152709440605,3.5522931845869608E-16),(0.87886083575552987,-0.47707822353896162,3.8817363653403626E-16),(0.71462488815079417,-0.69950787646420753,3.1563420544590875E-16),(0.80427186785030891,-0.59426152709440605,3.5522931845869608E-16),(0.71462488815079483,-0.69950787646420698,3.15634205445909E-16),(0.80427186785030846,-0.59426152709440649,3.5522931845869593E-16),(0.63628556861662489,-0.77145361180709915,2.8103343896501531E-16),(0.71462488815079483,-0.69950787646420698,3.15634205445909E-16),(0.636285568616625,-0.77145361180709904,2.810334389650154E-16),(0.71462488815079417,-0.69950787646420753,3.1563420544590875E-16),(0.71919245240998531,-0.69481092132788969,3.1765159882203853E-16),(0.636285568616625,-0.77145361180709904,2.810334389650154E-16),(0.71919245240998475,-0.69481092132789046,3.1765159882203829E-16),(0.63628556861662489,-0.77145361180709915,2.8103343896501531E-16),(0.8804877314360261,-0.47406893463993249,3.8889220082415715E-16),(0.71919245240998475,-0.69481092132789046,3.1765159882203829E-16),(0.88048773143602532,-0.47406893463993366,3.888922008241568E-16),(0.71919245240998531,-0.69481092132788969,3.1765159882203853E-16),(0.98001907018742485,-0.19890354966408996,4.3285301935240167E-16),(0.88048773143602532,-0.47406893463993366,3.888922008241568E-16),(0.98001907018742473,-0.19890354966409071,4.3285301935240152E-16),(0.8804877314360261,-0.47406893463993249,3.8889220082415715E-16),(0.99940557235042859,-0.034474656704778742,4.4141561395000728E-16),(0.98001907018742473,-0.19890354966409071,4.3285301935240152E-16),(0.99940557235042859,-0.034474656704778929,4.4141561395000733E-16),(0.98001907018742485,-0.19890354966408996,4.3285301935240167E-16),(0.99940557235039962,0.034474656705618216,4.4141561394999412E-16),(0.99940557235042859,-0.034474656704778742,4.4141561395000728E-16),(0.99940557235042859,-0.034474656704778929,4.4141561395000733E-16),(0.99940557235039962,0.034474656705618216,4.4141561394999412E-16),(0.98001907018553214,0.19890354967341603,4.328530193515639E-16),(0.99940557235039962,0.034474656705618216,4.4141561394999412E-16),(0.98001907018553203,0.19890354967341675,4.3285301935156375E-16),(0.99940557235039962,0.034474656705618216,4.4141561394999412E-16),(0.88048773143603609,0.47406893463991373,3.8889220082415744E-16),(0.98001907018553203,0.19890354967341675,4.3285301935156375E-16),(0.88048773143603576,0.47406893463991451,3.8889220082415725E-16),(0.98001907018553214,0.19890354967341603,4.328530193515639E-16),(0.71919245240998997,0.69481092132788513,3.1765159882203429E-16),(0.88048773143603576,0.47406893463991451,3.8889220082415725E-16),(0.7191924524099893,0.69481092132788569,3.176515988220339E-16),(0.88048773143603609,0.47406893463991373,3.8889220082415744E-16),(0.63628556861660801,0.77145361180711303,2.8103343896500081E-16),(0.7191924524099893,0.69481092132788569,3.176515988220339E-16),(0.63628556861660812,0.7714536118071128,2.8103343896500086E-16),(0.71919245240998997,0.69481092132788513,3.1765159882203429E-16),(0.71462488815078073,0.69950787646422119,3.1563420544589633E-16),(0.63628556861660812,0.7714536118071128,2.8103343896500086E-16),(0.71462488815078107,0.69950787646422086,3.1563420544589657E-16),(0.63628556861660801,0.77145361180711303,2.8103343896500081E-16),(0.80427186785032367,0.59426152709438573,3.5522931845869712E-16),(0.71462488815078107,0.69950787646422086,3.1563420544589657E-16),(0.80427186785032401,0.59426152709438529,3.5522931845869736E-16),(0.71462488815078073,0.69950787646422119,3.1563420544589633E-16),(0.87886083575555241,0.47707822353892021,3.8817363653404188E-16),(0.80427186785032401,0.59426152709438529,3.5522931845869736E-16),(0.87886083575555263,0.4770782235389196,3.8817363653404193E-16),(0.80427186785032367,0.59426152709438573,3.5522931845869712E-16),(0.93696856766451808,0.34941365629966631,4.1383855262562975E-16),(0.87886083575555263,0.4770782235389196,3.8817363653404193E-16),(0.93696856766451841,0.3494136562996657,4.138385526256299E-16),(0.87886083575555241,0.47707822353892021,3.8817363653404188E-16),(0.97738062706981133,0.21148784794550846,4.3168767665184387E-16),(0.93696856766451841,0.3494136562996657,4.138385526256299E-16),(0.97738062706981144,0.2114878479455079,4.3168767665184387E-16),(0.93696856766451808,0.34941365629966631,4.1383855262562975E-16),(0.98665244516783035,0.16284026665521478,4.3578283620608237E-16),(0.97738062706981144,0.2114878479455079,4.3168767665184387E-16),(0.98665244516783035,0.16284026665521478,4.3578283620608237E-16),(0.97738062706981133,0.21148784794550846,4.3168767665184387E-16)),$,((1,2,3),(2,1,4),(2,4,5),(5,4,6),(5,6,7),(5,7,8),(8,7,9),(9,7,10),(9,10,11),(11,10,12),(11,12,13),(13,12,14),(13,14,15),(13,15,16),(16,15,17),(16,17,18),(18,17,19),(19,17,20),(19,20,21),(21,20,22),(23,24,25),(24,23,26),(26,23,27),(26,27,28),(28,27,29),(29,27,30),(29,30,31),(29,31,32),(32,31,33),(32,33,34),(34,33,35),(34,35,36),(36,35,37),(36,37,38),(38,37,39),(39,37,40),(39,40,41),(39,41,42),(42,41,43),(42,43,44),(45,46,47),(46,45,48),(49,50,51),(50,49,52),(53,54,55),(54,53,56),(57,58,59),(58,57,60),(61,62,63),(62,61,64),(65,66,67),(66,65,68),(69,70,71),(70,69,72),(73,74,75),(74,73,76),(77,78,79),(78,77,80),(81,82,83),(82,81,84),(85,86,87),(86,85,88),(89,90,91),(90,89,92),(93,94,95),(94,93,96),(97,98,99),(98,97,100),(101,102,103),(102,101,104),(105,106,107),(106,105,108),(109,110,111),(110,109,112),(113,114,115),(114,113,116),(117,118,119),(118,117,120),(121,122,123),(122,121,124),(125,126,127),(126,125,128),(129,130,131),(130,129,132)),$);
#135=IFCCARTESIANPOINTLIST3D(((1800.0000000000068,-5500.0000000080681,-119.9999999999968),(1851.8261465675066,5185.9843373748436,-119.99999999999645),(1799.9999999999793,5499.9999999919091,-119.9999999999968),(1851.8261465675153,-5185.984337390998,-119.99999999999645),(1946.0097838825377,4881.9757383204997,-119.99999999999645),(1946.0097838825304,-4881.9757383366486,-119.99999999999645),(2080.7895459400897,-4593.6595896793397,-119.99999999999608),(2080.7895459400852,4593.6595896631825,-119.99999999999608),(2253.6448623118436,4326.4278074236709,-119.99999999999608),(2253.6448623118581,-4326.4278074398399,-119.99999999999608),(2461.3430963454261,4085.2780004235442,-119.99999999999572),(2461.3430963454416,-4085.2780004397105,-119.99999999999572),(2699.9999999999923,3874.7200079965105,-119.99999999999572),(2699.9999999999923,-3874.7200080126709,-119.99999999999572),(3336.3961030678697,-3386.3961030839482,-119.99999999999572),(3336.3961030678738,3386.3961030677824,-119.99999999999572),(3479.4228634059809,-3200.0000000160585,-119.99999999999572),(3479.4228634059759,3199.999999999899,-119.99999999999572),(3569.3332436601568,2982.9371405921734,-119.99999999999572),(3569.3332436601668,-2982.9371406083351,-119.99999999999572),(3600.0000000000014,2749.9999999998845,-119.99999999999572),(3600.0000000000159,-2750.000000000096,-119.99999999999572),(1851.826146567505,5185.9843373748436,-369.99999999999159),(1800.0000000000061,-5500.0000000080681,-369.99999999999159),(1799.9999999999793,5499.9999999919073,-369.99999999999159),(1851.8261465675146,-5185.984337390998,-369.99999999999159),(1946.0097838825361,4881.9757383204987,-369.99999999999159),(1946.0097838825288,-4881.9757383366496,-369.99999999999159),(2080.7895459400879,-4593.6595896793397,-369.99999999999085),(2080.7895459400838,4593.6595896631825,-369.99999999999085),(2253.6448623118422,4326.4278074236709,-369.99999999999085),(2253.6448623118567,-4326.4278074398408,-369.99999999999085),(2461.3430963454248,4085.2780004235428,-369.99999999999085),(2461.3430963454393,-4085.2780004397114,-369.99999999999085),(2699.9999999999909,3874.7200079965105,-369.99999999999085),(2699.9999999999909,-3874.7200080126727,-369.99999999999085),(3336.3961030678724,3386.396103067781,-369.99999999999085),(3336.3961030678679,-3386.3961030839482,-369.99999999999085),(3479.4228634059787,-3200.0000000160594,-369.99999999999085),(3479.4228634059746,3199.9999999998972,-369.99999999999085),(3569.3332436601554,2982.9371405921734,-369.99999999999085),(3569.3332436601654,-2982.9371406083355,-369.99999999999085),(3600.0000000000014,2749.9999999998845,-369.99999999999085),(3600.0000000000146,-2750.0000000000964,-369.99999999999085),(1799.9999999999793,5499.9999999919091,-119.9999999999968),(1800.0000000000061,-5500.0000000080681,-369.99999999999159),(1800.0000000000068,-5500.0000000080681,-119.9999999999968),(1799.9999999999793,5499.9999999919073,-369.99999999999159),(1851.8261465675153,-5185.984337390998,-119.99999999999645),(1800.0000000000061,-5500.0000000080681,-369.99999999999159),(1851.8261465675146,-5185.984337390998,-369.99999999999159),(1800.0000000000068,-5500.0000000080681,-119.9999999999968),(1946.0097838825304,-4881.9757383366486,-119.99999999999645),(1851.8261465675146,-5185.984337390998,-369.99999999999159),(1946.0097838825288,-4881.9757383366496,-369.99999999999159),(1851.8261465675153,-5185.984337390998,-119.99999999999645),(2080.7895459400879,-4593.6595896793397,-369.99999999999085),(1946.0097838825304,-4881.9757383366486,-119.99999999999645),(1946.0097838825288,-4881.9757383366496,-369.99999999999159),(2080.7895459400897,-4593.6595896793397,-119.99999999999608),(2253.6448623118581,-4326.4278074398399,-119.99999999999608),(2080.7895459400879,-4593.6595896793397,-369.99999999999085),(2253.6448623118567,-4326.4278074398408,-369.99999999999085),(2080.7895459400897,-4593.6595896793397,-119.99999999999608),(2461.3430963454416,-4085.2780004397105,-119.99999999999572),(2253.6448623118567,-4326.4278074398408,-369.99999999999085),(2461.3430963454393,-4085.2780004397114,-369.99999999999085),(2253.6448623118581,-4326.4278074398399,-119.99999999999608),(2699.9999999999923,-3874.7200080126709,-119.99999999999572),(2461.3430963454393,-4085.2780004397114,-369.99999999999085),(2699.9999999999909,-3874.7200080126727,-369.99999999999085),(2461.3430963454416,-4085.2780004397105,-119.99999999999572),(3336.3961030678697,-3386.3961030839482,-119.99999999999572),(2699.9999999999909,-3874.7200080126727,-369.99999999999085),(3336.3961030678679,-3386.3961030839482,-369.99999999999085),(2699.9999999999923,-3874.7200080126709,-119.99999999999572),(3479.4228634059809,-3200.0000000160585,-119.99999999999572),(3336.3961030678679,-3386.3961030839482,-369.99999999999085),(3479.4228634059787,-3200.0000000160594,-369.99999999999085),(3336.3961030678697,-3386.3961030839482,-119.99999999999572),(3569.3332436601668,-2982.9371406083351,-119.99999999999572),(3479.4228634059787,-3200.0000000160594,-369.99999999999085),(3569.3332436601654,-2982.9371406083355,-369.99999999999085),(3479.4228634059809,-3200.0000000160585,-119.99999999999572),(3600.0000000000159,-2750.000000000096,-119.99999999999572),(3569.3332436601654,-2982.9371406083355,-369.99999999999085),(3600.0000000000146,-2750.0000000000964,-369.99999999999085),(3569.3332436601668,-2982.9371406083351,-119.99999999999572),(3600.0000000000014,2749.9999999998845,-369.99999999999085),(3600.0000000000159,-2750.000000000096,-119.99999999999572),(3600.0000000000146,-2750.0000000000964,-369.99999999999085),(3600.0000000000014,2749.9999999998845,-119.99999999999572),(3569.3332436601568,2982.9371405921734,-119.99999999999572),(3600.0000000000014,2749.9999999998845,-369.99999999999085),(3569.3332436601554,2982.9371405921734,-369.99999999999085),(3600.0000000000014,2749.9999999998845,-119.99999999999572),(3479.4228634059759,3199.999999999899,-119.99999999999572),(3569.3332436601554,2982.9371405921734,-369.99999999999085),(3479.4228634059746,3199.9999999998972,-369.99999999999085),(3569.3332436601568,2982.9371405921734,-119.99999999999572),(3336.3961030678738,3386.3961030677824,-119.99999999999572),(3479.4228634059746,3199.9999999998972,-369.99999999999085),(3336.3961030678724,3386.396103067781,-369.99999999999085),(3479.4228634059759,3199.999999999899,-119.99999999999572),(2699.9999999999923,3874.7200079965105,-119.99999999999572),(3336.3961030678724,3386.396103067781,-369.99999999999085),(2699.9999999999909,3874.7200079965105,-369.99999999999085),(3336.3961030678738,3386.3961030677824,-119.99999999999572),(2461.3430963454261,4085.2780004235442,-119.99999999999572),(2699.9999999999909,3874.7200079965105,-369.99999999999085),(2461.3430963454248,4085.2780004235428,-369.99999999999085),(2699.9999999999923,3874.7200079965105,-119.99999999999572),(2253.6448623118436,4326.4278074236709,-119.99999999999608),(2461.3430963454248,4085.2780004235428,-369.99999999999085),(2253.6448623118422,4326.4278074236709,-369.99999999999085),(2461.3430963454261,4085.2780004235442,-119.99999999999572),(2080.7895459400852,4593.6595896631825,-119.99999999999608),(2253.6448623118422,4326.4278074236709,-369.99999999999085),(2080.7895459400838,4593.6595896631825,-369.99999999999085),(2253.6448623118436,4326.4278074236709,-119.99999999999608),(1946.0097838825377,4881.9757383204997,-119.99999999999645),(2080.7895459400838,4593.6595896631825,-369.99999999999085),(1946.0097838825361,4881.9757383204987,-369.99999999999159),(2080.7895459400852,4593.6595896631825,-119.99999999999608),(1851.8261465675066,5185.9843373748436,-119.99999999999645),(1946.0097838825361,4881.9757383204987,-369.99999999999159),(1851.826146567505,5185.9843373748436,-369.99999999999159),(1946.0097838825377,4881.9757383204997,-119.99999999999645),(1799.9999999999793,5499.9999999919091,-119.9999999999968),(1851.826146567505,5185.9843373748436,-369.99999999999159),(1799.9999999999793,5499.9999999919073,-369.99999999999159),(1851.8261465675066,5185.9843373748436,-119.99999999999645)));
#136=IFCSTYLEDITEM(#134,(#137),$);
#137=IFCSURFACESTYLE('bulk-material_gravel_generic',.BOTH.,(#120));
#138=IFCSHAPEREPRESENTATION(#12,'Body','Tessellation',(#134));
#139=IFCPRODUCTDEFINITIONSHAPE($,$,(#138));
#140=IFCSLABTYPE('24HaMtLO9C$fshsAK9CnCH',#1,'road parking - base course','A solid base course, providing support for the parking area surface.',$,$,$,'1922322','subgradebed',.USERDEFINED.);
#141=IFCRELDEFINESBYTYPE('0L3x$QUpbESBDAJbifqHSJ',#1,$,$,(#142,#400),#140);
#142=IFCSLAB('21looXrNb6n9dVVqZ0afH3',#1,'road parking - base course','A solid base course, providing support for the parking area surface.','subgradebed',#157,#167,'454425.1027892.955978.953073.940313.1922263',$);
#143=IFCPROPERTYENUMERATEDVALUE('Status',$,(IFCLABEL('UNSET')),#58);
#144=IFCPROPERTYSINGLEVALUE('IsExternal',$,IFCBOOLEAN(.T.),$);
#145=IFCPROPERTYSINGLEVALUE('LoadBearing',$,IFCBOOLEAN(.T.),$);
#146=IFCPROPERTYSET('1jlla1gM1D0uY8yrK3MBdA',#1,'Pset_SlabCommon',$,(#143,#144,#145));
#147=IFCRELDEFINESBYPROPERTIES('3ZrYW5UE5COPtUye$9YrOx',#1,$,$,(#142),#146);
#148=IFCSURFACESTYLERENDERING(#149,0.,$,$,$,$,$,$,.NOTDEFINED.);
#149=IFCCOLOURRGB($,0.74901960784313726,0.71764705882352942,0.67450980392156867);
#150=IFCRELASSOCIATESMATERIAL('22Ow5l4rfEOAdTnKzUl6tG',#1,$,$,(#142,#311,#400,#530,#599,#727,#957,#1144),#151);
#151=IFCMATERIAL('bulk-material_crushed-stone_generic',$,$);
#152=IFCQUANTITYVOLUME('NetVolume',$,$,1.7115073828453351,$);
#153=IFCQUANTITYLENGTH('Depth',$,$,119.99999999975584,$);
#154=IFCQUANTITYAREA('NetArea',$,$,14.262561523740144,$);
#155=IFCELEMENTQUANTITY('0I9vkQcu165g6yD3w3Ixqt',#1,'Qto_SlabBaseQuantities',$,$,(#152,#153,#154));
#156=IFCRELDEFINESBYPROPERTIES('0CDokue9b4OABsBilcfoYH',#1,$,$,(#142),#155);
#157=IFCLOCALPLACEMENT(#49,#158);
#158=IFCAXIS2PLACEMENT3D(#159,#160,#161);
#159=IFCCARTESIANPOINT((7.5078787631355223E-11,8.0594190876581699E-09,-9.0238927441532719E-14));
#160=IFCDIRECTION((-1.97215226305254E-31,-4.7331654313260715E-30,1.));
#161=IFCDIRECTION((1.,5.5511151231257827E-17,3.9443045261050608E-31));
#162=IFCTRIANGULATEDFACESET(#163,((-4.6288364449907162E-16,5.0487097934145032E-30,1.),(-4.6288364449907162E-16,5.0487097934145032E-30,1.),(-4.6288364449907162E-16,5.0487097934145032E-30,1.),(-4.6288364449907162E-16,5.0487097934145032E-30,1.),(-4.6288364449907162E-16,5.0487097934145032E-30,1.),(-4.6288364449907162E-16,5.0487097934145032E-30,1.),(-4.6288364449907162E-16,5.0487097934145032E-30,1.),(-4.6288364449907162E-16,5.0487097934145032E-30,1.),(-4.6288364449907162E-16,5.0487097934145032E-30,1.),(-4.6288364449907162E-16,5.0487097934145032E-30,1.),(-4.6288364449907162E-16,5.0487097934145032E-30,1.),(-4.6288364449907162E-16,5.0487097934145032E-30,1.),(-4.6288364449907162E-16,5.0487097934145032E-30,1.),(-4.6288364449907162E-16,5.0487097934145032E-30,1.),(-4.6288364449907162E-16,5.0487097934145032E-30,1.),(-4.6288364449907162E-16,5.0487097934145032E-30,1.),(-4.6288364449907162E-16,5.0487097934145032E-30,1.),(-4.6288364449907162E-16,5.0487097934145032E-30,1.),(-4.6288364449907162E-16,5.0487097934145032E-30,1.),(-4.6288364449907162E-16,5.0487097934145032E-30,1.),(-4.6288364449907162E-16,5.0487097934145032E-30,1.),(-4.6288364449907162E-16,5.0487097934145032E-30,1.),(4.6288364449907162E-16,-5.0487097934145032E-30,-1.),(4.6288364449907162E-16,-5.0487097934145032E-30,-1.),(4.6288364449907162E-16,-5.0487097934145032E-30,-1.),(4.6288364449907162E-16,-5.0487097934145032E-30,-1.),(4.6288364449907162E-16,-5.0487097934145032E-30,-1.),(4.6288364449907162E-16,-5.0487097934145032E-30,-1.),(4.6288364449907162E-16,-5.0487097934145032E-30,-1.),(4.6288364449907162E-16,-5.0487097934145032E-30,-1.),(4.6288364449907162E-16,-5.0487097934145032E-30,-1.),(4.6288364449907162E-16,-5.0487097934145032E-30,-1.),(4.6288364449907162E-16,-5.0487097934145032E-30,-1.),(4.6288364449907162E-16,-5.0487097934145032E-30,-1.),(4.6288364449907162E-16,-5.0487097934145032E-30,-1.),(4.6288364449907162E-16,-5.0487097934145032E-30,-1.),(4.6288364449907162E-16,-5.0487097934145032E-30,-1.),(4.6288364449907162E-16,-5.0487097934145032E-30,-1.),(4.6288364449907162E-16,-5.0487097934145032E-30,-1.),(4.6288364449907162E-16,-5.0487097934145032E-30,-1.),(4.6288364449907162E-16,-5.0487097934145032E-30,-1.),(4.6288364449907162E-16,-5.0487097934145032E-30,-1.),(4.6288364449907162E-16,-5.0487097934145032E-30,-1.),(4.6288364449907162E-16,-5.0487097934145032E-30,-1.),(-1.,-2.3980817331903513E-15,-4.6288364449907182E-16),(-1.,-2.3980817331903513E-15,-4.6288364449907182E-16),(-1.,-2.3980817331903513E-15,-4.6288364449907182E-16),(-1.,-2.3980817331903513E-15,-4.6288364449907182E-16),(0.97738062706982531,-0.21148784794544359,4.5241350672087102E-16),(0.98665244516784079,-0.16284026665515175,4.5670527967321224E-16),(0.97738062706982565,-0.2114878479454424,4.5241350672087112E-16),(0.98665244516784079,-0.16284026665515175,4.5670527967321224E-16),(0.93696856766452608,-0.34941365629964521,4.3370742538163431E-16),(0.97738062706982531,-0.21148784794544359,4.5241350672087102E-16),(0.97738062706982565,-0.2114878479454424,4.5241350672087112E-16),(0.93696856766452563,-0.34941365629964583,4.3370742538163421E-16),(0.87886083575552898,-0.47707822353896329,4.0681030666202411E-16),(0.93696856766452608,-0.34941365629964521,4.3370742538163431E-16),(0.87886083575552909,-0.47707822353896312,4.0681030666202401E-16),(0.93696856766452563,-0.34941365629964583,4.3370742538163421E-16),(0.80427186785030846,-0.59426152709440649,3.7228429335863232E-16),(0.87886083575552909,-0.47707822353896312,4.0681030666202401E-16),(0.80427186785030869,-0.59426152709440605,3.7228429335863242E-16),(0.87886083575552898,-0.47707822353896329,4.0681030666202411E-16),(0.71462488815079495,-0.69950787646420687,3.3078817267698827E-16),(0.80427186785030869,-0.59426152709440605,3.7228429335863242E-16),(0.71462488815079495,-0.69950787646420676,3.3078817267698837E-16),(0.80427186785030846,-0.59426152709440649,3.7228429335863232E-16),(0.63628556861662355,-0.77145361180710037,2.9452618294343442E-16),(0.71462488815079495,-0.69950787646420687,3.3078817267698827E-16),(0.71462488815079495,-0.69950787646420676,3.3078817267698837E-16),(0.63628556861662355,-0.77145361180710037,2.9452618294343437E-16),(0.71919245240998542,-0.69481092132788957,3.3290242346776608E-16),(0.63628556861662355,-0.77145361180710037,2.9452618294343442E-16),(0.71919245240998542,-0.69481092132788957,3.3290242346776608E-16),(0.63628556861662355,-0.77145361180710037,2.9452618294343437E-16),(0.88048773143602543,-0.47406893463993355,4.0756337006383191E-16),(0.71919245240998542,-0.69481092132788957,3.3290242346776608E-16),(0.88048773143602499,-0.47406893463993433,4.0756337006383166E-16),(0.71919245240998542,-0.69481092132788957,3.3290242346776608E-16),(0.98001907018742651,-0.19890354966408227,4.5363479888694957E-16),(0.88048773143602499,-0.47406893463993433,4.0756337006383166E-16),(0.98001907018742618,-0.19890354966408294,4.5363479888694927E-16),(0.88048773143602543,-0.47406893463993355,4.0756337006383191E-16),(0.99940557235042859,-0.034474656704778277,4.6260849366224762E-16),(0.98001907018742618,-0.19890354966408294,4.5363479888694927E-16),(0.99940557235042859,-0.034474656704778277,4.6260849366224762E-16),(0.98001907018742651,-0.19890354966408227,4.5363479888694957E-16),(0.99940557235039951,0.034474656705616717,4.6260849366223342E-16),(0.99940557235042859,-0.034474656704778277,4.6260849366224762E-16),(0.99940557235042859,-0.034474656704778277,4.6260849366224762E-16),(0.99940557235039951,0.034474656705616717,4.6260849366223342E-16),(0.98001907018553502,0.19890354967340187,4.5363479888607018E-16),(0.99940557235039951,0.034474656705616717,4.6260849366223342E-16),(0.98001907018553502,0.19890354967340187,4.5363479888607018E-16),(0.99940557235039951,0.034474656705616717,4.6260849366223342E-16),(0.88048773143603332,0.47406893463991862,4.0756337006382648E-16),(0.98001907018553502,0.19890354967340187,4.5363479888607018E-16),(0.88048773143603332,0.47406893463991862,4.0756337006382648E-16),(0.98001907018553502,0.19890354967340187,4.5363479888607018E-16),(0.71919245240998797,0.6948109213278868,3.3290242346775371E-16),(0.88048773143603332,0.47406893463991862,4.0756337006382648E-16),(0.71919245240998797,0.6948109213278868,3.3290242346775371E-16),(0.88048773143603332,0.47406893463991862,4.0756337006382648E-16),(0.6362855686166089,0.77145361180711225,2.9452618294341267E-16),(0.71919245240998797,0.6948109213278868,3.3290242346775371E-16),(0.63628556861660901,0.77145361180711225,2.9452618294341267E-16),(0.71919245240998797,0.6948109213278868,3.3290242346775371E-16),(0.71462488815078284,0.69950787646421886,3.3078817267696919E-16),(0.63628556861660901,0.77145361180711225,2.9452618294341267E-16),(0.71462488815078296,0.69950787646421886,3.3078817267696914E-16),(0.6362855686166089,0.77145361180711225,2.9452618294341267E-16),(0.804271867850329,0.59426152709437874,3.7228429335863025E-16),(0.71462488815078296,0.69950787646421886,3.3078817267696914E-16),(0.804271867850329,0.59426152709437874,3.7228429335863025E-16),(0.71462488815078284,0.69950787646421886,3.3078817267696919E-16),(0.87886083575555241,0.47707822353892032,4.0681030666202574E-16),(0.804271867850329,0.59426152709437874,3.7228429335863025E-16),(0.87886083575555252,0.47707822353892015,4.0681030666202559E-16),(0.804271867850329,0.59426152709437874,3.7228429335863025E-16),(0.9369685676645193,0.34941365629966303,4.337074253816245E-16),(0.87886083575555252,0.47707822353892015,4.0681030666202559E-16),(0.93696856766451964,0.34941365629966281,4.337074253816245E-16),(0.87886083575555241,0.47707822353892032,4.0681030666202574E-16),(0.97738062706981033,0.2114878479455127,4.5241350672085988E-16),(0.93696856766451964,0.34941365629966281,4.337074253816245E-16),(0.97738062706981044,0.21148784794551245,4.5241350672085998E-16),(0.9369685676645193,0.34941365629966303,4.337074253816245E-16),(0.98665244516782902,0.16284026665522319,4.5670527967320366E-16),(0.97738062706981044,0.21148784794551245,4.5241350672085998E-16),(0.98665244516782902,0.16284026665522319,4.5670527967320366E-16),(0.97738062706981033,0.2114878479455127,4.5241350672085988E-16)),$,((1,2,3),(2,1,4),(2,4,5),(5,4,6),(5,6,7),(5,7,8),(8,7,9),(8,9,10),(10,9,11),(11,9,12),(11,12,13),(13,12,14),(13,14,15),(15,14,16),(15,16,17),(15,17,18),(18,17,19),(19,17,20),(19,20,21),(21,20,22),(23,24,25),(24,23,26),(26,23,27),(26,27,28),(28,27,29),(29,27,30),(29,30,31),(29,31,32),(32,31,33),(32,33,34),(34,33,35),(34,35,36),(36,35,37),(36,37,38),(38,37,39),(39,37,40),(39,40,41),(39,41,42),(42,41,43),(42,43,44),(45,46,47),(46,45,48),(49,50,51),(50,49,52),(53,54,55),(54,53,56),(57,58,59),(58,57,60),(61,62,63),(62,61,64),(65,66,67),(66,65,68),(69,70,71),(70,69,72),(73,74,75),(74,73,76),(77,78,79),(78,77,80),(81,82,83),(82,81,84),(85,86,87),(86,85,88),(89,90,91),(90,89,92),(93,94,95),(94,93,96),(97,98,99),(98,97,100),(101,102,103),(102,101,104),(105,106,107),(106,105,108),(109,110,111),(110,109,112),(113,114,115),(114,113,116),(117,118,119),(118,117,120),(121,122,123),(122,121,124),(125,126,127),(126,125,128),(129,130,131),(130,129,132)),$);
#163=IFCCARTESIANPOINTLIST3D(((1800.00000000001,-5500.0000000080745,-369.99999999999335),(1851.8261465675128,5185.9843373748508,-369.99999999999318),(1799.9999999999841,5499.9999999919155,-369.99999999999335),(1851.8261465675178,-5185.9843373910026,-369.99999999999318),(1946.0097838825423,4881.9757383205033,-369.99999999999289),(1946.0097838825316,-4881.9757383366532,-369.99999999999289),(2080.7895459400911,-4593.6595896793451,-369.99999999999272),(2080.7895459400911,4593.6595896631879,-369.99999999999272),(2253.6448623118608,-4326.4278074398444,-369.99999999999255),(2253.6448623118449,4326.4278074236772,-369.99999999999255),(2461.343096345428,4085.2780004235469,-369.99999999999238),(2461.3430963454448,-4085.2780004397127,-369.99999999999238),(2699.999999999995,3874.7200079965096,-369.99999999999227),(2699.9999999999964,-3874.7200080126731,-369.99999999999227),(3336.3961030678788,3386.3961030677847,-369.99999999999227),(3336.3961030678761,-3386.3961030839496,-369.99999999999227),(3479.422863405985,-3200.0000000160617,-369.99999999999227),(3479.42286340598,3199.9999999999027,-369.99999999999227),(3569.3332436601631,2982.937140592177,-369.99999999999227),(3569.3332436601718,-2982.9371406083401,-369.99999999999227),(3600.0000000000055,2749.9999999998845,-369.99999999999227),(3600.0000000000186,-2750.0000000000982,-369.99999999999227),(1851.8261465675128,5185.9843373748508,-489.99999999974813),(1800.0000000000086,-5500.0000000080745,-489.99999999974813),(1799.9999999999841,5499.9999999919155,-489.99999999974813),(1851.8261465675164,-5185.9843373910026,-489.99999999974813),(1946.0097838825423,4881.9757383205033,-489.99999999974744),(1946.0097838825307,-4881.9757383366523,-489.99999999974744),(2080.7895459400911,-4593.6595896793442,-489.99999999974744),(2080.7895459400911,4593.6595896631879,-489.99999999974744),(2253.6448623118449,4326.4278074236772,-489.99999999974744),(2253.6448623118599,-4326.4278074398444,-489.99999999974744),(2461.343096345428,4085.2780004235469,-489.99999999974744),(2461.3430963454448,-4085.2780004397127,-489.99999999974744),(2699.999999999995,3874.7200079965096,-489.99999999974671),(2699.9999999999964,-3874.7200080126731,-489.99999999974671),(3336.3961030678788,3386.3961030677847,-489.99999999974671),(3336.3961030678761,-3386.3961030839496,-489.99999999974671),(3479.4228634059846,-3200.0000000160617,-489.99999999974671),(3479.42286340598,3199.9999999999027,-489.99999999974671),(3569.3332436601631,2982.937140592177,-489.99999999974671),(3569.3332436601713,-2982.9371406083392,-489.99999999974671),(3600.0000000000055,2749.9999999998845,-489.99999999974671),(3600.0000000000186,-2750.0000000000982,-489.99999999974671),(1799.9999999999841,5499.9999999919155,-369.99999999999335),(1800.0000000000086,-5500.0000000080745,-489.99999999974813),(1800.00000000001,-5500.0000000080745,-369.99999999999335),(1799.9999999999841,5499.9999999919155,-489.99999999974813),(1851.8261465675178,-5185.9843373910026,-369.99999999999318),(1800.0000000000086,-5500.0000000080745,-489.99999999974813),(1851.8261465675164,-5185.9843373910026,-489.99999999974813),(1800.00000000001,-5500.0000000080745,-369.99999999999335),(1946.0097838825307,-4881.9757383366523,-489.99999999974744),(1851.8261465675178,-5185.9843373910026,-369.99999999999318),(1851.8261465675164,-5185.9843373910026,-489.99999999974813),(1946.0097838825316,-4881.9757383366532,-369.99999999999289),(2080.7895459400911,-4593.6595896793451,-369.99999999999272),(1946.0097838825307,-4881.9757383366523,-489.99999999974744),(2080.7895459400911,-4593.6595896793442,-489.99999999974744),(1946.0097838825316,-4881.9757383366532,-369.99999999999289),(2253.6448623118608,-4326.4278074398444,-369.99999999999255),(2080.7895459400911,-4593.6595896793442,-489.99999999974744),(2253.6448623118599,-4326.4278074398444,-489.99999999974744),(2080.7895459400911,-4593.6595896793451,-369.99999999999272),(2461.3430963454448,-4085.2780004397127,-369.99999999999238),(2253.6448623118599,-4326.4278074398444,-489.99999999974744),(2461.3430963454448,-4085.2780004397127,-489.99999999974744),(2253.6448623118608,-4326.4278074398444,-369.99999999999255),(2699.9999999999964,-3874.7200080126731,-489.99999999974671),(2461.3430963454448,-4085.2780004397127,-369.99999999999238),(2461.3430963454448,-4085.2780004397127,-489.99999999974744),(2699.9999999999964,-3874.7200080126731,-369.99999999999227),(3336.3961030678761,-3386.3961030839496,-369.99999999999227),(2699.9999999999964,-3874.7200080126731,-489.99999999974671),(3336.3961030678761,-3386.3961030839496,-489.99999999974671),(2699.9999999999964,-3874.7200080126731,-369.99999999999227),(3479.422863405985,-3200.0000000160617,-369.99999999999227),(3336.3961030678761,-3386.3961030839496,-489.99999999974671),(3479.4228634059846,-3200.0000000160617,-489.99999999974671),(3336.3961030678761,-3386.3961030839496,-369.99999999999227),(3569.3332436601718,-2982.9371406083401,-369.99999999999227),(3479.4228634059846,-3200.0000000160617,-489.99999999974671),(3569.3332436601713,-2982.9371406083392,-489.99999999974671),(3479.422863405985,-3200.0000000160617,-369.99999999999227),(3600.0000000000186,-2750.0000000000982,-369.99999999999227),(3569.3332436601713,-2982.9371406083392,-489.99999999974671),(3600.0000000000186,-2750.0000000000982,-489.99999999974671),(3569.3332436601718,-2982.9371406083401,-369.99999999999227),(3600.0000000000055,2749.9999999998845,-489.99999999974671),(3600.0000000000186,-2750.0000000000982,-369.99999999999227),(3600.0000000000186,-2750.0000000000982,-489.99999999974671),(3600.0000000000055,2749.9999999998845,-369.99999999999227),(3569.3332436601631,2982.937140592177,-369.99999999999227),(3600.0000000000055,2749.9999999998845,-489.99999999974671),(3569.3332436601631,2982.937140592177,-489.99999999974671),(3600.0000000000055,2749.9999999998845,-369.99999999999227),(3479.42286340598,3199.9999999999027,-369.99999999999227),(3569.3332436601631,2982.937140592177,-489.99999999974671),(3479.42286340598,3199.9999999999027,-489.99999999974671),(3569.3332436601631,2982.937140592177,-369.99999999999227),(3336.3961030678788,3386.3961030677847,-369.99999999999227),(3479.42286340598,3199.9999999999027,-489.99999999974671),(3336.3961030678788,3386.3961030677847,-489.99999999974671),(3479.42286340598,3199.9999999999027,-369.99999999999227),(2699.999999999995,3874.7200079965096,-369.99999999999227),(3336.3961030678788,3386.3961030677847,-489.99999999974671),(2699.999999999995,3874.7200079965096,-489.99999999974671),(3336.3961030678788,3386.3961030677847,-369.99999999999227),(2461.343096345428,4085.2780004235469,-369.99999999999238),(2699.999999999995,3874.7200079965096,-489.99999999974671),(2461.343096345428,4085.2780004235469,-489.99999999974744),(2699.999999999995,3874.7200079965096,-369.99999999999227),(2253.6448623118449,4326.4278074236772,-369.99999999999255),(2461.343096345428,4085.2780004235469,-489.99999999974744),(2253.6448623118449,4326.4278074236772,-489.99999999974744),(2461.343096345428,4085.2780004235469,-369.99999999999238),(2080.7895459400911,4593.6595896631879,-369.99999999999272),(2253.6448623118449,4326.4278074236772,-489.99999999974744),(2080.7895459400911,4593.6595896631879,-489.99999999974744),(2253.6448623118449,4326.4278074236772,-369.99999999999255),(1946.0097838825423,4881.9757383205033,-369.99999999999289),(2080.7895459400911,4593.6595896631879,-489.99999999974744),(1946.0097838825423,4881.9757383205033,-489.99999999974744),(2080.7895459400911,4593.6595896631879,-369.99999999999272),(1851.8261465675128,5185.9843373748508,-369.99999999999318),(1946.0097838825423,4881.9757383205033,-489.99999999974744),(1851.8261465675128,5185.9843373748508,-489.99999999974813),(1946.0097838825423,4881.9757383205033,-369.99999999999289),(1799.9999999999841,5499.9999999919155,-369.99999999999335),(1851.8261465675128,5185.9843373748508,-489.99999999974813),(1799.9999999999841,5499.9999999919155,-489.99999999974813),(1851.8261465675128,5185.9843373748508,-369.99999999999318)));
#164=IFCSTYLEDITEM(#162,(#165),$);
#165=IFCSURFACESTYLE('bulk-material_crushed-stone_generic',.BOTH.,(#148));
#166=IFCSHAPEREPRESENTATION(#12,'Body','Tessellation',(#162));
#167=IFCPRODUCTDEFINITIONSHAPE($,$,(#166));
#168=IFCBUILDINGSTOREY('1rSMOsFHPCxBpVA$FlasQt',#1,'road parking - shoulder','The shoulder, providing additional space and support alongside the parking area.','shoulder',#169,#178,$,.ELEMENT.,-489.99999999999108);
#169=IFCLOCALPLACEMENT(#42,#170);
#170=IFCAXIS2PLACEMENT3D(#171,#172,#173);
#171=IFCCARTESIANPOINT((1799.999999999995,-9999.9999999997508,-489.99999999999108));
#172=IFCDIRECTION((-1.5210055437364648E-14,-1.,-2.5667961583369169E-14));
#173=IFCDIRECTION((1.,-1.5598633495983449E-14,-3.9376986519941476E-15));
#174=IFCTRIANGULATEDFACESET(#175,((-1.9262369477246378E-14,-2.3661911662699709E-14,-1.),(-1.9262369477246378E-14,-2.3661911662699709E-14,-1.),(-1.9262369477246378E-14,-2.3661911662699709E-14,-1.),(-1.9262369477246378E-14,-2.3661911662699709E-14,-1.),(-1.9262369477246378E-14,-2.3661911662699709E-14,-1.),(0.44721359549995265,0.89442719099991852,-2.9770203774372178E-14),(0.44462712211272243,0.8950240163462051,-0.035195631053673182),(0.44721359549995265,0.89442719099991852,-2.9770203774372178E-14),(0.44639455704368342,0.89475581798024661,-0.011996900944556108),(0.4398033400873142,0.89458853637887781,-0.079274035014873803),(0.44462712211272243,0.8950240163462051,-0.035195631053673182),(0.44639455704368342,0.89475581798024661,-0.011996900944556108),(0.43088800559372298,0.8947432161885972,-0.11734608523486753),(0.4245715702245984,0.89460677916673215,-0.13934738040574909),(0.43088800559372298,0.8947432161885972,-0.11734608523486753),(0.4398033400873142,0.89458853637887781,-0.079274035014873803),(0.40999343642653091,0.89470924745041069,-0.17720255250386147),(0.40113926992411802,0.89462597426604917,-0.19680358811075507),(0.40999343642653091,0.89470924745041069,-0.17720255250386147),(0.4245715702245984,0.89460677916673215,-0.13934738040574909),(0.3817061337427709,0.89470028605427088,-0.23197376057983729),(0.3699120750262796,0.89464645286397904,-0.25054496827446465),(0.3817061337427709,0.89470028605427088,-0.23197376057983729),(0.40113926992411802,0.89462597426604917,-0.19680358811075507),(0.34659052980921901,0.89470300312898143,-0.28174729961180961),(0.33137700346325322,0.89466994703881542,-0.29959133405570704),(0.34659052980921901,0.89470300312898143,-0.28174729961180961),(0.3699120750262796,0.89464645286397904,-0.25054496827446465),(0.30539288889769084,0.89471368701508236,-0.32591809044390224),(0.29105562584976391,0.89449535765478627,-0.3393592164583692),(0.30539288889769084,0.89471368701508236,-0.32591809044390224),(0.33137700346325322,0.89466994703881542,-0.29959133405570704),(0.27754630683069936,0.89449983586196569,-0.35048265464578376),(0.29252589747615348,0.8955449824215157,-0.33530252573671138),(0.27754630683069936,0.89449983586196569,-0.35048265464578376),(0.29105562584976391,0.89449535765478627,-0.3393592164583692),(0.34199588291491245,0.89524278393488732,-0.28562068181726974),(0.36940944482314281,0.8955486016842531,-0.24805113202087284),(0.34199588291491245,0.89524278393488732,-0.28562068181726974),(0.29252589747615348,0.8955449824215157,-0.33530252573671138),(0.4067156210579968,0.89505029577665296,-0.18294089651451362),(0.42418226548912019,0.89580363511277705,-0.13268478798736646),(0.4067156210579968,0.89505029577665296,-0.18294089651451362),(0.36940944482314281,0.8955486016842531,-0.24805113202087284),(0.44127944643812977,0.89485983520867185,-0.067069557040183414),(0.4454365440578148,0.89480972328537234,-0.030030723131252678),(0.44127944643812977,0.89485983520867185,-0.067069557040183414),(0.42418226548912019,0.89580363511277705,-0.13268478798736646),(0.44658833840628909,0.89466728614898994,-0.011371151846281751),(0.44127944643868999,0.89485983520869117,0.067069557036240887),(0.44543654405802136,0.89480972328532216,0.030030723129682559),(0.42418226548975602,0.89580363511290184,0.13268478798449038),(0.44658833840634121,0.89466728614896718,0.011371151846018489),(0.40671562105800324,0.89505029577666295,0.18294089651445064),(0.42418226548975602,0.89580363511290184,0.13268478798449038),(0.36940944482314908,0.8955486016842662,0.248051132020816),(0.44127944643868999,0.89485983520869117,0.067069557036240887),(0.34199588291492533,0.89524278393490264,0.28562068181720657),(0.36940944482314908,0.8955486016842662,0.248051132020816),(0.29252589747616142,0.89554498242153358,0.33530252573665659),(0.40671562105800324,0.89505029577666295,0.18294089651445064),(0.2775463068307073,0.89449983586198423,0.35048265464572981),(0.29252589747616142,0.89554498242153358,0.33530252573665659),(0.29105562584976929,0.89449535765480459,0.33935921645831651),(0.34199588291492533,0.89524278393490264,0.28562068181720657),(0.30539288889769467,0.89471368701510012,0.32591809044385001),(0.29105562584976929,0.89449535765480459,0.33935921645831651),(0.33137700346326404,0.89466994703883185,0.29959133405564603),(0.2775463068307073,0.89449983586198423,0.35048265464572981),(0.34659052980922739,0.89470300312899675,0.28174729961175049),(0.33137700346326404,0.89466994703883185,0.29959133405564603),(0.3699120750262882,0.89464645286399258,0.25054496827440309),(0.30539288889769467,0.89471368701510012,0.32591809044385001),(0.38170613374277595,0.89470028605428364,0.23197376057978011),(0.3699120750262882,0.89464645286399258,0.25054496827440309),(0.40113926992412291,0.89462597426606016,0.1968035881106954),(0.34659052980922739,0.89470300312899675,0.28174729961175049),(0.40999343642653358,0.89470924745042069,0.17720255250380479),(0.40113926992412291,0.89462597426606016,0.1968035881106954),(0.42457157022460346,0.89460677916674025,0.13934738040568206),(0.38170613374277595,0.89470028605428364,0.23197376057978011),(0.43088800559372475,0.89474321618860397,0.11734608523480984),(0.42457157022460346,0.89460677916674025,0.13934738040568206),(0.43980334008731475,0.89458853637888291,0.079274035014814406),(0.40999343642653358,0.89470924745042069,0.17720255250380479),(0.44462712211272054,0.89502401634620798,0.035195631053626227),(0.43980334008731475,0.89458853637888291,0.079274035014814406),(0.44639455704368175,0.89475581798024817,0.011996900944498656),(0.43088800559372475,0.89474321618860397,0.11734608523480984),(0.44721359549995088,0.89442719099991952,-2.9326114564522141E-14),(0.44462712211272054,0.89502401634620798,0.035195631053626227),(0.44639455704368175,0.89475581798024817,0.011996900944498656),(0.44721359549995088,0.89442719099991952,-2.9326114564522141E-14),(1.4876988529977006E-14,2.5041070983160192E-14,1.),(1.4876988529977006E-14,2.5041070983160192E-14,1.),(1.4876988529977006E-14,2.5041070983160192E-14,1.),(1.4876988529977006E-14,2.5041070983160192E-14,1.),(1.4876988529977006E-14,2.5041070983160192E-14,1.),(-0.9773806270698232,3.5434318913131551E-14,0.21148784794545397),(-0.99931263155074002,3.0619071812089498E-14,0.037071072592181911),(-0.99931263154569094,3.0619071816126598E-14,0.037071072728292895),(-0.97738062706981965,3.5434318913131936E-14,0.21148784794546893),(-0.99931263154568983,3.0619071816127368E-14,0.037071072728319242),(-0.97738062706982087,3.5434318913131822E-14,0.2114878479454641),(-0.93696856766451497,3.8810914393761007E-14,0.34941365629967502),(-0.97738062706982087,3.5434318913131822E-14,0.2114878479454641),(-0.9773806270698232,3.5434318913131551E-14,0.21148784794545397),(-0.97738062706981965,3.5434318913131936E-14,0.21148784794546893),(-0.93696856766451098,3.8810914393761246E-14,0.34941365629968557),(-0.93696856766451198,3.8810914393761183E-14,0.34941365629968274),(-0.99931263154569094,3.0619071816126598E-14,0.037071072728292895),(-1.,2.9499241033027276E-14,1.580957587066163E-14),(-1.,2.9499241033027276E-14,1.580957587066163E-14),(-0.99931263155074002,3.0619071812089498E-14,0.037071072592181911),(-1.,2.9499241033027276E-14,1.580957587066163E-14),(-0.99931263154568983,3.0619071816127368E-14,0.037071072728319242),(-0.88048773143601844,4.5224614467089993E-14,0.47406893463994643),(-0.71919245240996932,5.0686418881254286E-14,0.69481092132790645),(-0.7191924524099621,5.0686418881254463E-14,0.69481092132791378),(-0.88048773143602743,4.5224614467089544E-14,0.47406893463992983),(-0.71919245240997054,5.0686418881254261E-14,0.69481092132790512),(-0.88048773157638505,4.52246144601107E-14,0.47406893437924347),(-0.9994055723503994,3.424169987059198E-14,0.034474656705626584),(-0.98001907023385171,3.790019298580947E-14,0.19890354943534047),(-0.98001907018554157,3.7900192992680694E-14,0.19890354967336948),(-0.99940557235039995,3.424169987059167E-14,0.034474656705610382),(-0.98001907018554679,3.7900192992679968E-14,0.198903549673344),(-0.99940557235039951,3.4241699870591879E-14,0.034474656705621248),(-0.7191924524099621,5.0686418881254463E-14,0.69481092132791378),(-0.63628556855404095,5.1884739079189443E-14,0.77145361185871764),(-0.63628556861661678,5.1884739077313885E-14,0.77145361180710581),(-0.63628556861661445,5.1884739077313967E-14,0.77145361180710792),(-0.71919245240997054,5.0686418881254261E-14,0.69481092132790512),(-0.71919245240996932,5.0686418881254286E-14,0.69481092132790645),(-0.87886083575553231,4.2160893557948517E-14,0.47707822353895735),(-0.93696856766451198,3.8810914393761183E-14,0.34941365629968274),(-0.93696856766451497,3.8810914393761007E-14,0.34941365629967502),(-0.93696856766451098,3.8810914393761246E-14,0.34941365629968557),(-0.87886083575552698,4.2160893557948833E-14,0.47707822353896723),(-0.87886083575552765,4.216089355794877E-14,0.47707822353896556),(-0.63628556861661678,5.1884739077313885E-14,0.77145361180710581),(-0.71462488815078751,4.9555228747239891E-14,0.69950787646421431),(-0.71462488815079361,4.9555228747239695E-14,0.69950787646420809),(-0.63628556861661445,5.1884739077313967E-14,0.77145361180710792),(-0.71462488815078717,4.9555228747239922E-14,0.69950787646421475),(-0.63628556855404095,5.1884739079189443E-14,0.77145361185871764),(-0.71462488815079361,4.9555228747239695E-14,0.69950787646420809),(-0.80427186765871961,4.603888817076964E-14,0.5942615273537023),(-0.80427186785030458,4.6038888161717467E-14,0.59426152709441171),(-0.71462488815078717,4.9555228747239922E-14,0.69950787646421475),(-0.80427186785029969,4.6038888161717719E-14,0.59426152709441848),(-0.71462488815078751,4.9555228747239891E-14,0.69950787646421431),(-0.80427186785030458,4.6038888161717467E-14,0.59426152709441171),(-0.87886083575552765,4.216089355794877E-14,0.47707822353896556),(-0.87886083575553231,4.2160893557948517E-14,0.47707822353895735),(-0.80427186785029969,4.6038888161717719E-14,0.59426152709441848),(-0.87886083575552698,4.2160893557948833E-14,0.47707822353896723),(-0.80427186765871961,4.603888817076964E-14,0.5942615273537023),(-0.98001907018554157,3.7900192992680694E-14,0.19890354967336948),(-0.88048773157638505,4.52246144601107E-14,0.47406893437924347),(-0.88048773143601844,4.5224614467089993E-14,0.47406893463994643),(-0.98001907018554679,3.7900192992679968E-14,0.198903549673344),(-0.88048773143602743,4.5224614467089544E-14,0.47406893463992983),(-0.98001907023385171,3.790019298580947E-14,0.19890354943534047),(-0.99940557235042971,3.0115816676986505E-14,-0.034474656704745629),(-1.,3.1699416958346716E-14,2.1316282072802409E-14),(-1.,3.1699416958346716E-14,2.1316282072802409E-14),(-0.99940557235042904,3.0115816676985741E-14,-0.034474656704762054),(-0.99940557235042882,3.0115816676985192E-14,-0.034474656704773898),(-0.8804877314360412,1.7089882352632032E-14,-0.47406893463990429),(-0.71919245283630273,1.1786950864964322E-14,-0.69481092088661234),(-0.71919245240999441,1.1786950854778712E-14,-0.69481092132788025),(-0.8804877314360392,1.7089882352631937E-14,-0.47406893463990818),(-0.88048773143604286,1.7089882352632098E-14,-0.4740689346399013),(-0.71919245240998753,1.1786950854778546E-14,-0.69481092132788747),(-0.71919245240999441,1.1786950854778712E-14,-0.69481092132788025),(-0.63628556861663321,9.9336849821898582E-15,-0.77145361180709238),(-0.63628556861663399,9.9336849821898803E-15,-0.77145361180709171),(-0.71919245240998753,1.1786950854778546E-14,-0.69481092132788747),(-0.71919245283630273,1.1786950864964322E-14,-0.69481092088661234),(-0.63628556861663588,9.933684982189926E-15,-0.77145361180709016),(-0.98001907018743117,2.3953571235296908E-14,-0.1989035496640589),(-0.88048773143604286,1.7089882352632098E-14,-0.4740689346399013),(-0.8804877314360412,1.7089882352632032E-14,-0.47406893463990429),(-0.98001907018743228,2.3953571235297041E-14,-0.19890354966405338),(-0.98001907023573909,2.3953571240933023E-14,-0.19890354942604002),(-0.8804877314360392,1.7089882352631937E-14,-0.47406893463990818),(-0.99940557235042882,3.0115816676985192E-14,-0.034474656704773898),(-0.98001907023573909,2.3953571240933023E-14,-0.19890354942604002),(-0.98001907018743117,2.3953571235296908E-14,-0.1989035496640589),(-0.99940557235042971,3.0115816676986505E-14,-0.034474656704745629),(-0.99940557235042904,3.0115816676985741E-14,-0.034474656704762054),(-0.98001907018743228,2.3953571235297041E-14,-0.19890354966405338),(-0.63628556861663399,9.9336849821898803E-15,-0.77145361180709171),(-0.71462488815080893,1.2541376824477566E-14,-0.69950787646419232),(-0.71462488815081016,1.2541376824477612E-14,-0.6995078764641911),(-0.63628556861663588,9.933684982189926E-15,-0.77145361180709016),(-0.63628556861663321,9.9336849821898582E-15,-0.77145361180709238),(-0.71462488815081338,1.254137682447773E-14,-0.69950787646418777),(-0.80427186785032156,1.518641975949269E-14,-0.59426152709438862),(-0.87886083560278638,1.6845094549997144E-14,-0.47707822382034182),(-0.87886083575554219,1.6845094553444975E-14,-0.47707822353893881),(-0.80427186785032456,1.5186419759492757E-14,-0.59426152709438462),(-0.80427186785032034,1.5186419759492665E-14,-0.59426152709439028),(-0.87886083575554408,1.6845094553445016E-14,-0.47707822353893548),(-0.93696856766452641,2.0123553240812222E-14,-0.34941365629964433),(-0.97738062706982587,2.426259021748413E-14,-0.21148784794544107),(-0.97738062706982687,2.4262590217484262E-14,-0.21148784794543576),(-0.93696856766452696,2.0123553240812282E-14,-0.34941365629964233),(-0.93696856760945479,2.0123553235710602E-14,-0.34941365644732114),(-0.97738062706982698,2.4262590217484259E-14,-0.21148784794543624),(-0.71462488815081016,1.2541376824477612E-14,-0.6995078764641911),(-0.80427186785032034,1.5186419759492665E-14,-0.59426152709439028),(-0.80427186785032156,1.518641975949269E-14,-0.59426152709438862),(-0.71462488815081338,1.254137682447773E-14,-0.69950787646418777),(-0.71462488815080893,1.2541376824477566E-14,-0.69950787646419232),(-0.80427186785032456,1.5186419759492757E-14,-0.59426152709438462),(-1.,2.904693924290147E-14,1.3855583347321346E-14),(-0.9993126315507409,2.8310077928316121E-14,-0.037071072592157889),(-0.99931263154569083,2.8310077925536816E-14,-0.037071072728292062),(-1.,2.904693924290147E-14,1.3855583347321346E-14),(-0.99931263154569161,2.8310077925537258E-14,-0.037071072728270732),(-1.,2.904693924290147E-14,1.3855583347321346E-14),(-0.97738062706982687,2.4262590217484262E-14,-0.21148784794543576),(-0.9993126315507409,2.8310077928316121E-14,-0.037071072592157889),(-0.99931263154569161,2.8310077925537258E-14,-0.037071072728270732),(-0.97738062706982698,2.4262590217484259E-14,-0.21148784794543624),(-0.97738062706982587,2.426259021748413E-14,-0.21148784794544107),(-0.99931263154569083,2.8310077925536816E-14,-0.037071072728292062),(-0.87886083575554219,1.6845094553444975E-14,-0.47707822353893881),(-0.93696856760945479,2.0123553235710602E-14,-0.34941365644732114),(-0.93696856766452641,2.0123553240812222E-14,-0.34941365629964433),(-0.87886083575554408,1.6845094553445016E-14,-0.47707822353893548),(-0.87886083560278638,1.6845094549997144E-14,-0.47707822382034182),(-0.93696856766452696,2.0123553240812282E-14,-0.34941365629964233),(-2.6702646980994516E-14,-1.,2.5668213576362722E-14),(-2.6702646980994516E-14,-1.,2.5668213576362722E-14),(-2.6702646980994516E-14,-1.,2.5668213576362722E-14),(-2.6702646980994516E-14,-1.,2.5668213576362722E-14),(-2.6702646980994516E-14,-1.,2.5668213576362722E-14),(-2.6702646980994516E-14,-1.,2.5668213576362722E-14),(-2.6702646980994516E-14,-1.,2.5668213576362722E-14),(-2.6702646980994516E-14,-1.,2.5668213576362722E-14),(-2.6702646980994516E-14,-1.,2.5668213576362722E-14),(-2.6702646980994516E-14,-1.,2.5668213576362722E-14),(-2.6702646980994516E-14,-1.,2.5668213576362722E-14),(-2.6702646980994516E-14,-1.,2.5668213576362722E-14),(-2.6702646980994516E-14,-1.,2.5668213576362722E-14),(-2.6702646980994516E-14,-1.,2.5668213576362722E-14),(-2.6702646980994516E-14,-1.,2.5668213576362722E-14),(-2.6702646980994516E-14,-1.,2.5668213576362722E-14),(-2.6702646980994516E-14,-1.,2.5668213576362722E-14),(-2.6702646980994516E-14,-1.,2.5668213576362722E-14),(-2.6702646980994516E-14,-1.,2.5668213576362722E-14),(-2.6702646980994516E-14,-1.,2.5668213576362722E-14),(-2.6702646980994516E-14,-1.,2.5668213576362722E-14),(-2.6702646980994516E-14,-1.,2.5668213576362722E-14),(-2.6702646980994516E-14,-1.,2.5668213576362722E-14),(-2.6702646980994516E-14,-1.,2.5668213576362722E-14),(-2.6702646980994516E-14,-1.,2.5668213576362722E-14),(-2.6702646980994516E-14,-1.,2.5668213576362722E-14),(-2.6702646980994516E-14,-1.,2.5668213576362722E-14),(-2.6702646980994516E-14,-1.,2.5668213576362722E-14),(-2.6702646980994516E-14,-1.,2.5668213576362722E-14),(-2.6702646980994516E-14,-1.,2.5668213576362722E-14),(-2.6702646980994516E-14,-1.,2.5668213576362722E-14),(-2.6702646980994516E-14,-1.,2.5668213576362722E-14),(-2.6702646980994516E-14,-1.,2.5668213576362722E-14),(-2.6702646980994516E-14,-1.,2.5668213576362722E-14),(-2.6702646980994516E-14,-1.,2.5668213576362722E-14),(-2.6702646980994516E-14,-1.,2.5668213576362722E-14),(-2.6702646980994516E-14,-1.,2.5668213576362722E-14),(-2.6702646980994516E-14,-1.,2.5668213576362722E-14),(-2.6702646980994516E-14,-1.,2.5668213576362722E-14),(-2.6702646980994516E-14,-1.,2.5668213576362722E-14),(-2.6702646980994516E-14,-1.,2.5668213576362722E-14),(-2.6702646980994516E-14,-1.,2.5668213576362722E-14),(-2.6702646980994516E-14,-1.,2.5668213576362722E-14),(-2.6702646980994516E-14,-1.,2.5668213576362722E-14),(-2.6702646980994516E-14,-1.,2.5668213576362722E-14),(-2.6702646980994516E-14,-1.,2.5668213576362722E-14),(-2.6702646980994516E-14,-1.,2.5668213576362722E-14),(-2.6702646980994516E-14,-1.,2.5668213576362722E-14),(-2.6702646980994516E-14,-1.,2.5668213576362722E-14),(-2.6702646980994516E-14,-1.,2.5668213576362722E-14),(-2.6702646980994516E-14,-1.,2.5668213576362722E-14),(-2.6702646980994516E-14,-1.,2.5668213576362722E-14),(0.44721359549995454,0.89442719099991763,-3.119128924589238E-14),(0.44721359549995454,0.89442719099991763,-3.119128924589238E-14),(0.4454365440578148,0.89480972328537234,-0.030030723131252678),(0.44543654405802136,0.89480972328532216,0.030030723129682559),(0.44721359549995454,0.89442719099991763,-3.119128924589238E-14),(0.44721359549995454,0.89442719099991763,-3.119128924589238E-14),(0.44658833840634121,0.89466728614896718,0.011371151846018489),(0.44658833840628909,0.89466728614898994,-0.011371151846281751),(-3.6662795304344535E-15,1.,-2.5755372282450046E-14),(-3.6662795304344535E-15,1.,-2.5755372282450046E-14),(-3.6662795304344535E-15,1.,-2.5755372282450046E-14),(-3.6662795304344535E-15,1.,-2.5755372282450046E-14),(-3.6662795304344535E-15,1.,-2.5755372282450046E-14),(-3.6662795304344535E-15,1.,-2.5755372282450046E-14),(-3.6662795304344535E-15,1.,-2.5755372282450046E-14),(-3.6662795304344535E-15,1.,-2.5755372282450046E-14),(-3.6662795304344535E-15,1.,-2.5755372282450046E-14),(-3.6662795304344535E-15,1.,-2.5755372282450046E-14),(-3.6662795304344535E-15,1.,-2.5755372282450046E-14),(-3.6662795304344535E-15,1.,-2.5755372282450046E-14),(-3.6662795304344535E-15,1.,-2.5755372282450046E-14),(-3.6662795304344535E-15,1.,-2.5755372282450046E-14),(-3.6662795304344535E-15,1.,-2.5755372282450046E-14),(-3.6662795304344535E-15,1.,-2.5755372282450046E-14),(-3.6662795304344535E-15,1.,-2.5755372282450046E-14),(-3.6662795304344535E-15,1.,-2.5755372282450046E-14),(-3.6662795304344535E-15,1.,-2.5755372282450046E-14),(-3.6662795304344535E-15,1.,-2.5755372282450046E-14),(-3.6662795304344535E-15,1.,-2.5755372282450046E-14),(-3.6662795304344535E-15,1.,-2.5755372282450046E-14),(-3.6662795304344535E-15,1.,-2.5755372282450046E-14),(-3.6662795304344535E-15,1.,-2.5755372282450046E-14),(-3.6662795304344535E-15,1.,-2.5755372282450046E-14),(-3.6662795304344535E-15,1.,-2.5755372282450046E-14),(-3.6591752534187817E-15,1.,-2.5593302795291387E-14),(-3.6591752534187817E-15,1.,-2.5593302795291387E-14),(-3.6591752534187817E-15,1.,-2.5593302795291387E-14),(-3.6591752534187817E-15,1.,-2.5593302795291387E-14),(-3.6591752534187817E-15,1.,-2.5593302795291387E-14),(-3.6591752534187817E-15,1.,-2.5593302795291387E-14),(-3.6591752534187817E-15,1.,-2.5593302795291387E-14),(-3.6591752534187817E-15,1.,-2.5593302795291387E-14),(-3.6591752534187817E-15,1.,-2.5593302795291387E-14),(-3.6591752534187817E-15,1.,-2.5593302795291387E-14),(-3.6591752534187817E-15,1.,-2.5593302795291387E-14),(-3.6591752534187817E-15,1.,-2.5593302795291387E-14),(-3.6591752534187817E-15,1.,-2.5593302795291387E-14),(-3.6591752534187817E-15,1.,-2.5593302795291387E-14),(-3.6591752534187817E-15,1.,-2.5593302795291387E-14),(-3.6591752534187817E-15,1.,-2.5593302795291387E-14),(-3.6591752534187817E-15,1.,-2.5593302795291387E-14),(-3.6591752534187817E-15,1.,-2.5593302795291387E-14),(-3.6591752534187817E-15,1.,-2.5593302795291387E-14),(-3.6591752534187817E-15,1.,-2.5593302795291387E-14),(-3.6591752534187817E-15,1.,-2.5593302795291387E-14),(-3.6591752534187817E-15,1.,-2.5593302795291387E-14),(-3.6591752534187817E-15,1.,-2.5593302795291387E-14),(-3.6591752534187817E-15,1.,-2.5593302795291387E-14),(-3.6591752534187817E-15,1.,-2.5593302795291387E-14),(-3.6591752534187817E-15,1.,-2.5593302795291387E-14),(-1.,3.3588786181029192E-14,1.4743761767021364E-14),(-0.99940557235039951,3.4241699870591879E-14,0.034474656705621248),(-0.9994055723503994,3.424169987059198E-14,0.034474656705626584),(-1.,3.3588786181029192E-14,1.4743761767021364E-14),(-0.99940557235039995,3.424169987059167E-14,0.034474656705610382),(-2.3536728122053243E-14,-2.1432896619717571E-14,-1.),(-2.3536728122053243E-14,-2.1432896619717571E-14,-1.),(-2.3536728122053243E-14,-2.1432896619717571E-14,-1.),(-2.3536728122053243E-14,-2.1432896619717571E-14,-1.),(-2.3536728122053243E-14,-2.1432896619717571E-14,-1.),(4.6240788975637694E-14,2.4039386601892191E-14,1.),(4.6240788975637694E-14,2.4039386601892191E-14,1.),(4.6240788975637694E-14,2.4039386601892191E-14,1.),(4.6240788975637694E-14,2.4039386601892191E-14,1.),(4.6240788975637694E-14,2.4039386601892191E-14,1.),(-1.,9.8044688772056227E-15,9.6544994221404322E-14),(-1.,9.8044688772056227E-15,9.6544994221404322E-14),(-1.,9.8044688772056227E-15,9.6544994221404322E-14),(-1.,9.8044688772056227E-15,9.6544994221404322E-14)),$,((1,2,3),(2,4,5),(4,2,1),(6,7,8),(7,6,9),(10,11,12),(11,10,13),(14,15,16),(15,14,17),(18,19,20),(19,18,21),(22,23,24),(23,22,25),(26,27,28),(27,26,29),(30,31,32),(31,30,33),(34,35,36),(35,34,37),(38,39,40),(39,38,41),(42,43,44),(43,42,45),(46,47,48),(47,46,49),(50,51,52),(51,50,53),(54,55,56),(55,54,57),(58,59,60),(59,58,61),(62,63,64),(63,62,65),(66,67,68),(67,66,69),(70,71,72),(71,70,73),(74,75,76),(75,74,77),(78,79,80),(79,78,81),(82,83,84),(83,82,85),(86,87,88),(87,86,89),(90,91,92),(91,90,93),(94,95,96),(95,94,97),(97,98,95),(99,100,101),(100,102,103),(102,100,99),(102,99,104),(105,106,107),(106,105,108),(108,105,109),(109,105,110),(111,112,113),(112,111,114),(112,114,115),(115,114,116),(117,118,119),(118,120,121),(120,118,117),(120,117,122),(123,124,125),(124,126,127),(126,124,123),(126,123,128),(129,130,131),(130,129,132),(132,129,133),(133,129,134),(135,136,137),(136,135,138),(138,135,139),(139,135,140),(141,142,143),(142,144,145),(144,142,141),(144,141,146),(147,148,149),(148,150,151),(150,148,147),(150,147,152),(153,154,155),(154,156,157),(156,154,153),(156,153,158),(159,160,161),(160,162,163),(162,160,159),(162,159,164),(165,166,167),(166,165,168),(166,168,169),(170,171,172),(171,170,173),(173,170,174),(173,175,171),(176,177,178),(177,176,179),(179,176,180),(179,181,177),(182,183,184),(183,182,185),(185,182,186),(185,187,183),(188,189,190),(189,188,191),(191,188,192),(191,193,189),(194,195,196),(195,194,197),(197,194,198),(197,199,195),(200,201,202),(201,200,203),(203,200,204),(203,205,201),(206,207,208),(207,206,209),(209,206,210),(209,211,207),(212,213,214),(213,212,215),(215,212,216),(215,217,213),(218,219,220),(219,218,221),(219,221,222),(222,221,223),(224,225,226),(225,224,227),(227,224,228),(227,229,225),(230,231,232),(231,230,233),(233,230,234),(233,235,231),(236,237,238),(237,236,239),(239,236,240),(239,240,241),(241,240,242),(241,242,243),(241,243,244),(244,243,245),(244,245,246),(244,246,247),(247,246,248),(247,248,249),(247,249,250),(250,249,251),(251,249,252),(251,252,253),(253,252,254),(254,252,255),(254,255,256),(256,255,257),(256,257,258),(258,257,259),(259,257,260),(259,260,261),(261,260,262),(262,260,263),(263,260,264),(264,260,265),(265,260,266),(265,266,267),(267,266,268),(268,266,269),(268,269,270),(270,269,271),(270,271,272),(272,271,273),(273,271,274),(273,274,275),(275,274,276),(276,274,277),(276,277,278),(276,278,279),(279,278,280),(279,280,281),(279,281,282),(282,281,283),(282,283,284),(282,284,285),(285,284,286),(287,259,261),(288,289,290),(291,292,293),(290,294,295),(294,290,289),(294,289,292),(294,292,291),(296,297,298),(297,296,299),(297,299,300),(300,299,301),(300,301,302),(302,301,303),(302,303,304),(304,303,305),(304,305,306),(306,305,307),(306,307,308),(308,307,309),(308,309,310),(310,309,311),(310,311,312),(312,311,313),(312,313,314),(314,313,315),(314,315,316),(316,315,317),(316,317,318),(318,317,319),(318,319,320),(320,319,321),(322,323,324),(323,322,325),(323,325,326),(323,326,327),(327,326,328),(327,328,329),(329,328,330),(329,330,331),(331,330,332),(331,332,333),(333,332,334),(333,334,335),(335,334,336),(335,336,337),(337,336,338),(337,338,339),(339,338,340),(339,340,341),(341,340,342),(341,342,343),(343,342,344),(343,344,345),(345,344,346),(345,346,347),(348,349,350),(349,348,351),(349,351,352),(353,354,355),(354,353,356),(354,356,357),(358,359,360),(359,358,361),(361,358,362),(363,364,365),(364,363,366)),$);
#175=IFCCARTESIANPOINTLIST3D(((199.99999999996419,450.00000000015626,-20000.000000007727),(-3.3540459298820458E-11,120.00000000016369,-20000.000000007705),(-3.6428104976949503E-11,450.00000000015979,-20000.000000007716),(1099.9999999999784,1.5981314049895443E-10,-20000.000000007734),(-5.0866333367594732E-11,2.4734490011724117E-10,-20000.000000007705),(199.99999999996419,450.00000000015626,-20000.000000007727),(1100.0000000000452,2.7188988838133809E-10,-15590.163880328395),(1099.9999999999784,1.5981314049895443E-10,-20000.000000007734),(200.00000000003678,450.00000000027023,-15516.393432786797),(246.92452093638769,450.00000000027791,-15232.076818283696),(1100.0000000000452,2.7188988838133809E-10,-15590.163880328395),(200.00000000003678,450.00000000027023,-15516.393432786797),(1124.8672055961738,2.7595064011620706E-10,-15439.492982338088),(332.99531591401819,450.00000000028558,-14954.255080383278),(1124.8672055961738,2.7595064011620706E-10,-15439.492982338088),(246.92452093638769,450.00000000027791,-15232.076818283696),(1174.430210055571,2.8037234756084213E-10,-15279.512119630179),(456.16534414715085,450.00000000029297,-14690.774067892533),(1174.430210055571,2.8037234756084213E-10,-15279.512119630179),(332.99531591401819,450.00000000028558,-14954.255080383278),(1245.3564360788125,2.8470381607803574E-10,-15127.789219888875),(614.13115349962811,450.00000000029985,-14446.561244982444),(1245.3564360788125,2.8470381607803574E-10,-15127.789219888875),(456.16534414715085,450.00000000029297,-14690.774067892533),(1336.3194638445443,2.8885480674034623E-10,-14987.16171396099),(803.9385619662105,450.00000000030673,-14226.18373367674),(1336.3194638445443,2.8885480674034623E-10,-14987.16171396099),(614.13115349962811,450.00000000029985,-14446.561244982444),(1445.6181572596631,2.9273508062033212E-10,-14860.259533280141),(1027.1833163634221,450.00000000031264,-14029.223299740233),(1445.6181572596631,2.9273508062033212E-10,-14860.259533280141),(803.9385619662105,450.00000000030673,-14226.18373367674),(1599.5082399989208,2.9688607128264266E-10,-14724.488112550956),(1679.0377786133577,450.0000000003281,-13529.037778621268),(1599.5082399989208,2.9688607128264266E-10,-14724.488112550956),(1027.1833163634221,450.00000000031264,-14029.223299740233),(2320.9253185679968,3.1394122856909231E-10,-14170.925318575881),(1854.122523977047,450.00000000033441,-13300.862896065897),(2320.9253185679968,3.1394122856909231E-10,-14170.925318575881),(1679.0377786133577,450.0000000003281,-13529.037778621268),(2640.2709965466188,3.2558205020905006E-10,-13754.745928327011),(1964.1853960937287,450.00000000034191,-13035.14761748813),(2640.2709965466188,3.2558205020905006E-10,-13754.745928327011),(1854.122523977047,450.00000000033441,-13300.862896065897),(2841.0200820444611,3.3911788932527996E-10,-13270.094763484225),(2000.0000000000746,450.00000000034902,-12763.108692570802),(2841.0200820444611,3.3911788932527996E-10,-13270.094763484225),(1964.1853960937287,450.00000000034191,-13035.14761748813),(2900.00000000008,3.5084894989267922E-10,-12822.097809104496),(2841.0200820464424,5.0669157758420624E-10,-6729.905236519905),(2000.0000000001789,450.0000000004909,-7236.8913074456013),(1964.1853960941653,450.00000000049738,-6964.8523825122884),(2900.0000000001842,4.957726673637808E-10,-7177.902190915891),(2640.2709965467316,5.1869335493393003E-10,-6245.2540716725789),(1964.1853960941653,450.00000000049738,-6964.8523825122884),(1854.1225239771456,450.00000000050409,-6699.1371039336927),(2841.0200820464424,5.0669157758420624E-10,-6729.905236519905),(2320.9253185681278,5.2807820338784946E-10,-5829.0746814236982),(1854.1225239771456,450.00000000050409,-6699.1371039336927),(1679.0377786134707,450.00000000050932,-6470.9622213783096),(2640.2709965467316,5.1869335493393003E-10,-6245.2540716725789),(1599.5082399990572,5.3944830824548256E-10,-5275.5118874485916),(1679.0377786134707,450.00000000050932,-6470.9622213783096),(1027.1833163635383,450.00000000051921,-5970.7767002593209),(2320.9253185681278,5.2807820338784946E-10,-5829.0746814236982),(1445.6181572598139,5.4224571499617016E-10,-5139.7404667194005),(1027.1833163635383,450.00000000051921,-5970.7767002593209),(803.93856196634124,450.00000000052364,-5773.8162663228086),(1599.5082399990572,5.3944830824548256E-10,-5275.5118874485916),(1336.3194638447012,5.4486264389197452E-10,-5012.8382860385509),(803.93856196634124,450.00000000052364,-5773.8162663228086),(614.13115349976181,450.00000000052836,-5553.4387550170995),(1445.6181572598139,5.4224571499617016E-10,-5139.7404667194005),(1245.3564360789694,5.4793076742498666E-10,-4872.210780110664),(614.13115349976181,450.00000000052836,-5553.4387550170995),(456.16534414729313,450.00000000053365,-5309.2259321070051),(1336.3194638447012,5.4486264389197452E-10,-5012.8382860385509),(1174.4302100557425,5.510891298854403E-10,-4720.4878803693655),(456.16534414729313,450.00000000053365,-5309.2259321070051),(332.99531591417212,450.00000000053973,-5045.7449196162597),(1245.3564360789694,5.4793076742498666E-10,-4872.210780110664),(1124.8672055963455,5.5524012054775079E-10,-4560.5070176614508),(332.99531591417212,450.00000000053973,-5045.7449196162597),(246.92452093654745,450.00000000054621,-4767.9231817158316),(1174.4302100557425,5.510891298854403E-10,-4720.4878803693655),(1100.0000000002167,5.5857896086308756E-10,-4409.8361196711412),(246.92452093654745,450.00000000054621,-4767.9231817158316),(200.00000000020236,450.00000000055314,-4483.6065672127406),(1124.8672055963455,5.5524012054775079E-10,-4560.5070176614508),(200.00000000026341,450.00000000066939,-7.8821898341629398E-09),(1100.0000000002167,5.5857896086308756E-10,-4409.8361196711412),(200.00000000020236,450.00000000055314,-4483.6065672127406),(1100.0000000002806,6.7318239871383412E-10,-7.8841750905666512E-09),(1100.0000000002806,6.7318239871383412E-10,-7.8841750905666512E-09),(2.714386937441296E-10,120.00000000067689,-7.8728170175660108E-09),(2.4256223696283912E-10,7.6071415833212086E-10,-7.8679320836271786E-09),(200.00000000026341,450.00000000066939,-7.8821898341629398E-09),(2.5988811103161342E-10,450.0000000006732,-7.8812874448885245E-09),(51.826146567522194,3.698893635828426E-10,-15185.984337382706),(3.9050362943271449E-11,120.00000000027812,-15499.999999999767),(2.1724488874497179E-11,3.6176786011310466E-10,-15499.999999999758),(51.826146567539524,450.0000000002828,-15185.984337382726),(3.327507158701336E-11,450.00000000027421,-15499.999999999769),(51.826146567539524,120.00000000028646,-15185.984337382721),(146.00978388254816,3.7864253954467129E-10,-14881.975738328396),(51.826146567539524,120.00000000028646,-15185.984337382721),(51.826146567522194,3.698893635828426E-10,-15185.984337382706),(51.826146567539524,450.0000000002828,-15185.984337382726),(146.0097838825626,450.0000000002911,-14881.97573832841),(146.0097838825626,120.0000000002949,-14881.975738328407),(2.1724488874497179E-11,3.6176786011310466E-10,-15499.999999999758),(-3.3540459298820458E-11,120.00000000016369,-20000.000000007705),(-5.0866333367594732E-11,2.4734490011724117E-10,-20000.000000007705),(3.9050362943271449E-11,120.00000000027812,-15499.999999999767),(-3.6428104976949503E-11,450.00000000015979,-20000.000000007716),(3.327507158701336E-11,450.00000000027421,-15499.999999999769),(1679.4228634060159,4.2818371071007277E-10,-13200.000000007847),(1536.3961030678879,120.0000000003394,-13386.396103075793),(1536.3961030678763,4.2313033077334691E-10,-13386.396103075769),(1679.4228634060305,450.00000000034089,-13200.000000007863),(1536.396103067885,450.0000000003356,-13386.396103075789),(1679.4228634060332,120.00000000034485,-13200.000000007862),(1800.0000000000566,4.4054644376956272E-10,-12750.000000007743),(1769.3332436602373,120.00000000035068,-12982.937140600096),(1769.333243660217,4.344101967035385E-10,-12982.937140600086),(1800.0000000000712,450.000000000353,-12750.000000007758),(1769.3332436602316,450.00000000034686,-12982.937140600099),(1800.0000000000739,120.00000000035676,-12750.000000007753),(1536.3961030678763,4.2313033077334691E-10,-13386.396103075769),(899.99999999997556,120.00000000032436,-13874.72000800452),(899.99999999996407,4.0778971310828635E-10,-13874.720008004495),(899.99999999997556,450.00000000032071,-13874.72000800452),(1536.396103067885,450.0000000003356,-13386.396103075789),(1536.3961030678879,120.0000000003394,-13386.396103075793),(280.78954594009718,3.8676404301440923E-10,-14593.659589671102),(146.0097838825626,120.0000000002949,-14881.975738328407),(146.00978388254816,3.7864253954467129E-10,-14881.975738328396),(146.0097838825626,450.0000000002911,-14881.97573832841),(280.78954594011452,450.00000000029922,-14593.659589671121),(280.78954594011742,120.00000000030303,-14593.659589671121),(899.99999999996407,4.0778971310828635E-10,-13874.720008004495),(661.34309634544945,120.00000000031791,-14085.278000431535),(661.34309634542922,4.0165346604226213E-10,-14085.278000431514),(899.99999999997556,450.00000000032071,-13874.72000800452),(661.34309634544366,450.00000000031383,-14085.278000431543),(899.99999999997556,120.00000000032436,-13874.72000800452),(661.34309634542922,4.0165346604226213E-10,-14085.278000431514),(453.64486231187283,120.00000000031075,-14326.42780743165),(453.64486231185549,3.9416363506461493E-10,-14326.42780743163),(661.34309634544366,450.00000000031383,-14085.278000431543),(453.64486231186419,450.00000000030661,-14326.427807431653),(661.34309634544945,120.00000000031791,-14085.278000431535),(453.64486231185549,3.9416363506461493E-10,-14326.42780743163),(280.78954594011742,120.00000000030303,-14593.659589671121),(280.78954594009718,3.8676404301440923E-10,-14593.659589671102),(453.64486231186419,450.00000000030661,-14326.427807431653),(280.78954594011452,450.00000000029922,-14593.659589671121),(453.64486231187283,120.00000000031075,-14326.42780743165),(1769.333243660217,4.344101967035385E-10,-12982.937140600086),(1679.4228634060332,120.00000000034485,-13200.000000007862),(1679.4228634060159,4.2818371071007277E-10,-13200.000000007847),(1769.3332436602316,450.00000000034686,-12982.937140600099),(1679.4228634060305,450.00000000034089,-13200.000000007863),(1769.3332436602373,120.00000000035068,-12982.937140600096),(1800.0000000001551,5.8168012628811992E-10,-7250.0000000077489),(1800.0000000001235,450.00000000042701,-9770.0000000077525),(1800.0000000001089,4.539018050309096E-10,-9770.0000000077416),(1800.0000000001783,120.00000000049795,-7250.0000000077443),(1800.0000000001726,450.00000000049386,-7250.0000000077562),(1679.4228634061319,450.00000000050522,-6799.9999999917127),(1536.3961030679925,120.00000000051324,-6613.6038969237579),(1536.3961030679925,450.00000000050949,-6613.603896923777),(1679.4228634061144,5.9277951436342838E-10,-6799.999999991709),(1679.4228634061319,120.00000000050913,-6799.9999999916981),(1536.3961030679723,5.9702074395318048E-10,-6613.6038969237807),(1536.3961030679925,450.00000000050949,-6613.603896923777),(900.0000000001005,120.00000000052322,-6125.2799919950203),(900.00000000009186,450.00000000051949,-6125.2799919950348),(1536.3961030679723,5.9702074395318048E-10,-6613.6038969237807),(1536.3961030679925,120.00000000051324,-6613.6038969237579),(900.00000000008026,6.0703726489919059E-10,-6125.2799919950385),(1769.3332436603214,450.00000000049999,-7017.0628593994816),(1679.4228634061319,120.00000000050913,-6799.9999999916981),(1679.4228634061319,450.00000000050522,-6799.9999999917127),(1769.3332436603041,5.8754565657181954E-10,-7017.0628593994743),(1769.3332436603243,120.0000000005038,-7017.0628593994688),(1679.4228634061144,5.9277951436342838E-10,-6799.999999991709),(1800.0000000001726,450.00000000049386,-7250.0000000077562),(1769.3332436603243,120.0000000005038,-7017.0628593994688),(1769.3332436603214,450.00000000049999,-7017.0628593994816),(1800.0000000001551,5.8168012628811992E-10,-7250.0000000077489),(1800.0000000001783,120.00000000049795,-7250.0000000077443),(1769.3332436603041,5.8754565657181954E-10,-7017.0628593994743),(900.00000000009186,450.00000000051949,-6125.2799919950348),(661.34309634557144,120.00000000052763,-5914.7219995679943),(661.34309634556564,450.00000000052353,-5914.7219995680098),(900.00000000008026,6.0703726489919059E-10,-6125.2799919950385),(900.0000000001005,120.00000000052322,-6125.2799919950203),(661.3430963455512,6.113687334163842E-10,-5914.7219995680098),(453.64486231200061,450.00000000052904,-5673.5721925678909),(280.7895459402597,120.00000000053878,-5406.3404103283983),(280.78954594025396,450.00000000053501,-5406.340410328412),(453.64486231198327,6.1660259120799304E-10,-5673.5721925678909),(453.64486231200635,120.00000000053278,-5673.572192567869),(280.78954594023662,6.2255836041913418E-10,-5406.3404103284111),(146.00978388271076,450.00000000054172,-5118.0242616711257),(51.82614656770793,120.00000000055263,-4814.0156626167891),(51.826146567699269,450.00000000054894,-4814.0156626168009),(146.00978388269343,6.2896532426748308E-10,-5118.0242616711212),(146.00978388271653,120.00000000054564,-5118.0242616711148),(51.826146567679054,6.3645515524513024E-10,-4814.0156626167927),(661.34309634556564,450.00000000052353,-5914.7219995680098),(453.64486231200635,120.00000000053278,-5673.572192567869),(453.64486231200061,450.00000000052904,-5673.5721925678909),(661.3430963455512,6.113687334163842E-10,-5914.7219995680098),(661.34309634557144,120.00000000052763,-5914.7219995679943),(453.64486231198327,6.1660259120799304E-10,-5673.5721925678909),(2.4256223696283912E-10,7.6071415833212086E-10,-7.8679320836271786E-09),(2.0751080853642626E-10,120.00000000056031,-4499.9999999997444),(1.844096431113939E-10,6.4412546407766052E-10,-4499.9999999997472),(2.714386937441296E-10,120.00000000067689,-7.8728170175660108E-09),(1.9596022582391008E-10,450.00000000055655,-4499.9999999997581),(2.5988811103161342E-10,450.0000000006732,-7.8812874448885245E-09),(51.826146567699269,450.00000000054894,-4814.0156626168009),(2.0751080853642626E-10,120.00000000056031,-4499.9999999997444),(1.9596022582391008E-10,450.00000000055655,-4499.9999999997581),(51.826146567679054,6.3645515524513024E-10,-4814.0156626167927),(51.82614656770793,120.00000000055263,-4814.0156626167891),(1.844096431113939E-10,6.4412546407766052E-10,-4499.9999999997472),(280.78954594025396,450.00000000053501,-5406.340410328412),(146.00978388271653,120.00000000054564,-5118.0242616711148),(146.00978388271076,450.00000000054172,-5118.0242616711257),(280.78954594023662,6.2255836041913418E-10,-5406.3404103284111),(280.7895459402597,120.00000000053878,-5406.3404103283983),(146.00978388269343,6.2896532426748308E-10,-5118.0242616711212),(1100.0000000000452,2.7188988838133809E-10,-15590.163880328395),(-5.0866333367594732E-11,2.4734490011724117E-10,-20000.000000007705),(1099.9999999999784,1.5981314049895443E-10,-20000.000000007734),(2.1724488874497179E-11,3.6176786011310466E-10,-15499.999999999758),(1124.8672055961738,2.7595064011620706E-10,-15439.492982338088),(51.826146567522194,3.698893635828426E-10,-15185.984337382706),(1174.430210055571,2.8037234756084213E-10,-15279.512119630179),(1245.3564360788125,2.8470381607803574E-10,-15127.789219888875),(146.00978388254816,3.7864253954467129E-10,-14881.975738328396),(1336.3194638445443,2.8885480674034623E-10,-14987.16171396099),(1445.6181572596631,2.9273508062033212E-10,-14860.259533280141),(280.78954594009718,3.8676404301440923E-10,-14593.659589671102),(1599.5082399989208,2.9688607128264266E-10,-14724.488112550956),(2320.9253185679968,3.1394122856909231E-10,-14170.925318575881),(453.64486231185549,3.9416363506461493E-10,-14326.42780743163),(661.34309634542922,4.0165346604226213E-10,-14085.278000431514),(2640.2709965466188,3.2558205020905006E-10,-13754.745928327011),(899.99999999996407,4.0778971310828635E-10,-13874.720008004495),(1536.3961030678763,4.2313033077334691E-10,-13386.396103075769),(2841.0200820444611,3.3911788932527996E-10,-13270.094763484225),(1679.4228634060159,4.2818371071007277E-10,-13200.000000007847),(2900.00000000008,3.5084894989267922E-10,-12822.097809104496),(1769.333243660217,4.344101967035385E-10,-12982.937140600086),(1800.0000000000566,4.4054644376956272E-10,-12750.000000007743),(2900.0000000001842,4.957726673637808E-10,-7177.902190915891),(2159.9999999999168,4.3260541815470785E-10,-10230.000000007749),(2159.9999999999573,4.443364787221071E-10,-9770.0000000077525),(1800.0000000001089,4.539018050309096E-10,-9770.0000000077416),(1800.0000000001551,5.8168012628811992E-10,-7250.0000000077489),(1769.3332436603041,5.8754565657181954E-10,-7017.0628593994743),(2841.0200820464424,5.0669157758420624E-10,-6729.905236519905),(1679.4228634061144,5.9277951436342838E-10,-6799.999999991709),(1536.3961030679723,5.9702074395318048E-10,-6613.6038969237807),(2640.2709965467316,5.1869335493393003E-10,-6245.2540716725789),(900.00000000008026,6.0703726489919059E-10,-6125.2799919950385),(2320.9253185681278,5.2807820338784946E-10,-5829.0746814236982),(661.3430963455512,6.113687334163842E-10,-5914.7219995680098),(453.64486231198327,6.1660259120799304E-10,-5673.5721925678909),(1599.5082399990572,5.3944830824548256E-10,-5275.5118874485916),(280.78954594023662,6.2255836041913418E-10,-5406.3404103284111),(146.00978388269343,6.2896532426748308E-10,-5118.0242616711212),(1445.6181572598139,5.4224571499617016E-10,-5139.7404667194005),(1336.3194638447012,5.4486264389197452E-10,-5012.8382860385509),(51.826146567679054,6.3645515524513024E-10,-4814.0156626167927),(1245.3564360789694,5.4793076742498666E-10,-4872.210780110664),(1174.4302100557425,5.510891298854403E-10,-4720.4878803693655),(1.844096431113939E-10,6.4412546407766052E-10,-4499.9999999997472),(1124.8672055963455,5.5524012054775079E-10,-4560.5070176614508),(1100.0000000002167,5.5857896086308756E-10,-4409.8361196711412),(2.4256223696283912E-10,7.6071415833212086E-10,-7.8679320836271786E-09),(1100.0000000002806,6.7318239871383412E-10,-7.8841750905666512E-09),(1800.0000000000971,4.4217074446351035E-10,-10230.000000007734),(2000.0000000001237,450.00000000041524,-10230.000000007754),(2159.9999999999168,370.00000000051932,-10230.00000000776),(2000.0000000000746,450.00000000034902,-12763.108692570802),(2000.0000000001789,450.0000000004909,-7236.8913074456013),(2159.9999999999632,370.00000000051233,-9770.0000000077562),(2000.0000000001328,450.00000000042638,-9770.0000000077562),(2900.0000000001842,4.957726673637808E-10,-7177.902190915891),(2900.00000000008,3.5084894989267922E-10,-12822.097809104496),(-3.6428104976949503E-11,450.00000000015979,-20000.000000007716),(200.00000000003678,450.00000000027023,-15516.393432786797),(199.99999999996419,450.00000000015626,-20000.000000007727),(3.327507158701336E-11,450.00000000027421,-15499.999999999769),(246.92452093638769,450.00000000027791,-15232.076818283696),(51.826146567539524,450.0000000002828,-15185.984337382726),(332.99531591401819,450.00000000028558,-14954.255080383278),(146.0097838825626,450.0000000002911,-14881.97573832841),(456.16534414715085,450.00000000029297,-14690.774067892533),(280.78954594011452,450.00000000029922,-14593.659589671121),(614.13115349962811,450.00000000029985,-14446.561244982444),(453.64486231186419,450.00000000030661,-14326.427807431653),(803.9385619662105,450.00000000030673,-14226.18373367674),(661.34309634544366,450.00000000031383,-14085.278000431543),(1027.1833163634221,450.00000000031264,-14029.223299740233),(899.99999999997556,450.00000000032071,-13874.72000800452),(1679.0377786133577,450.0000000003281,-13529.037778621268),(1536.396103067885,450.0000000003356,-13386.396103075789),(1854.122523977047,450.00000000033441,-13300.862896065897),(1679.4228634060305,450.00000000034089,-13200.000000007863),(1964.1853960937287,450.00000000034191,-13035.14761748813),(1769.3332436602316,450.00000000034686,-12982.937140600099),(2000.0000000000746,450.00000000034902,-12763.108692570802),(1800.0000000000712,450.000000000353,-12750.000000007758),(2000.0000000001237,450.00000000041524,-10230.000000007754),(1800.0000000001144,450.00000000041518,-10230.000000007745),(1800.0000000001235,450.00000000042701,-9770.0000000077525),(2000.0000000001789,450.0000000004909,-7236.8913074456013),(2000.0000000001328,450.00000000042638,-9770.0000000077562),(1800.0000000001726,450.00000000049386,-7250.0000000077562),(1769.3332436603214,450.00000000049999,-7017.0628593994816),(1964.1853960941653,450.00000000049738,-6964.8523825122884),(1679.4228634061319,450.00000000050522,-6799.9999999917127),(1854.1225239771456,450.00000000050409,-6699.1371039336927),(1536.3961030679925,450.00000000050949,-6613.603896923777),(1679.0377786134707,450.00000000050932,-6470.9622213783096),(900.00000000009186,450.00000000051949,-6125.2799919950348),(1027.1833163635383,450.00000000051921,-5970.7767002593209),(661.34309634556564,450.00000000052353,-5914.7219995680098),(803.93856196634124,450.00000000052364,-5773.8162663228086),(453.64486231200061,450.00000000052904,-5673.5721925678909),(614.13115349976181,450.00000000052836,-5553.4387550170995),(280.78954594025396,450.00000000053501,-5406.340410328412),(456.16534414729313,450.00000000053365,-5309.2259321070051),(146.00978388271076,450.00000000054172,-5118.0242616711257),(332.99531591417212,450.00000000053973,-5045.7449196162597),(51.826146567699269,450.00000000054894,-4814.0156626168009),(246.92452093654745,450.00000000054621,-4767.9231817158316),(1.9596022582391008E-10,450.00000000055655,-4499.9999999997581),(200.00000000020236,450.00000000055314,-4483.6065672127406),(2.5988811103161342E-10,450.0000000006732,-7.8812874448885245E-09),(200.00000000026341,450.00000000066939,-7.8821898341629398E-09),(1800.0000000000971,4.4217074446351035E-10,-10230.000000007734),(1800.0000000000739,120.00000000035676,-12750.000000007753),(1800.0000000000566,4.4054644376956272E-10,-12750.000000007743),(1800.0000000001144,450.00000000041518,-10230.000000007745),(1800.0000000000712,450.000000000353,-12750.000000007758),(1800.0000000001235,450.00000000042701,-9770.0000000077525),(2159.9999999999573,4.443364787221071E-10,-9770.0000000077525),(1800.0000000001089,4.539018050309096E-10,-9770.0000000077416),(2000.0000000001328,450.00000000042638,-9770.0000000077562),(2159.9999999999632,370.00000000051233,-9770.0000000077562),(2159.9999999999168,4.3260541815470785E-10,-10230.000000007749),(1800.0000000001144,450.00000000041518,-10230.000000007745),(1800.0000000000971,4.4217074446351035E-10,-10230.000000007734),(2000.0000000001237,450.00000000041524,-10230.000000007754),(2159.9999999999168,370.00000000051932,-10230.00000000776),(2159.9999999999573,4.443364787221071E-10,-9770.0000000077525),(2159.9999999999168,370.00000000051932,-10230.00000000776),(2159.9999999999168,4.3260541815470785E-10,-10230.000000007749),(2159.9999999999632,370.00000000051233,-9770.0000000077562)));
#176=IFCSTYLEDITEM(#174,(#165),$);
#177=IFCSHAPEREPRESENTATION(#12,'Body','Tessellation',(#174));
#178=IFCPRODUCTDEFINITIONSHAPE($,$,(#177));
#179=IFCBUILDINGSTOREY('3hvQKS_3f35hrc93TD89Cw',#1,'road - shoulder','The shoulder, providing additional space and support alongside the road.','shoulder',#180,#189,$,.ELEMENT.,-489.99999999997698);
#180=IFCLOCALPLACEMENT(#42,#181);
#181=IFCAXIS2PLACEMENT3D(#182,#183,#184);
#182=IFCCARTESIANPOINT((-1800.0000000003588,-9999.9999999997035,-489.99999999997698));
#183=IFCDIRECTION((-1.5654144647214707E-14,-1.,-2.5667961583369159E-14));
#184=IFCDIRECTION((-1.,1.5432100042289673E-14,3.9376986519941405E-15));
#185=IFCTRIANGULATEDFACESET(#186,((2.103317520152351E-13,-2.6570742937494101E-13,1.),(2.103317520152351E-13,-2.6570742937494101E-13,1.),(2.103317520152351E-13,-2.6570742937494101E-13,1.),(2.103317520152351E-13,-2.6570742937494101E-13,1.),(2.103317520152351E-13,-2.6570742937494101E-13,1.),(0.44721359549995648,-0.89442719099991652,-1.553022862933303E-15),(0.44721359549995648,-0.89442719099991652,-1.553022862933303E-15),(0.44721359549995648,-0.89442719099991652,-1.553022862933303E-15),(0.44721359549995648,-0.89442719099991652,-1.553022862933303E-15),(-3.978716346285749E-14,1.,1.1757881581945043E-15),(-3.978716346285749E-14,1.,1.1757881581945043E-15),(-3.978716346285749E-14,1.,1.1757881581945043E-15),(-3.978716346285749E-14,1.,1.1757881581945043E-15),(1.5914865385142994E-14,-1.,-1.2844007339178601E-15),(1.5914865385142994E-14,-1.,-1.2844007339178601E-15),(1.5914865385142994E-14,-1.,-1.2844007339178601E-15),(1.5914865385142994E-14,-1.,-1.2844007339178601E-15),(-1.,-1.6419163961735125E-14,9.7699626166952371E-16),(-1.,-1.6419163961735125E-14,9.7699626166952371E-16),(-1.,-1.6419163961735125E-14,9.7699626166952371E-16),(-1.,-1.6419163961735125E-14,9.7699626166952371E-16),(-1.,-1.6419163961735125E-14,9.7699626166952371E-16),(-1.,-1.6419163961735125E-14,9.7699626166952371E-16),(-2.9565239145767671E-13,7.0938240131345742E-13,-1.),(-2.9565239145767671E-13,7.0938240131345742E-13,-1.),(-2.9565239145767671E-13,7.0938240131345742E-13,-1.),(-2.9565239145767671E-13,7.0938240131345742E-13,-1.),(-2.9565239145767671E-13,7.0938240131345742E-13,-1.)),$,((3,2,1),(4,1,2),(5,1,4),(8,7,6),(9,6,7),(12,11,10),(13,10,11),(16,15,14),(17,14,15),(20,19,18),(21,18,19),(22,18,21),(23,22,21),(26,25,24),(28,27,25),(24,25,27)),$);
#186=IFCCARTESIANPOINTLIST3D(((1100.0000000000034,-8.6774699574256933E-28,-1.082867129298382E-10),(-1.893266173013118E-28,-120.00000000000298,2.3876017015330086E-10),(0.,0.,0.),(-7.0997481472211281E-28,-449.99999999999943,1.1478391570562829E-10),(200.00000000000063,-449.99999999999636,6.4972027757901823E-12),(200.00000000000063,-449.99999999999636,6.4972027757901823E-12),(1099.9999999999802,-1.5981314049895433E-10,-19999.999999999745),(199.99999999997465,-450.00000000015655,-19999.999999999753),(1100.0000000000034,-8.6774699574256933E-28,-1.082867129298382E-10),(1100.0000000000034,-8.6774699574256933E-28,-1.082867129298382E-10),(-4.6202330850060687E-11,-2.4734490011724112E-10,-19999.999999999178),(1099.9999999999802,-1.5981314049895433E-10,-19999.999999999745),(0.,0.,0.),(-2.5988811103157372E-11,-450.00000000016007,-19999.99999999964),(200.00000000000063,-449.99999999999636,6.4972027757901823E-12),(199.99999999997465,-450.00000000015655,-19999.999999999753),(-7.0997481472211281E-28,-449.99999999999943,1.1478391570562829E-10),(-1.893266173013118E-28,-120.00000000000298,2.3876017015330086E-10),(-4.6202330850060687E-11,-2.4734490011724112E-10,-19999.999999999178),(0.,0.,0.),(-2.3101165425028324E-11,-120.00000000016384,-19999.999999999523),(-7.0997481472211281E-28,-449.99999999999943,1.1478391570562829E-10),(-2.5988811103157372E-11,-450.00000000016007,-19999.99999999964),(199.99999999997465,-450.00000000015655,-19999.999999999753),(-2.3101165425028324E-11,-120.00000000016384,-19999.999999999523),(-2.5988811103157372E-11,-450.00000000016007,-19999.99999999964),(1099.9999999999802,-1.5981314049895433E-10,-19999.999999999745),(-4.6202330850060687E-11,-2.4734490011724112E-10,-19999.999999999178)));
#187=IFCSTYLEDITEM(#185,(#165),$);
#188=IFCSHAPEREPRESENTATION(#12,'Body','Tessellation',(#185));
#189=IFCPRODUCTDEFINITIONSHAPE($,$,(#188));
#190=IFCBUILDINGSTOREY('0_Qwe45Iz4axmHTXYPvOsp',#1,'road  - carriageway','The carriageway, providing a smooth driving surface for vehicles.','carriageway',#191,$,$,.ELEMENT.,0.);
#191=IFCLOCALPLACEMENT(#42,#192);
#192=IFCAXIS2PLACEMENT3D(#193,#194,#195);
#193=IFCCARTESIANPOINT((0.,0.,0.));
#194=IFCDIRECTION((0.,0.,1.));
#195=IFCDIRECTION((1.,0.,0.));
#196=IFCSLABTYPE('2RY49kCtvEu91WhX$tQv6E',#1,'road - asphalt binder course','A durable asphalt binder course, forming a key layer of the road.',$,$,$,'932698','core',.USERDEFINED.);
#197=IFCRELDEFINESBYTYPE('34yJSOKf97vvRy9NjrbtEQ',#1,$,$,(#198,#440,#855,#1042),#196);
#198=IFCSLAB('1UiPSFcDjErxwCT65xLh1S',#1,'road - asphalt binder course','A durable asphalt binder course, forming a key layer of the road.','core',#210,#219,'454425.1027892.955978.953073.1922257.937648',$);
#199=IFCPROPERTYENUMERATEDVALUE('Status',$,(IFCLABEL('UNSET')),#58);
#200=IFCPROPERTYSINGLEVALUE('IsExternal',$,IFCBOOLEAN(.T.),$);
#201=IFCPROPERTYSINGLEVALUE('LoadBearing',$,IFCBOOLEAN(.T.),$);
#202=IFCPROPERTYSET('1dV7Eab990Kge7cEkIM10U',#1,'Pset_SlabCommon',$,(#199,#200,#201));
#203=IFCRELDEFINESBYPROPERTIES('1xWBcpcKLEPB6SsB9KVykh',#1,$,$,(#198),#202);
#204=IFCQUANTITYVOLUME('NetVolume',$,$,5.7600000000000726,$);
#205=IFCQUANTITYLENGTH('Depth',$,$,80.000000000001279,$);
#206=IFCQUANTITYAREA('NetArea',$,$,71.999999999999758,$);
#207=IFCELEMENTQUANTITY('2lWEsU7orCXgF$6LhRE$ki',#1,'Qto_SlabBaseQuantities',$,$,(#204,#205,#206));
#208=IFCRELDEFINESBYPROPERTIES('1JS_Ass2X5yAetgGL4CIpk',#1,$,$,(#198),#207);
#209=IFCRELCONTAINEDINSPATIALSTRUCTURE('2h_EHfm9PEJfnNF4yD$S0v',#1,$,$,(#198,#222,#238,#254,#262,#270,#278,#288,#311),#190);
#210=IFCLOCALPLACEMENT(#191,#211);
#211=IFCAXIS2PLACEMENT3D(#212,#213,#214);
#212=IFCCARTESIANPOINT((8.0854078987613313E-11,8.0594190876581699E-09,-9.0238927441532719E-14));
#213=IFCDIRECTION((0.,0.,1.));
#214=IFCDIRECTION((1.,0.,0.));
#215=IFCTRIANGULATEDFACESET(#216,((-1.,0.,0.),(-1.,0.,0.),(-1.,0.,0.),(-1.,0.,0.),(-5.5511151231257815E-17,-1.,0.),(-5.5511151231257815E-17,-1.,0.),(-5.5511151231257815E-17,-1.,0.),(-5.5511151231257815E-17,-1.,0.),(0.,0.,-1.),(0.,0.,-1.),(0.,0.,-1.),(0.,0.,-1.),(1.,0.,0.),(1.,0.,0.),(1.,0.,0.),(1.,0.,0.),(0.,0.,1.),(0.,0.,1.),(0.,0.,1.),(0.,0.,1.),(5.5511151231257815E-17,1.,0.),(5.5511151231257815E-17,1.,0.),(5.5511151231257815E-17,1.,0.),(5.5511151231257815E-17,1.,0.)),$,((1,2,3),(2,1,4),(5,6,7),(6,5,8),(9,10,11),(10,9,12),(13,14,15),(14,13,16),(17,18,19),(18,17,20),(21,22,23),(22,21,24)),$);
#216=IFCCARTESIANPOINTLIST3D(((-1800.0000000000064,9999.9999999999036,-39.999999999997392),(-1800.0000000000064,-9999.9999999999527,-119.99999999999868),(-1800.0000000000064,-9999.9999999999527,-39.999999999997392),(-1800.0000000000064,9999.9999999999036,-119.99999999999868),(1800.0000000000064,-9999.9999999999527,-39.999999999997392),(-1800.0000000000064,-9999.9999999999527,-119.99999999999868),(1800.0000000000064,-9999.9999999999527,-119.99999999999868),(-1800.0000000000064,-9999.9999999999527,-39.999999999997392),(1800.0000000000064,9999.9999999999036,-119.99999999999868),(-1800.0000000000064,-9999.9999999999527,-119.99999999999868),(-1800.0000000000064,9999.9999999999036,-119.99999999999868),(1800.0000000000064,-9999.9999999999527,-119.99999999999868),(1800.0000000000064,9999.9999999999036,-119.99999999999868),(1800.0000000000064,-9999.9999999999527,-39.999999999997392),(1800.0000000000064,-9999.9999999999527,-119.99999999999868),(1800.0000000000064,9999.9999999999036,-39.999999999997392),(1800.0000000000064,-9999.9999999999527,-39.999999999997392),(-1800.0000000000064,9999.9999999999036,-39.999999999997392),(-1800.0000000000064,-9999.9999999999527,-39.999999999997392),(1800.0000000000064,9999.9999999999036,-39.999999999997392),(-1800.0000000000064,9999.9999999999036,-39.999999999997392),(1800.0000000000064,9999.9999999999036,-119.99999999999868),(-1800.0000000000064,9999.9999999999036,-119.99999999999868),(1800.0000000000064,9999.9999999999036,-39.999999999997392)));
#217=IFCSTYLEDITEM(#215,(#81),$);
#218=IFCSHAPEREPRESENTATION(#12,'Body','Tessellation',(#215));
#219=IFCPRODUCTDEFINITIONSHAPE($,$,(#218));
#220=IFCSLABTYPE('378XWUiZH0i9KZruDMskvH',#1,'road - asphalt surface course','A smooth asphalt surface, providing a durable driving layer.',$,$,$,'932737','pavement',.USERDEFINED.);
#221=IFCRELDEFINESBYTYPE('2F_LhubgT6TP__Kly4CUMo',#1,$,$,(#222,#459,#877,#1064),#220);
#222=IFCSLAB('0bOiufAU17JvMAqTkdbCGK',#1,'road - asphalt surface course','A smooth asphalt surface, providing a durable driving layer.','pavement',#228,#237,'454425.1027892.955978.953073.1922257.937649',$);
#223=IFCPROPERTYENUMERATEDVALUE('Status',$,(IFCLABEL('UNSET')),#58);
#224=IFCPROPERTYSINGLEVALUE('IsExternal',$,IFCBOOLEAN(.T.),$);
#225=IFCPROPERTYSINGLEVALUE('LoadBearing',$,IFCBOOLEAN(.T.),$);
#226=IFCPROPERTYSET('2YStdbaff6uOTBlP1moamb',#1,'Pset_SlabCommon',$,(#223,#224,#225));
#227=IFCRELDEFINESBYPROPERTIES('1PVb_x6Z5EBQv$3G50qTxr',#1,$,$,(#222),#226);
#228=IFCLOCALPLACEMENT(#191,#229);
#229=IFCAXIS2PLACEMENT3D(#230,#231,#232);
#230=IFCCARTESIANPOINT((7.2191141953226179E-11,8.0420932135893963E-09,-9.0238927441532655E-14));
#231=IFCDIRECTION((0.,0.,1.));
#232=IFCDIRECTION((1.,-2.7755575615628914E-16,0.));
#233=IFCTRIANGULATEDFACESET(#234,((-1.,3.5527136788005149E-16,0.),(-1.,3.5527136788005149E-16,0.),(-1.,3.5527136788005149E-16,0.),(-1.,3.5527136788005149E-16,0.),(3.3306690738754686E-16,-1.,0.),(3.3306690738754686E-16,-1.,0.),(3.3306690738754686E-16,-1.,0.),(3.3306690738754686E-16,-1.,0.),(0.,0.,-1.),(0.,0.,-1.),(0.,0.,-1.),(0.,0.,-1.),(1.,-3.5527136788005149E-16,0.),(1.,-3.5527136788005149E-16,0.),(1.,-3.5527136788005149E-16,0.),(1.,-3.5527136788005149E-16,0.),(0.,0.,1.),(0.,0.,1.),(0.,0.,1.),(0.,0.,1.),(-3.3306690738754686E-16,1.,0.),(-3.3306690738754686E-16,1.,0.),(-3.3306690738754686E-16,1.,0.),(-3.3306690738754686E-16,1.,0.)),$,((1,2,3),(2,1,4),(5,6,7),(6,5,8),(9,10,11),(10,9,12),(13,14,15),(14,13,16),(17,18,19),(18,17,20),(21,22,23),(22,21,24)),$);
#234=IFCCARTESIANPOINTLIST3D(((-1800.0000000000055,9999.9999999999036,2.1657342585967822E-12),(-1799.9999999999939,-9999.9999999999491,-39.999999999998074),(-1799.9999999999939,-9999.9999999999491,2.1657342585967822E-12),(-1800.0000000000055,9999.9999999999036,-39.999999999998074),(1800.0000000000025,-9999.9999999999454,2.1657342585967822E-12),(-1799.9999999999939,-9999.9999999999491,-39.999999999998074),(1800.0000000000025,-9999.9999999999454,-39.999999999998074),(-1799.9999999999939,-9999.9999999999491,2.1657342585967822E-12),(1800.0000000000055,9999.9999999999181,-39.999999999998074),(-1799.9999999999939,-9999.9999999999491,-39.999999999998074),(-1800.0000000000055,9999.9999999999036,-39.999999999998074),(1800.0000000000025,-9999.9999999999454,-39.999999999998074),(1800.0000000000055,9999.9999999999181,-39.999999999998074),(1800.0000000000025,-9999.9999999999454,2.1657342585967822E-12),(1800.0000000000025,-9999.9999999999454,-39.999999999998074),(1800.0000000000055,9999.9999999999181,2.1657342585967822E-12),(-1799.9999999999939,-9999.9999999999491,2.1657342585967822E-12),(1800.0000000000055,9999.9999999999181,2.1657342585967822E-12),(-1800.0000000000055,9999.9999999999036,2.1657342585967822E-12),(1800.0000000000025,-9999.9999999999454,2.1657342585967822E-12),(-1800.0000000000055,9999.9999999999036,2.1657342585967822E-12),(1800.0000000000055,9999.9999999999181,-39.999999999998074),(-1800.0000000000055,9999.9999999999036,-39.999999999998074),(1800.0000000000055,9999.9999999999181,2.1657342585967822E-12)));
#235=IFCSTYLEDITEM(#233,(#109),$);
#236=IFCSHAPEREPRESENTATION(#12,'Body','Tessellation',(#233));
#237=IFCPRODUCTDEFINITIONSHAPE($,$,(#236));
#238=IFCSURFACEFEATURE('2E09k8p5j8Ie2cdShEa6y3',#1,'road - line marking','Clear and precise line markings, guiding traffic safely.','linemarking',#243,#253,'454425.1027892.955978.953073.1922257.937649.2051805',.USERDEFINED.);
#239=IFCSURFACESTYLERENDERING(#240,0.,$,$,$,$,$,$,.NOTDEFINED.);
#240=IFCCOLOURRGB($,1.,1.,1.);
#241=IFCRELASSOCIATESMATERIAL('3H0ksjW7j76x4heapvNWKc',#1,$,$,(#238,#254,#262,#270,#278,#472,#480,#488,#496,#504,#893,#904,#912,#920,#928,#1080,#1091,#1099,#1107,#1115),#242);
#242=IFCMATERIAL('plastic_thermoplastic-road-marking-paint',$,$);
#243=IFCLOCALPLACEMENT(#228,#244);
#244=IFCAXIS2PLACEMENT3D(#245,#246,#247);
#245=IFCCARTESIANPOINT((1.4438228390645236E-11,6999.9999999918937,-1.0018533496306849E-29));
#246=IFCDIRECTION((0.,0.,1.));
#247=IFCDIRECTION((-4.6074255521943996E-15,1.,0.));
#248=IFCTRIANGULATEDFACESET(#249,((0.,0.,1.),(0.,0.,1.),(0.,0.,1.),(0.,0.,1.)),$,((1,2,3),(2,1,4)),$);
#249=IFCCARTESIANPOINTLIST3D(((-2.887645678129045E-12,-50.000000000014602,0.),(2000.,49.999999999979835,0.),(-8.6629370343871353E-12,49.999999999985725,0.),(2000.0000000000086,-50.000000000020492,0.)));
#250=IFCSTYLEDITEM(#248,(#251),$);
#251=IFCSURFACESTYLE('plastic_thermoplastic-road-marking-paint',.BOTH.,(#239));
#252=IFCSHAPEREPRESENTATION(#12,'Body','Tessellation',(#248));
#253=IFCPRODUCTDEFINITIONSHAPE($,$,(#252));
#254=IFCSURFACEFEATURE('3oFdaVamzCehZnvL2DVyTv',#1,'road - line marking','Clear and precise line markings, guiding traffic safely.','linemarking',#255,#261,'454425.1027892.955978.953073.1922257.937649.2051907',.USERDEFINED.);
#255=IFCLOCALPLACEMENT(#228,#256);
#256=IFCAXIS2PLACEMENT3D(#257,#258,#259);
#257=IFCCARTESIANPOINT((0.,2999.9999999918991,-1.0018533496306849E-29));
#258=IFCDIRECTION((0.,0.,1.));
#259=IFCDIRECTION((-4.6074255521943996E-15,1.,0.));
#260=IFCSHAPEREPRESENTATION(#12,'Body','Tessellation',(#248));
#261=IFCPRODUCTDEFINITIONSHAPE($,$,(#260));
#262=IFCSURFACEFEATURE('22Oy65k6H6RQzyRYDT5O81',#1,'road - line marking','Clear and precise line markings, guiding traffic safely.','linemarking',#263,#269,'454425.1027892.955978.953073.1922257.937649.2051908',.USERDEFINED.);
#263=IFCLOCALPLACEMENT(#228,#264);
#264=IFCAXIS2PLACEMENT3D(#265,#266,#267);
#265=IFCCARTESIANPOINT((5.775291356258094E-12,-1000.0000000080991,-1.0018533496306849E-29));
#266=IFCDIRECTION((0.,0.,1.));
#267=IFCDIRECTION((-4.6074255521943996E-15,1.,0.));
#268=IFCSHAPEREPRESENTATION(#12,'Body','Tessellation',(#248));
#269=IFCPRODUCTDEFINITIONSHAPE($,$,(#268));
#270=IFCSURFACEFEATURE('3nP$zLBVH1Yxs64yX$MtCU',#1,'road - line marking','Clear and precise line markings, guiding traffic safely.','linemarking',#271,#277,'454425.1027892.955978.953073.1922257.937649.2051909',.USERDEFINED.);
#271=IFCLOCALPLACEMENT(#228,#272);
#272=IFCAXIS2PLACEMENT3D(#273,#274,#275);
#273=IFCCARTESIANPOINT((2.887645678129047E-12,-5000.0000000080963,-1.0018533496306849E-29));
#274=IFCDIRECTION((0.,0.,1.));
#275=IFCDIRECTION((-4.6074255521943996E-15,1.,0.));
#276=IFCSHAPEREPRESENTATION(#12,'Body','Tessellation',(#248));
#277=IFCPRODUCTDEFINITIONSHAPE($,$,(#276));
#278=IFCSURFACEFEATURE('3iK_B7RQX1A90d2SZn3haF',#1,'road - line marking','Clear and precise line markings, guiding traffic safely.','linemarking',#279,#285,'454425.1027892.955978.953073.1922257.937649.2051910',.USERDEFINED.);
#279=IFCLOCALPLACEMENT(#228,#280);
#280=IFCAXIS2PLACEMENT3D(#281,#282,#283);
#281=IFCCARTESIANPOINT((2.887645678129047E-12,-9000.0000000080781,-1.0018533496306849E-29));
#282=IFCDIRECTION((0.,0.,1.));
#283=IFCDIRECTION((-4.6074255521943996E-15,1.,0.));
#284=IFCSHAPEREPRESENTATION(#12,'Body','Tessellation',(#248));
#285=IFCPRODUCTDEFINITIONSHAPE($,$,(#284));
#286=IFCSLABTYPE('1_P_dxl5T9qutX4UyAiqic',#1,'road - subgrade','A stable subgrade, forming the foundation of the road.',$,$,$,'932628','subgrade',.USERDEFINED.);
#287=IFCRELDEFINESBYTYPE('3xhjgb5mH25vdf2e55FsxV',#1,$,$,(#288,#512,#936,#1123),#286);
#288=IFCSLAB('25_RTYQg9CWPpSeXsVQXRz',#1,'road - subgrade','A stable subgrade, forming the foundation of the road.','subgrade',#299,#308,'454425.1027892.955978.953073.1922257.937651',$);
#289=IFCPROPERTYENUMERATEDVALUE('Status',$,(IFCLABEL('UNSET')),#58);
#290=IFCPROPERTYSINGLEVALUE('IsExternal',$,IFCBOOLEAN(.T.),$);
#291=IFCPROPERTYSINGLEVALUE('LoadBearing',$,IFCBOOLEAN(.T.),$);
#292=IFCPROPERTYSET('2HbXIptMz9PgCNmB3c7ESe',#1,'Pset_SlabCommon',$,(#289,#290,#291));
#293=IFCRELDEFINESBYPROPERTIES('2GNlFPVRj6q9g$SX8S40i6',#1,$,$,(#288),#292);
#294=IFCQUANTITYVOLUME('NetVolume',$,$,17.99999999999962,$);
#295=IFCQUANTITYLENGTH('Depth',$,$,249.99999999999656,$);
#296=IFCQUANTITYAREA('NetArea',$,$,71.999999999999474,$);
#297=IFCELEMENTQUANTITY('3htTYgsPfEUxHNPhAsDbcH',#1,'Qto_SlabBaseQuantities',$,$,(#294,#295,#296));
#298=IFCRELDEFINESBYPROPERTIES('38AQ_qsr10z9plY5NfTU2y',#1,$,$,(#288),#297);
#299=IFCLOCALPLACEMENT(#191,#300);
#300=IFCAXIS2PLACEMENT3D(#301,#302,#303);
#301=IFCCARTESIANPOINT((8.0854078987613313E-11,8.0594190876581699E-09,-9.0238927441532719E-14));
#302=IFCDIRECTION((0.,0.,1.));
#303=IFCDIRECTION((1.,-2.7755575615628914E-16,0.));
#304=IFCTRIANGULATEDFACESET(#305,((-1.,0.,0.),(-1.,0.,0.),(-1.,0.,0.),(-1.,0.,0.),(1.6653345369377343E-16,-0.99999999999999989,0.),(1.6653345369377343E-16,-0.99999999999999989,0.),(1.6653345369377343E-16,-0.99999999999999989,0.),(1.6653345369377343E-16,-0.99999999999999989,0.),(0.,0.,-1.),(0.,0.,-1.),(0.,0.,-1.),(0.,0.,-1.),(1.,0.,0.),(1.,0.,0.),(1.,0.,0.),(1.,0.,0.),(0.,0.,1.),(0.,0.,1.),(0.,0.,1.),(0.,0.,1.),(-1.6653345369377343E-16,0.99999999999999989,0.),(-1.6653345369377343E-16,0.99999999999999989,0.),(-1.6653345369377343E-16,0.99999999999999989,0.),(-1.6653345369377343E-16,0.99999999999999989,0.)),$,((1,2,3),(2,1,4),(5,6,7),(6,5,8),(9,10,11),(10,9,12),(13,14,15),(14,13,16),(17,18,19),(18,17,20),(21,22,23),(22,21,24)),$);
#305=IFCCARTESIANPOINTLIST3D(((-1799.9999999999829,9999.9999999999036,-119.99999999999579),(-1799.9999999999859,-9999.9999999999527,-369.99999999999233),(-1799.9999999999859,-9999.9999999999527,-119.99999999999579),(-1799.9999999999829,9999.9999999999036,-369.99999999999233),(1800.0000000000177,-9999.9999999999545,-119.99999999999579),(-1799.9999999999859,-9999.9999999999527,-369.99999999999233),(1800.0000000000177,-9999.9999999999545,-369.99999999999233),(-1799.9999999999859,-9999.9999999999527,-119.99999999999579),(-1799.9999999999829,9999.9999999999036,-369.99999999999233),(1800.0000000000177,-9999.9999999999545,-369.99999999999233),(-1799.9999999999859,-9999.9999999999527,-369.99999999999233),(1800.0000000000148,9999.9999999999036,-369.99999999999233),(1800.0000000000148,9999.9999999999036,-369.99999999999233),(1800.0000000000177,-9999.9999999999545,-119.99999999999579),(1800.0000000000177,-9999.9999999999545,-369.99999999999233),(1800.0000000000148,9999.9999999999036,-119.99999999999579),(1800.0000000000177,-9999.9999999999545,-119.99999999999579),(-1799.9999999999829,9999.9999999999036,-119.99999999999579),(-1799.9999999999859,-9999.9999999999527,-119.99999999999579),(1800.0000000000148,9999.9999999999036,-119.99999999999579),(-1799.9999999999829,9999.9999999999036,-119.99999999999579),(1800.0000000000148,9999.9999999999036,-369.99999999999233),(-1799.9999999999829,9999.9999999999036,-369.99999999999233),(1800.0000000000148,9999.9999999999036,-119.99999999999579)));
#306=IFCSTYLEDITEM(#304,(#137),$);
#307=IFCSHAPEREPRESENTATION(#12,'Body','Tessellation',(#304));
#308=IFCPRODUCTDEFINITIONSHAPE($,$,(#307));
#309=IFCSLABTYPE('0hZX8yo1z0mQvxKNy8tSgu',#1,'road - base course','A solid base course, providing support for the road surface.',$,$,$,'932667','subgradebed',.USERDEFINED.);
#310=IFCRELDEFINESBYTYPE('3CX4ILrfDCABhBqQ1yhmU_',#1,$,$,(#311,#530,#957,#1144),#309);
#311=IFCSLAB('1zA0UQopr71wWPFRVqk8vb',#1,'road - base course','A solid base course, providing support for the road surface.','subgradebed',#322,#331,'454425.1027892.955978.953073.1922257.937652',$);
#312=IFCPROPERTYENUMERATEDVALUE('Status',$,(IFCLABEL('UNSET')),#58);
#313=IFCPROPERTYSINGLEVALUE('IsExternal',$,IFCBOOLEAN(.T.),$);
#314=IFCPROPERTYSINGLEVALUE('LoadBearing',$,IFCBOOLEAN(.T.),$);
#315=IFCPROPERTYSET('1y6uZh3u9EzeBPbsVq2CUh',#1,'Pset_SlabCommon',$,(#312,#313,#314));
#316=IFCRELDEFINESBYPROPERTIES('32v10i2Qf3zBM46E2HGtco',#1,$,$,(#311),#315);
#317=IFCQUANTITYVOLUME('NetVolume',$,$,8.6399999999913231,$);
#318=IFCQUANTITYLENGTH('Depth',$,$,120.00000000000287,$);
#319=IFCQUANTITYAREA('NetArea',$,$,71.999999999925961,$);
#320=IFCELEMENTQUANTITY('1BzfdEWUT2ZfTwxvN7st7_',#1,'Qto_SlabBaseQuantities',$,$,(#317,#318,#319));
#321=IFCRELDEFINESBYPROPERTIES('3SqKCrAFf3hBPp4CnClaUL',#1,$,$,(#311),#320);
#322=IFCLOCALPLACEMENT(#191,#323);
#323=IFCAXIS2PLACEMENT3D(#324,#325,#326);
#324=IFCCARTESIANPOINT((8.0854078987613313E-11,8.0594190876581699E-09,-9.0238927441532719E-14));
#325=IFCDIRECTION((-1.97215226305254E-31,-4.7331654313260722E-30,1.));
#326=IFCDIRECTION((1.,-5.5511151231257827E-17,3.9443045261050599E-31));
#327=IFCTRIANGULATEDFACESET(#328,((1.,-2.0428103653102989E-15,4.0306720923883612E-13),(1.,-2.0428103653102989E-15,4.0306720923883612E-13),(1.,-2.0428103653102989E-15,4.0306720923883612E-13),(1.,-2.0428103653102989E-15,4.0306720923883612E-13),(1.5777218104420243E-30,1.577721810442032E-31,1.),(1.5777218104420243E-30,1.577721810442032E-31,1.),(1.5777218104420243E-30,1.577721810442032E-31,1.),(1.5777218104420243E-30,1.577721810442032E-31,1.),(-2.7755575615628914E-16,-1.,-7.2191141953223757E-14),(-2.7755575615628914E-16,-1.,-7.2191141953223757E-14),(-2.7755575615628914E-16,-1.,-7.2191141953223757E-14),(-2.7755575615628914E-16,-1.,-7.2191141953223757E-14),(2.7755575615628914E-16,1.,3.4061061487390381E-15),(2.7755575615628914E-16,1.,3.4061061487390381E-15),(2.7755575615628914E-16,1.,3.4061061487390381E-15),(2.7755575615628914E-16,1.,3.4061061487390381E-15),(-1.,-2.6645352591003891E-15,4.1209110198298906E-13),(-1.,-2.6645352591003891E-15,4.1209110198298906E-13),(-1.,-2.6645352591003891E-15,4.1209110198298906E-13),(-1.,-2.6645352591003891E-15,4.1209110198298906E-13),(2.5066368733765838E-17,1.2376268898606305E-14,-1.),(2.5066368733765838E-17,1.2376268898606305E-14,-1.),(2.5066368733765838E-17,1.2376268898606305E-14,-1.),(2.5066368733765838E-17,1.2376268898606305E-14,-1.)),$,((1,2,3),(2,1,4),(5,6,7),(6,5,8),(9,10,11),(10,9,12),(13,14,15),(14,13,16),(17,18,19),(18,17,20),(21,22,23),(22,21,24)),$);
#328=IFCCARTESIANPOINTLIST3D(((1800.0000000000143,-9999.9999999999236,-489.99999999999505),(1800.0000000000086,9999.9999999999036,-369.99999999999221),(1800.0000000000202,-9999.9999999999327,-369.99999999999216),(1800.0000000001096,9999.9999999999109,-489.99999999974716),(-1799.9999999999798,-9999.9999999999091,-369.99999999999221),(1800.0000000000086,9999.9999999999036,-369.99999999999221),(-1799.9999999999854,9999.9999999999254,-369.99999999999221),(1800.0000000000202,-9999.9999999999327,-369.99999999999216),(1800.0000000000202,-9999.9999999999327,-369.99999999999216),(-1799.9999999999798,-9999.9999999999254,-489.99999999999505),(1800.0000000000143,-9999.9999999999236,-489.99999999999505),(-1799.9999999999798,-9999.9999999999091,-369.99999999999221),(-1799.9999999999854,9999.9999999999254,-369.99999999999221),(1800.0000000001096,9999.9999999999109,-489.99999999974716),(-1800.0000000000837,9999.9999999999181,-489.99999999974733),(1800.0000000000086,9999.9999999999036,-369.99999999999221),(-1799.9999999999798,-9999.9999999999091,-369.99999999999221),(-1800.0000000000837,9999.9999999999181,-489.99999999974733),(-1799.9999999999798,-9999.9999999999254,-489.99999999999505),(-1799.9999999999854,9999.9999999999254,-369.99999999999221),(1800.0000000001096,9999.9999999999109,-489.99999999974716),(-1799.9999999999798,-9999.9999999999254,-489.99999999999505),(-1800.0000000000837,9999.9999999999181,-489.99999999974733),(1800.0000000000143,-9999.9999999999236,-489.99999999999505)));
#329=IFCSTYLEDITEM(#327,(#165),$);
#330=IFCSHAPEREPRESENTATION(#12,'Body','Tessellation',(#327));
#331=IFCPRODUCTDEFINITIONSHAPE($,$,(#330));
#332=IFCBUILDING('3UW01eWGf3R9Qahji8i4XE',#1,'road parking - road segment','A segment of the road, connecting various parts of the infrastructure.','roadsegment',#333,$,$,.PARTIAL.,0.,0.,$);
#333=IFCLOCALPLACEMENT(#35,#334);
#334=IFCAXIS2PLACEMENT3D(#335,#336,#337);
#335=IFCCARTESIANPOINT((0.,0.,0.));
#336=IFCDIRECTION((0.,0.,1.));
#337=IFCDIRECTION((1.,0.,0.));
#338=IFCBUILDINGSTOREY('3Rtyfer6f14gfdIYhSAJfS',#1,'road - parking','A designated parking area, providing space for vehicles.','parkingbay',#340,$,$,.ELEMENT.,0.);
#339=IFCRELAGGREGATES('3eEjTPTUT6lhuqu5tArUr6',#1,'road parking - road segment container',$,#332,(#338,#418,#426,#434));
#340=IFCLOCALPLACEMENT(#333,#341);
#341=IFCAXIS2PLACEMENT3D(#342,#343,#344);
#342=IFCCARTESIANPOINT((0.,0.,0.));
#343=IFCDIRECTION((0.,0.,1.));
#344=IFCDIRECTION((1.,0.,0.));
#345=IFCSLAB('3n9r1K2N1DBRveA6CMqp_q',#1,'asphalt binder course - road - parking','A durable asphalt binder course, forming a key layer of the parking area.','core',#357,#363,'454425.1027892.955978.1922250.940313.1922259',$);
#346=IFCPROPERTYENUMERATEDVALUE('Status',$,(IFCLABEL('UNSET')),#58);
#347=IFCPROPERTYSINGLEVALUE('IsExternal',$,IFCBOOLEAN(.T.),$);
#348=IFCPROPERTYSINGLEVALUE('LoadBearing',$,IFCBOOLEAN(.T.),$);
#349=IFCPROPERTYSET('3A4NYyXa98GO9VbbKUmbaH',#1,'Pset_SlabCommon',$,(#346,#347,#348));
#350=IFCRELDEFINESBYPROPERTIES('3f3z_WGVH1FhpwPpsGLjYe',#1,$,$,(#345),#349);
#351=IFCQUANTITYVOLUME('NetVolume',$,$,1.1410049218992266,$);
#352=IFCQUANTITYLENGTH('Depth',$,$,80.000000000001364,$);
#353=IFCQUANTITYAREA('NetArea',$,$,14.262561523740088,$);
#354=IFCELEMENTQUANTITY('1IYyT1fR5BywW$6G941C7V',#1,'Qto_SlabBaseQuantities',$,$,(#351,#352,#353));
#355=IFCRELDEFINESBYPROPERTIES('0NBfvfzv9DXu_Q62Yrkzht',#1,$,$,(#345),#354);
#356=IFCRELCONTAINEDINSPATIALSTRUCTURE('02CaFQuIb7HfR27v8uUnKh',#1,$,$,(#345,#364,#382,#400),#338);
#357=IFCLOCALPLACEMENT(#340,#358);
#358=IFCAXIS2PLACEMENT3D(#359,#360,#361);
#359=IFCCARTESIANPOINT((7.7966433309484268E-11,8.0608629104972341E-09,-9.0238927441532719E-14));
#360=IFCDIRECTION((0.,0.,1.));
#361=IFCDIRECTION((1.,-1.1102230246251563E-16,0.));
#362=IFCSHAPEREPRESENTATION(#12,'Body','Tessellation',(#78));
#363=IFCPRODUCTDEFINITIONSHAPE($,$,(#362));
#364=IFCSLAB('122iIwdi92Nu19w41eQ8OO',#1,'road - parking - asphalt surface course','A smooth asphalt surface, providing a durable driving layer in the parking area.','pavement',#375,#381,'454425.1027892.955978.1922250.940313.1922260',$);
#365=IFCPROPERTYENUMERATEDVALUE('Status',$,(IFCLABEL('UNSET')),#58);
#366=IFCPROPERTYSINGLEVALUE('IsExternal',$,IFCBOOLEAN(.T.),$);
#367=IFCPROPERTYSINGLEVALUE('LoadBearing',$,IFCBOOLEAN(.T.),$);
#368=IFCPROPERTYSET('3Axq622C1Ck97s6ogHM3Lw',#1,'Pset_SlabCommon',$,(#365,#366,#367));
#369=IFCRELDEFINESBYPROPERTIES('3U_QMwAsH7EfvXLsmrFyJQ',#1,$,$,(#364),#368);
#370=IFCQUANTITYVOLUME('NetVolume',$,$,0.57050246094959889,$);
#371=IFCQUANTITYLENGTH('Depth',$,$,40.000000000000192,$);
#372=IFCQUANTITYAREA('NetArea',$,$,14.262561523739903,$);
#373=IFCELEMENTQUANTITY('3U4tD7qSj3xw5d0MiO6Luk',#1,'Qto_SlabBaseQuantities',$,$,(#370,#371,#372));
#374=IFCRELDEFINESBYPROPERTIES('0B4a2Ldcr9iupb9g4_VDnW',#1,$,$,(#364),#373);
#375=IFCLOCALPLACEMENT(#340,#376);
#376=IFCAXIS2PLACEMENT3D(#377,#378,#379);
#377=IFCCARTESIANPOINT((7.7966433309484268E-11,8.0608629104972341E-09,-9.0238927441532719E-14));
#378=IFCDIRECTION((0.,0.,1.));
#379=IFCDIRECTION((1.,-1.1102230246251563E-16,0.));
#380=IFCSHAPEREPRESENTATION(#12,'Body','Tessellation',(#106));
#381=IFCPRODUCTDEFINITIONSHAPE($,$,(#380));
#382=IFCSLAB('3IUYm3Tt58BvzwcxEk6ARA',#1,'road - parking - subgrade','A stable subgrade, forming the foundation of the parking area.','subgrade',#393,#399,'454425.1027892.955978.1922250.940313.1922262',$);
#383=IFCPROPERTYENUMERATEDVALUE('Status',$,(IFCLABEL('UNSET')),#58);
#384=IFCPROPERTYSINGLEVALUE('IsExternal',$,IFCBOOLEAN(.T.),$);
#385=IFCPROPERTYSINGLEVALUE('LoadBearing',$,IFCBOOLEAN(.T.),$);
#386=IFCPROPERTYSET('3o0JkqXEnBV8fyACclSySg',#1,'Pset_SlabCommon',$,(#383,#384,#385));
#387=IFCRELDEFINESBYPROPERTIES('0DEN85Y7jEY9_K_KTHsvsm',#1,$,$,(#382),#386);
#388=IFCQUANTITYVOLUME('NetVolume',$,$,3.5656403809350015,$);
#389=IFCQUANTITYLENGTH('Depth',$,$,249.99999999999585,$);
#390=IFCQUANTITYAREA('NetArea',$,$,14.262561523740242,$);
#391=IFCELEMENTQUANTITY('21h_w796zDIfWmCeJOR0N6',#1,'Qto_SlabBaseQuantities',$,$,(#388,#389,#390));
#392=IFCRELDEFINESBYPROPERTIES('0AkndDhfrBOv1zmHRB69Gv',#1,$,$,(#382),#391);
#393=IFCLOCALPLACEMENT(#340,#394);
#394=IFCAXIS2PLACEMENT3D(#395,#396,#397);
#395=IFCCARTESIANPOINT((6.9303496275097121E-11,8.0608629104972341E-09,-9.0238927441532719E-14));
#396=IFCDIRECTION((0.,0.,1.));
#397=IFCDIRECTION((1.,-3.8857805861880479E-16,0.));
#398=IFCSHAPEREPRESENTATION(#12,'Body','Tessellation',(#134));
#399=IFCPRODUCTDEFINITIONSHAPE($,$,(#398));
#400=IFCSLAB('3XzlKA5bz0efC2no0GJY02',#1,'road parking - base course','A solid base course, providing support for the parking area surface.','subgradebed',#411,#417,'454425.1027892.955978.1922250.940313.1922263',$);
#401=IFCPROPERTYENUMERATEDVALUE('Status',$,(IFCLABEL('UNSET')),#58);
#402=IFCPROPERTYSINGLEVALUE('IsExternal',$,IFCBOOLEAN(.T.),$);
#403=IFCPROPERTYSINGLEVALUE('LoadBearing',$,IFCBOOLEAN(.T.),$);
#404=IFCPROPERTYSET('34Rp7kt1H87u$kucHbQ1ZS',#1,'Pset_SlabCommon',$,(#401,#402,#403));
#405=IFCRELDEFINESBYPROPERTIES('3LIX$jCo95xgqMUgosu98r',#1,$,$,(#400),#404);
#406=IFCQUANTITYVOLUME('NetVolume',$,$,1.7115073828453351,$);
#407=IFCQUANTITYLENGTH('Depth',$,$,119.99999999975584,$);
#408=IFCQUANTITYAREA('NetArea',$,$,14.262561523740144,$);
#409=IFCELEMENTQUANTITY('2DA37tlB53lw5UdmNd3KsD',#1,'Qto_SlabBaseQuantities',$,$,(#406,#407,#408));
#410=IFCRELDEFINESBYPROPERTIES('0gWjRxJuDAYff_c122WKOU',#1,$,$,(#400),#409);
#411=IFCLOCALPLACEMENT(#340,#412);
#412=IFCAXIS2PLACEMENT3D(#413,#414,#415);
#413=IFCCARTESIANPOINT((7.5078787631355223E-11,8.0594190876581699E-09,-9.0238927441532719E-14));
#414=IFCDIRECTION((-1.97215226305254E-31,-4.7331654313260715E-30,1.));
#415=IFCDIRECTION((1.,5.5511151231257827E-17,3.9443045261050608E-31));
#416=IFCSHAPEREPRESENTATION(#12,'Body','Tessellation',(#162));
#417=IFCPRODUCTDEFINITIONSHAPE($,$,(#416));
#418=IFCBUILDINGSTOREY('15Sq9FrzT9FBv27nCk5mh_',#1,'road parking - shoulder','The shoulder, providing additional space and support alongside the parking area.','shoulder',#419,#425,$,.ELEMENT.,-489.99999999999108);
#419=IFCLOCALPLACEMENT(#333,#420);
#420=IFCAXIS2PLACEMENT3D(#421,#422,#423);
#421=IFCCARTESIANPOINT((1799.999999999995,-9999.9999999997508,-489.99999999999108));
#422=IFCDIRECTION((-1.5210055437364648E-14,-1.,-2.5667961583369169E-14));
#423=IFCDIRECTION((1.,-1.5598633495983449E-14,-3.9376986519941476E-15));
#424=IFCSHAPEREPRESENTATION(#12,'Body','Tessellation',(#174));
#425=IFCPRODUCTDEFINITIONSHAPE($,$,(#424));
#426=IFCBUILDINGSTOREY('2271FKNO1DdwPAfaVP8xJd',#1,'road - shoulder','The shoulder, providing additional space and support alongside the road.','shoulder',#427,#433,$,.ELEMENT.,-489.99999999997698);
#427=IFCLOCALPLACEMENT(#333,#428);
#428=IFCAXIS2PLACEMENT3D(#429,#430,#431);
#429=IFCCARTESIANPOINT((-1800.0000000003588,-9999.9999999997035,-489.99999999997698));
#430=IFCDIRECTION((-1.5654144647214707E-14,-1.,-2.5667961583369159E-14));
#431=IFCDIRECTION((-1.,1.5432100042289673E-14,3.9376986519941405E-15));
#432=IFCSHAPEREPRESENTATION(#12,'Body','Tessellation',(#185));
#433=IFCPRODUCTDEFINITIONSHAPE($,$,(#432));
#434=IFCBUILDINGSTOREY('2FFDMtF_bFt9Cn7VXimDUu',#1,'road  - carriageway','The carriageway, providing a smooth driving surface for vehicles.','carriageway',#435,$,$,.ELEMENT.,0.);
#435=IFCLOCALPLACEMENT(#333,#436);
#436=IFCAXIS2PLACEMENT3D(#437,#438,#439);
#437=IFCCARTESIANPOINT((0.,0.,0.));
#438=IFCDIRECTION((0.,0.,1.));
#439=IFCDIRECTION((1.,0.,0.));
#440=IFCSLAB('1EBv$nhkP16QpDbPgakj0R',#1,'road - asphalt binder course','A durable asphalt binder course, forming a key layer of the road.','core',#452,#458,'454425.1027892.955978.1922250.1922257.937648',$);
#441=IFCPROPERTYENUMERATEDVALUE('Status',$,(IFCLABEL('UNSET')),#58);
#442=IFCPROPERTYSINGLEVALUE('IsExternal',$,IFCBOOLEAN(.T.),$);
#443=IFCPROPERTYSINGLEVALUE('LoadBearing',$,IFCBOOLEAN(.T.),$);
#444=IFCPROPERTYSET('0mhqFsr_16NOdRA6f$WHJ3',#1,'Pset_SlabCommon',$,(#441,#442,#443));
#445=IFCRELDEFINESBYPROPERTIES('2BG1VQZe950f6Jixf0$wl2',#1,$,$,(#440),#444);
#446=IFCQUANTITYVOLUME('NetVolume',$,$,5.7600000000000726,$);
#447=IFCQUANTITYLENGTH('Depth',$,$,80.000000000001279,$);
#448=IFCQUANTITYAREA('NetArea',$,$,71.999999999999758,$);
#449=IFCELEMENTQUANTITY('3MwnMG2fLBTuhT5MxbW1z9',#1,'Qto_SlabBaseQuantities',$,$,(#446,#447,#448));
#450=IFCRELDEFINESBYPROPERTIES('3IokEykhP2Ux7jEUPOqu2W',#1,$,$,(#440),#449);
#451=IFCRELCONTAINEDINSPATIALSTRUCTURE('3b7IZPGeLFeeETAtHRvTGM',#1,$,$,(#440,#459,#472,#480,#488,#496,#504,#512,#530),#434);
#452=IFCLOCALPLACEMENT(#435,#453);
#453=IFCAXIS2PLACEMENT3D(#454,#455,#456);
#454=IFCCARTESIANPOINT((8.0854078987613313E-11,8.0594190876581699E-09,-9.0238927441532719E-14));
#455=IFCDIRECTION((0.,0.,1.));
#456=IFCDIRECTION((1.,0.,0.));
#457=IFCSHAPEREPRESENTATION(#12,'Body','Tessellation',(#215));
#458=IFCPRODUCTDEFINITIONSHAPE($,$,(#457));
#459=IFCSLAB('29INDGxC98WgiF2$uaWE$G',#1,'road - asphalt surface course','A smooth asphalt surface, providing a durable driving layer.','pavement',#465,#471,'454425.1027892.955978.1922250.1922257.937649',$);
#460=IFCPROPERTYENUMERATEDVALUE('Status',$,(IFCLABEL('UNSET')),#58);
#461=IFCPROPERTYSINGLEVALUE('IsExternal',$,IFCBOOLEAN(.T.),$);
#462=IFCPROPERTYSINGLEVALUE('LoadBearing',$,IFCBOOLEAN(.T.),$);
#463=IFCPROPERTYSET('1yfMvxPQf5ZxOffEiXjkBv',#1,'Pset_SlabCommon',$,(#460,#461,#462));
#464=IFCRELDEFINESBYPROPERTIES('35ZVciLAz0tO4uZNjQiiUT',#1,$,$,(#459),#463);
#465=IFCLOCALPLACEMENT(#435,#466);
#466=IFCAXIS2PLACEMENT3D(#467,#468,#469);
#467=IFCCARTESIANPOINT((7.2191141953226179E-11,8.0420932135893963E-09,-9.0238927441532655E-14));
#468=IFCDIRECTION((0.,0.,1.));
#469=IFCDIRECTION((1.,-2.7755575615628914E-16,0.));
#470=IFCSHAPEREPRESENTATION(#12,'Body','Tessellation',(#233));
#471=IFCPRODUCTDEFINITIONSHAPE($,$,(#470));
#472=IFCSURFACEFEATURE('2k035JfqPANO_5sd1VjpMr',#1,'road - line marking','Clear and precise line markings, guiding traffic safely.','linemarking',#473,#479,'454425.1027892.955978.1922250.1922257.937649.2051805',.USERDEFINED.);
#473=IFCLOCALPLACEMENT(#465,#474);
#474=IFCAXIS2PLACEMENT3D(#475,#476,#477);
#475=IFCCARTESIANPOINT((1.4438228390645236E-11,6999.9999999918937,-1.0018533496306849E-29));
#476=IFCDIRECTION((0.,0.,1.));
#477=IFCDIRECTION((-4.6074255521943996E-15,1.,0.));
#478=IFCSHAPEREPRESENTATION(#12,'Body','Tessellation',(#248));
#479=IFCPRODUCTDEFINITIONSHAPE($,$,(#478));
#480=IFCSURFACEFEATURE('2xFNEEiVXAoQ17T8KWBbr6',#1,'road - line marking','Clear and precise line markings, guiding traffic safely.','linemarking',#481,#487,'454425.1027892.955978.1922250.1922257.937649.2051907',.USERDEFINED.);
#481=IFCLOCALPLACEMENT(#465,#482);
#482=IFCAXIS2PLACEMENT3D(#483,#484,#485);
#483=IFCCARTESIANPOINT((0.,2999.9999999918991,-1.0018533496306849E-29));
#484=IFCDIRECTION((0.,0.,1.));
#485=IFCDIRECTION((-4.6074255521943996E-15,1.,0.));
#486=IFCSHAPEREPRESENTATION(#12,'Body','Tessellation',(#248));
#487=IFCPRODUCTDEFINITIONSHAPE($,$,(#486));
#488=IFCSURFACEFEATURE('3PBVDB_Gv65fD5rAR8Y2j0',#1,'road - line marking','Clear and precise line markings, guiding traffic safely.','linemarking',#489,#495,'454425.1027892.955978.1922250.1922257.937649.2051908',.USERDEFINED.);
#489=IFCLOCALPLACEMENT(#465,#490);
#490=IFCAXIS2PLACEMENT3D(#491,#492,#493);
#491=IFCCARTESIANPOINT((5.775291356258094E-12,-1000.0000000080991,-1.0018533496306849E-29));
#492=IFCDIRECTION((0.,0.,1.));
#493=IFCDIRECTION((-4.6074255521943996E-15,1.,0.));
#494=IFCSHAPEREPRESENTATION(#12,'Body','Tessellation',(#248));
#495=IFCPRODUCTDEFINITIONSHAPE($,$,(#494));
#496=IFCSURFACEFEATURE('2ayNnO1Fn0kRTcnBmZ4Sgd',#1,'road - line marking','Clear and precise line markings, guiding traffic safely.','linemarking',#497,#503,'454425.1027892.955978.1922250.1922257.937649.2051909',.USERDEFINED.);
#497=IFCLOCALPLACEMENT(#465,#498);
#498=IFCAXIS2PLACEMENT3D(#499,#500,#501);
#499=IFCCARTESIANPOINT((2.887645678129047E-12,-5000.0000000080963,-1.0018533496306849E-29));
#500=IFCDIRECTION((0.,0.,1.));
#501=IFCDIRECTION((-4.6074255521943996E-15,1.,0.));
#502=IFCSHAPEREPRESENTATION(#12,'Body','Tessellation',(#248));
#503=IFCPRODUCTDEFINITIONSHAPE($,$,(#502));
#504=IFCSURFACEFEATURE('1PLaDnWNP2WPtJ6K0kxgur',#1,'road - line marking','Clear and precise line markings, guiding traffic safely.','linemarking',#505,#511,'454425.1027892.955978.1922250.1922257.937649.2051910',.USERDEFINED.);
#505=IFCLOCALPLACEMENT(#465,#506);
#506=IFCAXIS2PLACEMENT3D(#507,#508,#509);
#507=IFCCARTESIANPOINT((2.887645678129047E-12,-9000.0000000080781,-1.0018533496306849E-29));
#508=IFCDIRECTION((0.,0.,1.));
#509=IFCDIRECTION((-4.6074255521943996E-15,1.,0.));
#510=IFCSHAPEREPRESENTATION(#12,'Body','Tessellation',(#248));
#511=IFCPRODUCTDEFINITIONSHAPE($,$,(#510));
#512=IFCSLAB('3l2i$KGMz4I87INjjdXvqG',#1,'road - subgrade','A stable subgrade, forming the foundation of the road.','subgrade',#523,#529,'454425.1027892.955978.1922250.1922257.937651',$);
#513=IFCPROPERTYENUMERATEDVALUE('Status',$,(IFCLABEL('UNSET')),#58);
#514=IFCPROPERTYSINGLEVALUE('IsExternal',$,$,$);
#515=IFCPROPERTYSINGLEVALUE('LoadBearing',$,IFCBOOLEAN(.T.),$);
#516=IFCPROPERTYSET('0a9Z2oq4P7sxoA261__flD',#1,'Pset_SlabCommon',$,(#513,#514,#515));
#517=IFCRELDEFINESBYPROPERTIES('3RD$XYxhD5zw2X3uFd1I$E',#1,$,$,(#512),#516);
#518=IFCQUANTITYVOLUME('NetVolume',$,$,17.99999999999962,$);
#519=IFCQUANTITYLENGTH('Depth',$,$,249.99999999999656,$);
#520=IFCQUANTITYAREA('NetArea',$,$,71.999999999999474,$);
#521=IFCELEMENTQUANTITY('3gJpoOqf9CTBPUpSryBtaJ',#1,'Qto_SlabBaseQuantities',$,$,(#518,#519,#520));
#522=IFCRELDEFINESBYPROPERTIES('3eNHT5bMz4mf773E3AYlPC',#1,$,$,(#512),#521);
#523=IFCLOCALPLACEMENT(#435,#524);
#524=IFCAXIS2PLACEMENT3D(#525,#526,#527);
#525=IFCCARTESIANPOINT((8.0854078987613313E-11,8.0594190876581699E-09,-9.0238927441532719E-14));
#526=IFCDIRECTION((0.,0.,1.));
#527=IFCDIRECTION((1.,-2.7755575615628914E-16,0.));
#528=IFCSHAPEREPRESENTATION(#12,'Body','Tessellation',(#304));
#529=IFCPRODUCTDEFINITIONSHAPE($,$,(#528));
#530=IFCSLAB('23fuLywRn2yQjhdXt_DTEx',#1,'road - base course','A solid base course, providing support for the road surface.','subgradebed',#541,#547,'454425.1027892.955978.1922250.1922257.937652',$);
#531=IFCPROPERTYENUMERATEDVALUE('Status',$,(IFCLABEL('UNSET')),#58);
#532=IFCPROPERTYSINGLEVALUE('IsExternal',$,IFCBOOLEAN(.T.),$);
#533=IFCPROPERTYSINGLEVALUE('LoadBearing',$,IFCBOOLEAN(.T.),$);
#534=IFCPROPERTYSET('3QyWgpgM55o9Y7Sq$upMkS',#1,'Pset_SlabCommon',$,(#531,#532,#533));
#535=IFCRELDEFINESBYPROPERTIES('0O1Vm8NsP5z8xrQfo9F9Qx',#1,$,$,(#530),#534);
#536=IFCQUANTITYVOLUME('NetVolume',$,$,8.6399999999913231,$);
#537=IFCQUANTITYLENGTH('Depth',$,$,120.00000000000287,$);
#538=IFCQUANTITYAREA('NetArea',$,$,71.999999999925961,$);
#539=IFCELEMENTQUANTITY('37Uyr0AEL82xxkjKf6Qr0i',#1,'Qto_SlabBaseQuantities',$,$,(#536,#537,#538));
#540=IFCRELDEFINESBYPROPERTIES('0EVL5n$1n2OukH7Q7xk6Ub',#1,$,$,(#530),#539);
#541=IFCLOCALPLACEMENT(#435,#542);
#542=IFCAXIS2PLACEMENT3D(#543,#544,#545);
#543=IFCCARTESIANPOINT((8.0854078987613313E-11,8.0594190876581699E-09,-9.0238927441532719E-14));
#544=IFCDIRECTION((-1.97215226305254E-31,-4.7331654313260722E-30,1.));
#545=IFCDIRECTION((1.,-5.5511151231257827E-17,3.9443045261050599E-31));
#546=IFCSHAPEREPRESENTATION(#12,'Body','Tessellation',(#327));
#547=IFCPRODUCTDEFINITIONSHAPE($,$,(#546));
#548=IFCSITE('3pnaj3EgL1cOScZHtoQhHO',#1,'road river bridge - site','The site of the road river bridge, connecting different areas.',$,#549,$,$,.PARTIAL.,$,$,0.,$,$);
#549=IFCLOCALPLACEMENT(#22,#550);
#550=IFCAXIS2PLACEMENT3D(#551,#552,#553);
#551=IFCCARTESIANPOINT((17320.50807568878,30000.000000000065,0.));
#552=IFCDIRECTION((0.,0.,1.));
#553=IFCDIRECTION((-0.50000000000000033,0.86602540378443871,0.));
#554=IFCBUILDING('1ycqplGh55EAGDAsiDHPxX',#1,'bridge road connection','A connection point, linking the bridge road to other infrastructure.',$,#556,$,$,.COMPLEX.,0.,0.,$);
#555=IFCRELAGGREGATES('0Nn_E6IDfEzffdl1oQFKsP',#1,'road river bridge - site container',$,#548,(#554,#685));
#556=IFCLOCALPLACEMENT(#549,#557);
#557=IFCAXIS2PLACEMENT3D(#558,#559,#560);
#558=IFCCARTESIANPOINT((0.,0.,0.));
#559=IFCDIRECTION((0.,0.,1.));
#560=IFCDIRECTION((1.,0.,0.));
#561=IFCBUILDING('3gVUlQBybBTR_jtpA_c89f',#1,'bridge - road segment','A segment of the bridge road, connecting various parts of the infrastructure.','roadsegment',#563,$,$,.PARTIAL.,0.,0.,$);
#562=IFCRELAGGREGATES('06qZlNcaXDjAp6vXsjL_Ar',#1,'bridge road connection container',$,#554,(#561));
#563=IFCLOCALPLACEMENT(#556,#564);
#564=IFCAXIS2PLACEMENT3D(#565,#566,#567);
#565=IFCCARTESIANPOINT((-8.3741724665742357E-11,4.3314685171935707E-10,2.6349766812927553E-11));
#566=IFCDIRECTION((-1.5815362361441082E-15,-2.9936039337702353E-15,1.));
#567=IFCDIRECTION((-1.,-2.7866597918091429E-14,-1.5815362361441902E-15));
#568=IFCBUILDINGSTOREY('2osHTl91z1WeqT0dDvg3WD',#1,'road - shoulder','The shoulder, providing additional space and support alongside the road.','shoulder',#570,#579,$,.ELEMENT.,-489.99999999993747);
#569=IFCRELAGGREGATES('0UnN36DJ95CuiNEOQT0vxk',#1,'bridge - road segment container',$,#561,(#568,#580,#591));
#570=IFCLOCALPLACEMENT(#563,#571);
#571=IFCAXIS2PLACEMENT3D(#572,#573,#574);
#572=IFCCARTESIANPOINT((1800.0000000000123,-9999.9999999999454,-489.99999999999096));
#573=IFCDIRECTION((-1.4821477378745808E-14,-1.,-2.5667961583369162E-14));
#574=IFCDIRECTION((1.,-1.28785870856518E-14,-3.9376986519941089E-15));
#575=IFCTRIANGULATEDFACESET(#576,((5.315609202804205E-14,6.7150910088771777E-14,1.),(5.315609202804205E-14,6.7150910088771777E-14,1.),(5.315609202804205E-14,6.7150910088771777E-14,1.),(5.315609202804205E-14,6.7150910088771777E-14,1.),(5.315609202804205E-14,6.7150910088771777E-14,1.),(0.44721359549995637,0.89442719099991674,-6.1451097554006477E-15),(0.44721359549995637,0.89442719099991674,-6.1451097554006477E-15),(0.44721359549995637,0.89442719099991674,-6.1451097554006477E-15),(0.44721359549995637,0.89442719099991674,-6.1451097554006477E-15),(-3.9787163462857472E-14,-1.,4.652441025599674E-15),(-3.9787163462857472E-14,-1.,4.652441025599674E-15),(-3.9787163462857472E-14,-1.,4.652441025599674E-15),(-3.9787163462857472E-14,-1.,4.652441025599674E-15),(1.5914865385142985E-14,1.,-5.082206880672866E-15),(1.5914865385142985E-14,1.,-5.082206880672866E-15),(1.5914865385142985E-14,1.,-5.082206880672866E-15),(1.5914865385142985E-14,1.,-5.082206880672866E-15),(-1.,1.6419163961735134E-14,3.8658473109897451E-15),(-1.,1.6419163961735134E-14,3.8658473109897451E-15),(-1.,1.6419163961735134E-14,3.8658473109897451E-15),(-1.,1.6419163961735134E-14,3.8658473109897451E-15),(-1.,1.6419163961735134E-14,3.8658473109897451E-15),(-1.,1.6419163961735134E-14,3.8658473109897451E-15),(-7.4718750631129815E-14,-1.7927866737191633E-13,-1.),(-7.4718750631129815E-14,-1.7927866737191633E-13,-1.),(-7.4718750631129815E-14,-1.7927866737191633E-13,-1.),(-7.4718750631129815E-14,-1.7927866737191633E-13,-1.),(-7.4718750631129815E-14,-1.7927866737191633E-13,-1.)),$,((1,2,3),(2,1,4),(4,1,5),(6,7,8),(7,6,9),(10,11,12),(11,10,13),(14,15,16),(15,14,17),(18,19,20),(19,18,21),(21,18,22),(21,22,23),(24,25,26),(25,27,28),(27,25,24)),$);
#576=IFCCARTESIANPOINTLIST3D(((1100.0000000000039,1.7354939914862321E-27,-2.7366759525189034E-11),(2.3665827158794777E-29,120.00000000000296,6.034066400198379E-11),(0.,0.,0.),(8.8746851838403973E-29,449.99999999999937,2.9008765096700502E-11),(200.00000000000068,449.99999999999631,1.6420055715113545E-12),(200.00000000000068,449.99999999999631,1.6420055715113545E-12),(1099.9999999999807,1.5981314049895443E-10,-5054.4999999991678),(199.99999999997468,450.00000000015649,-5054.4999999991687),(1100.0000000000039,1.7354939914862321E-27,-2.7366759525189034E-11),(1100.0000000000039,1.7354939914862321E-27,-2.7366759525189034E-11),(-4.6202330850064926E-11,2.4734490011724112E-10,-5054.4999999990241),(1099.9999999999807,1.5981314049895443E-10,-5054.4999999991678),(0.,0.,0.),(-2.5988811103161598E-11,450.00000000015996,-5054.4999999991414),(200.00000000000068,449.99999999999631,1.6420055715113545E-12),(199.99999999997468,450.00000000015649,-5054.4999999991687),(8.8746851838403973E-29,449.99999999999937,2.9008765096700502E-11),(2.3665827158794777E-29,120.00000000000296,6.034066400198379E-11),(-4.6202330850064926E-11,2.4734490011724112E-10,-5054.4999999990241),(0.,0.,0.),(-2.310116542503255E-11,120.00000000016381,-5054.4999999991114),(8.8746851838403973E-29,449.99999999999937,2.9008765096700502E-11),(-2.5988811103161598E-11,450.00000000015996,-5054.4999999991414),(199.99999999997468,450.00000000015649,-5054.4999999991687),(-2.310116542503255E-11,120.00000000016381,-5054.4999999991114),(-2.5988811103161598E-11,450.00000000015996,-5054.4999999991414),(1099.9999999999807,1.5981314049895443E-10,-5054.4999999991678),(-4.6202330850064926E-11,2.4734490011724112E-10,-5054.4999999990241)));
#577=IFCSTYLEDITEM(#575,(#165),$);
#578=IFCSHAPEREPRESENTATION(#12,'Body','Tessellation',(#575));
#579=IFCPRODUCTDEFINITIONSHAPE($,$,(#578));
#580=IFCBUILDINGSTOREY('1LsZ9dUZn5397IxXcrlrIe',#1,'road - shoulder','The shoulder, providing additional space and support alongside the road.','shoulder',#581,#590,$,.ELEMENT.,-489.99999999991809);
#581=IFCLOCALPLACEMENT(#563,#582);
#582=IFCAXIS2PLACEMENT3D(#583,#584,#585);
#583=IFCCARTESIANPOINT((-1800.0000000003529,-9999.9999999998763,-489.99999999997726));
#584=IFCDIRECTION((-1.6153745008295993E-14,-1.,-2.5667961583369203E-14));
#585=IFCDIRECTION((-1.,1.459943277382079E-14,3.9376986519941326E-15));
#586=IFCTRIANGULATEDFACESET(#587,((5.3156092028040459E-14,-6.7150910088769593E-14,1.),(5.3156092028040459E-14,-6.7150910088769593E-14,1.),(5.3156092028040459E-14,-6.7150910088769593E-14,1.),(5.3156092028040459E-14,-6.7150910088769593E-14,1.),(5.3156092028040459E-14,-6.7150910088769593E-14,1.),(0.4472135954999556,-0.89442719099991719,-6.1451097554007384E-15),(0.4472135954999556,-0.89442719099991719,-6.1451097554007384E-15),(0.4472135954999556,-0.89442719099991719,-6.1451097554007384E-15),(0.4472135954999556,-0.89442719099991719,-6.1451097554007384E-15),(-3.9787163462857383E-14,1.,4.6524410255998255E-15),(-3.9787163462857383E-14,1.,4.6524410255998255E-15),(-3.9787163462857383E-14,1.,4.6524410255998255E-15),(-3.9787163462857383E-14,1.,4.6524410255998255E-15),(1.5914865385142953E-14,-1.,-5.0822068806730309E-15),(1.5914865385142953E-14,-1.,-5.0822068806730309E-15),(1.5914865385142953E-14,-1.,-5.0822068806730309E-15),(1.5914865385142953E-14,-1.,-5.0822068806730309E-15),(-1.,-1.6419163961735172E-14,3.8658473109896299E-15),(-1.,-1.6419163961735172E-14,3.8658473109896299E-15),(-1.,-1.6419163961735172E-14,3.8658473109896299E-15),(-1.,-1.6419163961735172E-14,3.8658473109896299E-15),(-1.,-1.6419163961735172E-14,3.8658473109896299E-15),(-1.,-1.6419163961735172E-14,3.8658473109896299E-15),(-7.471875063112748E-14,1.7927866737191052E-13,-1.),(-7.471875063112748E-14,1.7927866737191052E-13,-1.),(-7.471875063112748E-14,1.7927866737191052E-13,-1.),(-7.471875063112748E-14,1.7927866737191052E-13,-1.),(-7.471875063112748E-14,1.7927866737191052E-13,-1.)),$,((3,2,1),(4,1,2),(5,1,4),(8,7,6),(9,6,7),(12,11,10),(13,10,11),(16,15,14),(17,14,15),(20,19,18),(21,18,19),(22,18,21),(23,22,21),(26,25,24),(28,27,25),(24,25,27)),$);
#587=IFCCARTESIANPOINTLIST3D(((1100.0000000000064,-8.6774699574311604E-28,-2.7366759525188424E-11),(-1.2938842147062241E-38,-120.00000000000298,6.0340664001981851E-11),(0.,0.,0.),(-6.2203464061163906E-39,-449.99999999999943,2.9008765096699562E-11),(200.00000000000117,-449.99999999999636,1.6420055715112513E-12),(200.00000000000117,-449.99999999999636,1.6420055715112513E-12),(1099.9999999999834,-1.5981314049895443E-10,-5054.499999999005),(199.99999999997519,-450.00000000015655,-5054.4999999990059),(1100.0000000000064,-8.6774699574311604E-28,-2.7366759525188424E-11),(1100.0000000000064,-8.6774699574311604E-28,-2.7366759525188424E-11),(-4.620233085006377E-11,-2.4734490011724117E-10,-5054.4999999988604),(1099.9999999999834,-1.5981314049895443E-10,-5054.499999999005),(0.,0.,0.),(-2.5988811103160396E-11,-450.00000000016007,-5054.4999999989786),(200.00000000000117,-449.99999999999636,1.6420055715112513E-12),(199.99999999997519,-450.00000000015655,-5054.4999999990059),(-6.2203464061163906E-39,-449.99999999999943,2.9008765096699562E-11),(-1.2938842147062241E-38,-120.00000000000298,6.0340664001981851E-11),(-4.620233085006377E-11,-2.4734490011724117E-10,-5054.4999999988604),(0.,0.,0.),(-2.3101165425031342E-11,-120.00000000016384,-5054.4999999989477),(-6.2203464061163906E-39,-449.99999999999943,2.9008765096699562E-11),(-2.5988811103160396E-11,-450.00000000016007,-5054.4999999989786),(199.99999999997519,-450.00000000015655,-5054.4999999990059),(-2.3101165425031342E-11,-120.00000000016384,-5054.4999999989477),(-2.5988811103160396E-11,-450.00000000016007,-5054.4999999989786),(1099.9999999999834,-1.5981314049895443E-10,-5054.499999999005),(-4.620233085006377E-11,-2.4734490011724117E-10,-5054.4999999988604)));
#588=IFCSTYLEDITEM(#586,(#165),$);
#589=IFCSHAPEREPRESENTATION(#12,'Body','Tessellation',(#586));
#590=IFCPRODUCTDEFINITIONSHAPE($,$,(#589));
#591=IFCBUILDINGSTOREY('3JCNkEnxX2HAIohFE8d0li',#1,'road carriageway - bridge road','The carriageway, providing a smooth driving surface on the bridge road.',$,#592,$,$,.ELEMENT.,2.6349766812927553E-11);
#592=IFCLOCALPLACEMENT(#563,#593);
#593=IFCAXIS2PLACEMENT3D(#594,#595,#596);
#594=IFCCARTESIANPOINT((0.,0.,0.));
#595=IFCDIRECTION((0.,0.,1.));
#596=IFCDIRECTION((1.,4.73449309792135E-30,-3.944304526105059E-31));
#597=IFCSLABTYPE('3ucD_5kjrChOD8t6xFPiRn',#1,'road base course - bridge road','A solid base course, providing support for the bridge road surface.',$,$,$,'1828121','subgradebed',.USERDEFINED.);
#598=IFCRELDEFINESBYTYPE('3It82ZE6P7ygWvHYlKd0sZ',#1,$,$,(#599,#727),#597);
#599=IFCSLAB('3nUgJwuKjBSgKNVqnDReQ_',#1,'road base course - bridge road','A solid base course, providing support for the bridge road surface.','subgradebed',#611,#620,'454425.1027893.1882581.1882584.953129.940411',$);
#600=IFCPROPERTYENUMERATEDVALUE('Status',$,(IFCLABEL('UNSET')),#58);
#601=IFCPROPERTYSINGLEVALUE('IsExternal',$,$,$);
#602=IFCPROPERTYSINGLEVALUE('LoadBearing',$,IFCBOOLEAN(.T.),$);
#603=IFCPROPERTYSET('0LC3BzCmTBkPftEMF$mE2C',#1,'Pset_SlabCommon',$,(#600,#601,#602));
#604=IFCRELDEFINESBYPROPERTIES('2ewoKZ5m57YunRYCiSo72C',#1,$,$,(#599),#603);
#605=IFCQUANTITYVOLUME('NetVolume',$,$,2.0572439999941388,$);
#606=IFCQUANTITYLENGTH('Depth',$,$,120.00000000000298,$);
#607=IFCQUANTITYAREA('NetArea',$,$,17.143699999950734,$);
#608=IFCELEMENTQUANTITY('1ACPwlLeP3eu0ASkWP1b0C',#1,'Qto_SlabBaseQuantities',$,$,(#605,#606,#607));
#609=IFCRELDEFINESBYPROPERTIES('32lu7aIc9FDAdLzisp2SdQ',#1,$,$,(#599),#608);
#610=IFCRELCONTAINEDINSPATIALSTRUCTURE('3qgeImp7L5aOXq_iMdrXW_',#1,$,$,(#599,#623,#646,#669),#591);
#611=IFCLOCALPLACEMENT(#592,#612);
#612=IFCAXIS2PLACEMENT3D(#613,#614,#615);
#613=IFCCARTESIANPOINT((8.0854078987613313E-11,-7560.2499999962693,-1.8047785488317828E-13));
#614=IFCDIRECTION((0.,0.,1.));
#615=IFCDIRECTION((1.,4.73449309792135E-30,-3.944304526105059E-31));
#616=IFCTRIANGULATEDFACESET(#617,((1.,-8.6597395920774296E-15,4.0306720923883677E-13),(1.,-8.6597395920774296E-15,4.0306720923883677E-13),(1.,-8.6597395920774296E-15,4.0306720923883677E-13),(1.,-8.6597395920774296E-15,4.0306720923883677E-13),(1.7749370367472762E-30,1.9721522630525299E-30,1.),(1.7749370367472762E-30,1.9721522630525299E-30,1.),(1.7749370367472762E-30,1.9721522630525299E-30,1.),(1.7749370367472762E-30,1.9721522630525299E-30,1.),(1.7749370367472762E-30,1.9721522630525299E-30,1.),(1.7749370367472762E-30,1.9721522630525299E-30,1.),(1.7749370367472762E-30,1.9721522630525299E-30,1.),(1.7749370367472762E-30,1.9721522630525299E-30,1.),(-1.1102230246248772E-16,-1.,-1.7612833858006401E-14),(-1.1102230246248772E-16,-1.,-1.7612833858006401E-14),(-1.1102230246248772E-16,-1.,-1.7612833858006401E-14),(-1.1102230246248772E-16,-1.,-1.7612833858006401E-14),(1.1102230246251427E-16,1.,8.3100474763712673E-16),(1.1102230246251427E-16,1.,8.3100474763712673E-16),(1.1102230246251427E-16,1.,8.3100474763712673E-16),(1.1102230246251427E-16,1.,8.3100474763712673E-16),(-1.,-1.060262988517148E-14,4.1209110198298982E-13),(-1.,-1.060262988517148E-14,4.1209110198298982E-13),(-1.,-1.060262988517148E-14,4.1209110198298982E-13),(-1.,-1.060262988517148E-14,4.1209110198298982E-13),(2.5066368733770457E-17,5.072761102009773E-14,-1.),(2.5066368733770457E-17,5.072761102009773E-14,-1.),(2.5066368733770457E-17,5.072761102009773E-14,-1.),(2.5066368733770457E-17,5.072761102009773E-14,-1.),(2.5066368733770457E-17,5.072761102009773E-14,-1.),(2.5066368733770457E-17,5.072761102009773E-14,-1.),(2.5066368733770457E-17,5.072761102009773E-14,-1.),(2.5066368733770457E-17,5.072761102009773E-14,-1.),(-6.6613381477509373E-16,1.,7.819243181297013E-17),(-6.6613381477509373E-16,1.,7.819243181297013E-17),(-6.6613381477509373E-16,1.,7.819243181297013E-17),(-6.6613381477509373E-16,1.,7.819243181297013E-17),(-1.,-5.5511151231257642E-17,-5.4415925595178135E-17),(-1.,-5.5511151231257642E-17,-5.4415925595178135E-17),(-1.,-5.5511151231257642E-17,-5.4415925595178135E-17),(-1.,-5.5511151231257642E-17,-5.4415925595178135E-17),(6.6613381477509373E-16,-1.,-7.8192431812969735E-17),(6.6613381477509373E-16,-1.,-7.8192431812969735E-17),(6.6613381477509373E-16,-1.,-7.8192431812969735E-17),(6.6613381477509373E-16,-1.,-7.8192431812969735E-17),(1.,1.4988010832439615E-15,5.4415925595178345E-17),(1.,1.4988010832439615E-15,5.4415925595178345E-17),(1.,1.4988010832439615E-15,5.4415925595178345E-17),(1.,1.4988010832439615E-15,5.4415925595178345E-17)),$,((1,2,3),(2,1,4),(5,6,7),(6,5,8),(7,6,9),(6,8,10),(10,8,11),(11,8,12),(9,12,7),(12,9,11),(13,14,15),(14,13,16),(17,18,19),(18,17,20),(21,22,23),(22,21,24),(25,26,27),(26,25,28),(26,28,29),(28,25,30),(30,25,31),(31,25,32),(29,32,26),(32,29,31),(33,34,35),(34,33,36),(37,38,39),(38,37,40),(41,42,43),(42,41,44),(45,46,47),(46,45,48)),$);
#617=IFCCARTESIANPOINTLIST3D(((1800.0000000000155,-2439.7499999956285,-489.99999999999505),(1800.0000000000184,2439.7499999956285,-369.99999999999221),(1800.0000000000271,-2439.7499999956399,-369.99999999999216),(1800.0000000001107,2439.749999995634,-489.99999999974705),(-1799.9999999999809,-2439.7499999956285,-369.99999999999221),(-325.00000000091387,-2389.7500000114123,-369.99999999999216),(-1799.9999999999779,2439.7499999956399,-369.99999999999221),(1800.0000000000271,-2439.7499999956399,-369.99999999999216),(-325.00000000092251,-1739.750000011416,-369.99999999999204),(324.99999999908283,-2389.7500000114123,-369.99999999999216),(324.99999999908289,-1739.750000011416,-369.99999999999204),(1800.0000000000184,2439.7499999956285,-369.99999999999221),(1800.0000000000271,-2439.7499999956399,-369.99999999999216),(-1799.9999999999809,-2439.7499999956285,-489.99999999999505),(1800.0000000000155,-2439.7499999956285,-489.99999999999505),(-1799.9999999999809,-2439.7499999956285,-369.99999999999221),(-1799.9999999999779,2439.7499999956399,-369.99999999999221),(1800.0000000001107,2439.749999995634,-489.99999999974705),(-1800.0000000000819,2439.749999995634,-489.99999999974722),(1800.0000000000184,2439.7499999956285,-369.99999999999221),(-1799.9999999999779,2439.7499999956399,-369.99999999999221),(-1799.9999999999809,-2439.7499999956285,-489.99999999999505),(-1799.9999999999809,-2439.7499999956285,-369.99999999999221),(-1800.0000000000819,2439.749999995634,-489.99999999974722),(1800.0000000001107,2439.749999995634,-489.99999999974705),(-1799.9999999999809,-2439.7499999956285,-489.99999999999505),(-1800.0000000000819,2439.749999995634,-489.99999999974722),(-325.00000000091381,-1739.750000011416,-489.99999999999432),(-325.00000000091677,-2389.7500000114183,-489.9999999999938),(324.99999999907999,-1739.750000011416,-489.9999999999938),(324.99999999908283,-2389.7500000114183,-489.99999999999386),(1800.0000000000155,-2439.7499999956285,-489.99999999999505),(-325.00000000091677,-2389.7500000114183,-489.9999999999938),(324.99999999908283,-2389.7500000114123,-369.99999999999216),(324.99999999908283,-2389.7500000114183,-489.99999999999386),(-325.00000000091387,-2389.7500000114123,-369.99999999999216),(324.99999999908283,-2389.7500000114123,-369.99999999999216),(324.99999999907999,-1739.750000011416,-489.9999999999938),(324.99999999908283,-2389.7500000114183,-489.99999999999386),(324.99999999908289,-1739.750000011416,-369.99999999999204),(324.99999999907999,-1739.750000011416,-489.9999999999938),(-325.00000000092251,-1739.750000011416,-369.99999999999204),(-325.00000000091381,-1739.750000011416,-489.99999999999432),(324.99999999908289,-1739.750000011416,-369.99999999999204),(-325.00000000091381,-1739.750000011416,-489.99999999999432),(-325.00000000091387,-2389.7500000114123,-369.99999999999216),(-325.00000000091677,-2389.7500000114183,-489.9999999999938),(-325.00000000092251,-1739.750000011416,-369.99999999999204)));
#618=IFCSTYLEDITEM(#616,(#165),$);
#619=IFCSHAPEREPRESENTATION(#12,'Body','Tessellation',(#616));
#620=IFCPRODUCTDEFINITIONSHAPE($,$,(#619));
#621=IFCSLABTYPE('2rOCTfPmDCz95amGDvgELY',#1,'bridge road - road asphalt binder course','A durable asphalt binder course, forming a key layer of the bridge road.',$,$,$,'937696','core',.USERDEFINED.);
#622=IFCRELDEFINESBYTYPE('15C0$DV4fFmft4FQlL9AkY',#1,$,$,(#623,#749),#621);
#623=IFCSLAB('2B7GjowjDAyvkWvj3mcysp',#1,'bridge road - road asphalt binder course','A durable asphalt binder course, forming a key layer of the bridge road.','core',#634,#643,'454425.1027893.1882581.1882584.953129.940413',$);
#624=IFCPROPERTYENUMERATEDVALUE('Status',$,(IFCLABEL('UNSET')),#58);
#625=IFCPROPERTYSINGLEVALUE('IsExternal',$,IFCBOOLEAN(.T.),$);
#626=IFCPROPERTYSINGLEVALUE('LoadBearing',$,IFCBOOLEAN(.T.),$);
#627=IFCPROPERTYSET('3BBu1l5DvFYxGtQ0QdIZza',#1,'Pset_SlabCommon',$,(#624,#625,#626));
#628=IFCRELDEFINESBYPROPERTIES('0_e2BPs4r0oxa$KjWkEDNY',#1,$,$,(#623),#627);
#629=IFCQUANTITYVOLUME('NetVolume',$,$,0.72058399430484876,$);
#630=IFCQUANTITYLENGTH('Depth',$,$,80.000000000001322,$);
#631=IFCQUANTITYAREA('NetArea',$,$,9.0072999288104612,$);
#632=IFCELEMENTQUANTITY('1KkCOyNYP9eRV7XKx2BTk8',#1,'Qto_SlabBaseQuantities',$,$,(#629,#630,#631));
#633=IFCRELDEFINESBYPROPERTIES('0amU7zLPbEuPC1PzJNQWoD',#1,$,$,(#623),#632);
#634=IFCLOCALPLACEMENT(#592,#635);
#635=IFCAXIS2PLACEMENT3D(#636,#637,#638);
#636=IFCCARTESIANPOINT((0.,0.,0.));
#637=IFCDIRECTION((0.,0.,1.));
#638=IFCDIRECTION((1.,4.73449309792135E-30,-3.944304526105059E-31));
#639=IFCTRIANGULATEDFACESET(#640,((-7.5209678947797825E-31,0.99503719021004833,0.099503719020406778),(-7.5209678947797825E-31,0.99503719021004833,0.099503719020406778),(-7.5209678947797825E-31,0.99503719021004833,0.099503719020406778),(-7.5209678947797825E-31,0.99503719021004833,0.099503719020406778),(-1.,5.551115123126415E-17,0.),(-1.,5.551115123126415E-17,0.),(-1.,5.551115123126415E-17,0.),(-1.,5.551115123126415E-17,0.),(-5.0338485836326877E-21,2.7663952507922987E-16,1.),(-5.0338485836326877E-21,2.7663952507922987E-16,1.),(-5.0338485836326877E-21,2.7663952507922987E-16,1.),(-5.0338485836326877E-21,2.7663952507922987E-16,1.),(-5.0338485836326877E-21,2.7663952507922987E-16,1.),(-5.0338485836326877E-21,2.7663952507922987E-16,1.),(-5.0338485836326877E-21,2.7663952507922987E-16,1.),(-5.0338485836326877E-21,2.7663952507922987E-16,1.),(6.3108872417680888E-30,-1.,0.),(6.3108872417680888E-30,-1.,0.),(6.3108872417680888E-30,-1.,0.),(6.3108872417680888E-30,-1.,0.),(2.3550059173736579E-18,9.9129450683039747E-19,-1.),(2.3550059173736579E-18,9.9129450683039747E-19,-1.),(2.3550059173736579E-18,9.9129450683039747E-19,-1.),(2.3550059173736579E-18,9.9129450683039747E-19,-1.),(2.3550059173736579E-18,9.9129450683039747E-19,-1.),(2.3550059173736579E-18,9.9129450683039747E-19,-1.),(2.3550059173736579E-18,9.9129450683039747E-19,-1.),(2.3550059173736579E-18,9.9129450683039747E-19,-1.),(1.,-5.551115123126415E-17,0.),(1.,-5.551115123126415E-17,0.),(1.,-5.551115123126415E-17,0.),(1.,-5.551115123126415E-17,0.),(-3.8212510079258892E-15,-1.,-2.9936039337708116E-15),(-3.8212510079258892E-15,-1.,-2.9936039337708116E-15),(-3.8212510079258892E-15,-1.,-2.9936039337708116E-15),(-3.8212510079258892E-15,-1.,-2.9936039337708116E-15),(1.,-7.4169046972481852E-15,7.221469201239924E-15),(1.,-7.4169046972481852E-15,7.221469201239924E-15),(1.,-7.4169046972481852E-15,7.221469201239924E-15),(1.,-7.4169046972481852E-15,7.221469201239924E-15),(1.599985101672869E-15,1.,2.9936039337699632E-15),(1.599985101672869E-15,1.,2.9936039337699632E-15),(1.599985101672869E-15,1.,2.9936039337699632E-15),(1.599985101672869E-15,1.,2.9936039337699632E-15),(-1.,3.8420548793720282E-15,2.1260192272493606E-14),(-1.,3.8420548793720282E-15,2.1260192272493606E-14),(-1.,3.8420548793720282E-15,2.1260192272493606E-14),(-1.,3.8420548793720282E-15,2.1260192272493606E-14)),$,((1,2,3),(2,1,4),(5,6,7),(6,5,8),(9,10,11),(10,9,12),(10,12,13),(13,12,14),(11,15,16),(15,11,10),(16,15,14),(16,14,12),(17,18,19),(18,17,20),(21,22,23),(22,21,24),(22,24,25),(24,21,26),(26,21,27),(25,28,22),(28,25,27),(28,27,21),(29,30,31),(30,29,32),(33,34,35),(34,33,36),(37,38,39),(38,37,40),(41,42,43),(42,41,44),(45,46,47),(46,45,48)),$);
#640=IFCCARTESIANPOINTLIST3D(((-1799.9999999999841,-7384.6111308859709,-39.999999999995964),(1800.0000000000289,-7376.6111308860181,-119.99999999999653),(-1799.9999999999848,-7376.6111308860191,-119.99999999999653),(1800.0000000000291,-7384.6111308859699,-39.999999999995964),(-1799.9999999999841,-7384.6111308859709,-39.999999999995964),(-1799.9999999999845,-10000.000000000009,-119.99999999999653),(-1799.9999999999848,-10000.000000000009,-39.999999999995239),(-1799.9999999999848,-7376.6111308860191,-119.99999999999653),(-1799.9999999999848,-10000.000000000009,-39.999999999995239),(-325.00000000082576,-9950.0000000076834,-39.999999999995829),(-1799.9999999999841,-7384.6111308859709,-39.999999999995964),(1800.0000000000284,-10000.000000000009,-39.999999999995239),(324.99999999917424,-9950.0000000076816,-39.999999999995822),(324.99999999917929,-9300.0000000076834,-39.999999999995971),(-325.00000000082088,-9300.0000000076834,-39.999999999995993),(1800.0000000000291,-7384.6111308859699,-39.999999999995964),(1800.0000000000284,-10000.000000000009,-39.999999999995239),(-1799.9999999999845,-10000.000000000009,-119.99999999999653),(1800.0000000000289,-10000.000000000009,-119.99999999999653),(-1799.9999999999848,-10000.000000000009,-39.999999999995239),(1800.0000000000289,-7376.6111308860181,-119.99999999999653),(-1799.9999999999845,-10000.000000000009,-119.99999999999653),(-1799.9999999999848,-7376.6111308860191,-119.99999999999653),(-325.00000000082042,-9300.0000000076834,-119.99999999999653),(-325.00000000082508,-9950.0000000076834,-119.99999999999653),(324.99999999917509,-9300.0000000076834,-119.99999999999653),(324.99999999917509,-9950.0000000076816,-119.99999999999656),(1800.0000000000289,-10000.000000000009,-119.99999999999653),(1800.0000000000289,-7376.6111308860181,-119.99999999999653),(1800.0000000000284,-10000.000000000009,-39.999999999995239),(1800.0000000000289,-10000.000000000009,-119.99999999999653),(1800.0000000000291,-7384.6111308859699,-39.999999999995964),(324.99999999917929,-9300.0000000076834,-39.999999999995971),(-325.00000000082042,-9300.0000000076834,-119.99999999999653),(324.99999999917509,-9300.0000000076834,-119.99999999999653),(-325.00000000082088,-9300.0000000076834,-39.999999999995993),(-325.00000000082042,-9300.0000000076834,-119.99999999999653),(-325.00000000082576,-9950.0000000076834,-39.999999999995829),(-325.00000000082508,-9950.0000000076834,-119.99999999999653),(-325.00000000082088,-9300.0000000076834,-39.999999999995993),(-325.00000000082508,-9950.0000000076834,-119.99999999999653),(324.99999999917424,-9950.0000000076816,-39.999999999995822),(324.99999999917509,-9950.0000000076816,-119.99999999999656),(-325.00000000082576,-9950.0000000076834,-39.999999999995829),(324.99999999917929,-9300.0000000076834,-39.999999999995971),(324.99999999917509,-9950.0000000076816,-119.99999999999656),(324.99999999917424,-9950.0000000076816,-39.999999999995822),(324.99999999917509,-9300.0000000076834,-119.99999999999653)));
#641=IFCSTYLEDITEM(#639,(#81),$);
#642=IFCSHAPEREPRESENTATION(#12,'Body','Tessellation',(#639));
#643=IFCPRODUCTDEFINITIONSHAPE($,$,(#642));
#644=IFCSLABTYPE('1YXLWnen16ivJuQMhuaOJK',#1,'road subgrade - bridge road','A stable subgrade, forming the foundation of the bridge road.',$,$,$,'938361','subgrade',.USERDEFINED.);
#645=IFCRELDEFINESBYTYPE('23UE6AAvPA2wzCi3gswYLk',#1,$,$,(#646,#770),#644);
#646=IFCSLAB('24yB027vXAnwvB5wEFTdUW',#1,'road subgrade - bridge road','A stable subgrade, forming the foundation of the bridge road.','subgrade',#657,#666,'454425.1027893.1882581.1882584.953129.940414',$);
#647=IFCPROPERTYENUMERATEDVALUE('Status',$,(IFCLABEL('UNSET')),#58);
#648=IFCPROPERTYSINGLEVALUE('IsExternal',$,IFCBOOLEAN(.T.),$);
#649=IFCPROPERTYSINGLEVALUE('LoadBearing',$,IFCBOOLEAN(.T.),$);
#650=IFCPROPERTYSET('3cOi3QPiLDdBITb5t9gCx7',#1,'Pset_SlabCommon',$,(#647,#648,#649));
#651=IFCRELDEFINESBYPROPERTIES('0$Ole1FZrESf72Fnpb8dOT',#1,$,$,(#646),#650);
#652=IFCQUANTITYVOLUME('NetVolume',$,$,4.5551511641712397,$);
#653=IFCQUANTITYLENGTH('Depth',$,$,395.8136006661577,$);
#654=IFCQUANTITYAREA('NetArea',$,$,11.508324010354572,$);
#655=IFCELEMENTQUANTITY('1lzQz7Ovb258vnRXPrX1Ur',#1,'Qto_SlabBaseQuantities',$,$,(#652,#653,#654));
#656=IFCRELDEFINESBYPROPERTIES('31vxc0Rg1BO9u63dN80Ohk',#1,$,$,(#646),#655);
#657=IFCLOCALPLACEMENT(#592,#658);
#658=IFCAXIS2PLACEMENT3D(#659,#660,#661);
#659=IFCCARTESIANPOINT((0.,0.,0.));
#660=IFCDIRECTION((0.,0.,1.));
#661=IFCDIRECTION((1.,4.73449309792135E-30,-3.944304526105059E-31));
#662=IFCTRIANGULATEDFACESET(#663,((1.,2.3665827156630354E-30,-7.9582303447161823E-16),(1.,2.3665827156630354E-30,-7.9582303447161823E-16),(1.,2.3665827156630354E-30,-7.9582303447161823E-16),(1.,2.3665827156630354E-30,-7.9582303447161823E-16),(1.,2.3665827156630354E-30,-7.9582303447161823E-16),(1.,2.3665827156630354E-30,-7.9582303447161823E-16),(1.,2.3665827156630354E-30,-7.9582303447161823E-16),(1.1102230246235097E-16,1.,1.0408201073375601E-13),(1.1102230246235097E-16,1.,1.0408201073375601E-13),(1.1102230246235097E-16,1.,1.0408201073375601E-13),(1.1102230246235097E-16,1.,1.0408201073375601E-13),(1.1102230246235097E-16,1.,1.0408201073375601E-13),(1.1102230246235097E-16,1.,1.0408201073375601E-13),(-1.,-5.5511151231227641E-17,-1.0078613754329445E-14),(-1.,-5.5511151231227641E-17,-1.0078613754329445E-14),(-1.,-5.5511151231227641E-17,-1.0078613754329445E-14),(-1.,-5.5511151231227641E-17,-1.0078613754329445E-14),(-1.,-5.5511151231227641E-17,-1.0078613754329445E-14),(-1.,-5.5511151231227641E-17,-1.0078613754329445E-14),(-1.,-5.5511151231227641E-17,-1.0078613754329445E-14),(1.8245961432259226E-14,-2.504262349431959E-14,1.),(1.8245961432259226E-14,-2.504262349431959E-14,1.),(1.8245961432259226E-14,-2.504262349431959E-14,1.),(1.8245961432259226E-14,-2.504262349431959E-14,1.),(1.8245961432259226E-14,-2.504262349431959E-14,1.),(1.8245961432259226E-14,-2.504262349431959E-14,1.),(1.8245961432259226E-14,-2.504262349431959E-14,1.),(1.8245961432259226E-14,-2.504262349431959E-14,1.),(3.728411848925023E-15,0.99503719020997627,0.099503719021127604),(3.728411848925023E-15,0.99503719020997627,0.099503719021127604),(3.728411848925023E-15,0.99503719020997627,0.099503719021127604),(3.728411848925023E-15,0.99503719020997627,0.099503719021127604),(8.27260307701615E-15,-0.099503719020954687,0.99503719020999359),(8.27260307701615E-15,-0.099503719020954687,0.99503719020999359),(8.27260307701615E-15,-0.099503719020954687,0.99503719020999359),(8.27260307701615E-15,-0.099503719020954687,0.99503719020999359),(-1.1102230246251558E-16,-1.,3.9443045261050573E-31),(-1.1102230246251558E-16,-1.,3.9443045261050573E-31),(-1.1102230246251558E-16,-1.,3.9443045261050573E-31),(-1.1102230246251558E-16,-1.,3.9443045261050573E-31),(-3.9115862660728516E-18,2.2838162031653414E-18,-1.),(-3.9115862660728516E-18,2.2838162031653414E-18,-1.),(-3.9115862660728516E-18,2.2838162031653414E-18,-1.),(-3.9115862660728516E-18,2.2838162031653414E-18,-1.),(-3.9115862660728516E-18,2.2838162031653414E-18,-1.),(-3.9115862660728516E-18,2.2838162031653414E-18,-1.),(-3.9115862660728516E-18,2.2838162031653414E-18,-1.),(-3.9115862660728516E-18,2.2838162031653414E-18,-1.),(-1.665334536937738E-15,-1.,2.7816874224876197E-15),(-1.665334536937738E-15,-1.,2.7816874224876197E-15),(-1.665334536937738E-15,-1.,2.7816874224876197E-15),(-1.665334536937738E-15,-1.,2.7816874224876197E-15),(1.,2.6645352591003272E-15,1.6290481409112566E-14),(1.,2.6645352591003272E-15,1.6290481409112566E-14),(1.,2.6645352591003272E-15,1.6290481409112566E-14),(1.,2.6645352591003272E-15,1.6290481409112566E-14),(2.7200464103316312E-15,1.,1.0595825564074923E-16),(2.7200464103316312E-15,1.,1.0595825564074923E-16),(2.7200464103316312E-15,1.,1.0595825564074923E-16),(2.7200464103316312E-15,1.,1.0595825564074923E-16),(-1.,-2.6090241078690686E-15,-1.6380720336554708E-14),(-1.,-2.6090241078690686E-15,-1.6380720336554708E-14),(-1.,-2.6090241078690686E-15,-1.6380720336554708E-14),(-1.,-2.6090241078690686E-15,-1.6380720336554708E-14)),$,((1,2,3),(2,1,4),(2,4,5),(4,1,6),(6,1,7),(8,9,10),(9,8,11),(11,8,12),(12,8,13),(14,15,16),(15,14,17),(15,17,18),(18,17,19),(18,19,20),(21,22,23),(22,21,24),(24,21,25),(25,21,26),(23,26,27),(26,23,28),(28,23,22),(26,28,25),(29,30,31),(30,29,32),(33,34,35),(34,33,36),(37,38,39),(38,37,40),(41,42,43),(42,41,44),(44,41,45),(46,47,48),(47,46,43),(47,43,42),(48,47,45),(48,45,41),(49,50,51),(50,49,52),(53,54,55),(54,53,56),(57,58,59),(58,57,60),(61,62,63),(62,61,64)),$);
#663=IFCCARTESIANPOINTLIST3D(((1800.0000000000123,-5120.5000000001764,-369.99999999999238),(1800.0000000000177,-10000.000000000033,-119.99999999999577),(1800.0000000000118,-10000.000000000033,-369.99999999999238),(1800.0000000000064,-7368.7103870818091,-199.00743804199541),(1800.0000000000123,-7376.6111308860254,-119.99999999999574),(1800.0000000000123,-5120.500000000211,25.813600666165328),(1800.000000000018,-5120.5000000001655,-119.99999999999579),(-1799.9999999999811,-5120.5000000001592,-119.99999999999577),(1800.0000000000123,-5120.5000000001764,-369.99999999999238),(-1799.9999999999841,-5120.5000000001592,-369.99999999999238),(1800.000000000018,-5120.5000000001655,-119.99999999999579),(1800.0000000000123,-5120.500000000211,25.813600666165328),(-1799.9999999999898,-5120.5000000002055,25.813600666093855),(-1799.9999999999957,-7376.6111308860191,-119.9999999998644),(-1799.9999999999902,-10000.000000000033,-369.99999999999238),(-1799.9999999999902,-10000.000000000033,-119.99999999999579),(-1799.9999999999957,-7368.7103870818146,-199.00743804186402),(-1799.9999999999841,-5120.5000000001592,-369.99999999999238),(-1799.9999999999898,-5120.5000000002055,25.813600666093855),(-1799.9999999999811,-5120.5000000001592,-119.99999999999577),(1800.0000000000177,-10000.000000000033,-119.99999999999577),(-325.00000000083054,-9950.0000000076852,-119.99999999997891),(-1799.9999999999902,-10000.000000000033,-119.99999999999579),(324.99999999917486,-9950.0000000076798,-119.99999999999081),(324.99999999917492,-9300.0000000076907,-119.99999999997711),(1800.0000000000123,-7376.6111308860254,-119.99999999999574),(-1799.9999999999957,-7376.6111308860191,-119.9999999998644),(-325.00000000082764,-9300.0000000076907,-119.99999999996528),(-1799.9999999999957,-7368.7103870818146,-199.00743804186402),(1800.0000000000123,-7376.6111308860254,-119.99999999999574),(1800.0000000000064,-7368.7103870818091,-199.00743804199541),(-1799.9999999999957,-7376.6111308860191,-119.9999999998644),(1800.0000000000064,-7368.7103870818091,-199.00743804199541),(-1799.9999999999898,-5120.5000000002055,25.813600666093855),(-1799.9999999999957,-7368.7103870818146,-199.00743804186402),(1800.0000000000123,-5120.500000000211,25.813600666165328),(1800.0000000000177,-10000.000000000033,-119.99999999999577),(-1799.9999999999902,-10000.000000000033,-369.99999999999238),(1800.0000000000118,-10000.000000000033,-369.99999999999238),(-1799.9999999999902,-10000.000000000033,-119.99999999999579),(1800.0000000000123,-5120.5000000001764,-369.99999999999238),(-325.00000000082764,-9300.0000000076834,-369.99999999999238),(-1799.9999999999841,-5120.5000000001592,-369.99999999999238),(324.99999999916912,-9300.0000000076834,-369.99999999999238),(324.99999999917776,-9950.0000000076798,-369.99999999999238),(-1799.9999999999902,-10000.000000000033,-369.99999999999238),(-325.0000000008219,-9950.0000000076852,-369.99999999999238),(1800.0000000000118,-10000.000000000033,-369.99999999999238),(324.99999999917492,-9300.0000000076907,-119.99999999997711),(-325.00000000082764,-9300.0000000076834,-369.99999999999238),(324.99999999916912,-9300.0000000076834,-369.99999999999238),(-325.00000000082764,-9300.0000000076907,-119.99999999996528),(-325.00000000082764,-9300.0000000076834,-369.99999999999238),(-325.00000000083054,-9950.0000000076852,-119.99999999997891),(-325.0000000008219,-9950.0000000076852,-369.99999999999238),(-325.00000000082764,-9300.0000000076907,-119.99999999996528),(-325.00000000083054,-9950.0000000076852,-119.99999999997891),(324.99999999917776,-9950.0000000076798,-369.99999999999238),(-325.0000000008219,-9950.0000000076852,-369.99999999999238),(324.99999999917486,-9950.0000000076798,-119.99999999999081),(324.99999999917492,-9300.0000000076907,-119.99999999997711),(324.99999999917776,-9950.0000000076798,-369.99999999999238),(324.99999999917486,-9950.0000000076798,-119.99999999999081),(324.99999999916912,-9300.0000000076834,-369.99999999999238)));
#664=IFCSTYLEDITEM(#662,(#137),$);
#665=IFCSHAPEREPRESENTATION(#12,'Body','Tessellation',(#662));
#666=IFCPRODUCTDEFINITIONSHAPE($,$,(#665));
#667=IFCSLABTYPE('37sfwh1Dz0oBz8ltSruelK',#1,'road asphalt surface course - bridge road','A smooth asphalt surface, providing a durable driving layer on the bridge road.',$,$,$,'938489','pavement',.USERDEFINED.);
#668=IFCRELDEFINESBYTYPE('3cGPbQkdb0FADEcQ_zWb6W',#1,$,$,(#669,#791),#667);
#669=IFCSLAB('0GfyK6YKbBBOLGVolBxAx4',#1,'road asphalt surface course - bridge road','A smooth asphalt surface, providing a durable driving layer on the bridge road.','pavement',#675,#684,'454425.1027893.1882581.1882584.953129.940412',$);
#670=IFCPROPERTYENUMERATEDVALUE('Status',$,(IFCLABEL('UNSET')),#58);
#671=IFCPROPERTYSINGLEVALUE('IsExternal',$,$,$);
#672=IFCPROPERTYSINGLEVALUE('LoadBearing',$,IFCBOOLEAN(.T.),$);
#673=IFCPROPERTYSET('0eFlAR80vETvojSwKqxdkz',#1,'Pset_SlabCommon',$,(#670,#671,#672));
#674=IFCRELDEFINESBYPROPERTIES('3rSxNxceL8uv3fIcEkqWz2',#1,$,$,(#669),#673);
#675=IFCLOCALPLACEMENT(#592,#676);
#676=IFCAXIS2PLACEMENT3D(#677,#678,#679);
#677=IFCCARTESIANPOINT((0.,0.,0.));
#678=IFCDIRECTION((0.,0.,1.));
#679=IFCDIRECTION((1.,4.73449309792135E-30,-3.944304526105059E-31));
#680=IFCTRIANGULATEDFACESET(#681,((5.0876507751321025E-16,0.99503719021004833,0.099503719020406778),(5.0876507751321025E-16,0.99503719021004833,0.099503719020406778),(5.0876507751321025E-16,0.99503719021004833,0.099503719020406778),(5.0876507751321025E-16,0.99503719021004833,0.099503719020406778),(1.,2.2204460492503126E-16,0.),(1.,2.2204460492503126E-16,0.),(1.,2.2204460492503126E-16,0.),(1.,2.2204460492503126E-16,0.),(7.8835787151804552E-19,-1.6932402105892217E-18,-1.),(7.8835787151804552E-19,-1.6932402105892217E-18,-1.),(7.8835787151804552E-19,-1.6932402105892217E-18,-1.),(7.8835787151804552E-19,-1.6932402105892217E-18,-1.),(7.8835787151804552E-19,-1.6932402105892217E-18,-1.),(7.8835787151804552E-19,-1.6932402105892217E-18,-1.),(7.8835787151804552E-19,-1.6932402105892217E-18,-1.),(7.8835787151804552E-19,-1.6932402105892217E-18,-1.),(-3.8857805861880449E-16,-1.,0.),(-3.8857805861880449E-16,-1.,0.),(-3.8857805861880449E-16,-1.,0.),(-3.8857805861880449E-16,-1.,0.),(-1.3805065841367703E-30,2.761013168273542E-30,1.),(-1.3805065841367703E-30,2.761013168273542E-30,1.),(-1.3805065841367703E-30,2.761013168273542E-30,1.),(-1.3805065841367703E-30,2.761013168273542E-30,1.),(-1.3805065841367703E-30,2.761013168273542E-30,1.),(-1.3805065841367703E-30,2.761013168273542E-30,1.),(-1.3805065841367703E-30,2.761013168273542E-30,1.),(-1.3805065841367703E-30,2.761013168273542E-30,1.),(-1.,-2.2204460492503126E-16,0.),(-1.,-2.2204460492503126E-16,0.),(-1.,-2.2204460492503126E-16,0.),(-1.,-2.2204460492503126E-16,0.),(3.0531133177192014E-15,1.,-1.5054181554536385E-14),(3.0531133177192014E-15,1.,-1.5054181554536385E-14),(3.0531133177192014E-15,1.,-1.5054181554536385E-14),(3.0531133177192014E-15,1.,-1.5054181554536385E-14),(1.,-3.6082248300315907E-15,-5.65097733043425E-14),(1.,-3.6082248300315907E-15,-5.65097733043425E-14),(1.,-3.6082248300315907E-15,-5.65097733043425E-14),(1.,-3.6082248300315907E-15,-5.65097733043425E-14),(-1.,3.9968028886507702E-15,-6.8696738520783648E-14),(-1.,3.9968028886507702E-15,-6.8696738520783648E-14),(-1.,3.9968028886507702E-15,-6.8696738520783648E-14),(-1.,3.9968028886507702E-15,-6.8696738520783648E-14),(-4.2188474935755878E-15,-1.,-2.9936039337701194E-15),(-4.2188474935755878E-15,-1.,-2.9936039337701194E-15),(-4.2188474935755878E-15,-1.,-2.9936039337701194E-15),(-4.2188474935755878E-15,-1.,-2.9936039337701194E-15)),$,((1,2,3),(2,1,4),(5,6,7),(6,5,8),(9,10,11),(10,9,12),(10,12,13),(13,12,14),(15,11,16),(11,15,9),(16,11,14),(16,14,12),(17,18,19),(18,17,20),(21,22,23),(22,21,24),(23,22,25),(22,24,26),(26,24,27),(25,27,23),(27,25,28),(27,28,26),(29,30,31),(30,29,32),(33,34,35),(34,33,36),(37,38,39),(38,37,40),(41,42,43),(42,41,44),(45,46,47),(46,45,48)),$);
#681=IFCCARTESIANPOINTLIST3D(((-1799.9999999999725,-7388.6111308859472,4.3341111820947332E-12),(1800.0000000000239,-7384.6111308859709,-39.999999999995957),(-1799.999999999987,-7384.6111308859709,-39.999999999995971),(1800.0000000000239,-7388.6111308859527,4.3313093374670805E-12),(1800.0000000000239,-7384.6111308859709,-39.999999999995957),(1800.0000000000321,-10000.000000000009,4.3307924359063099E-12),(1800.0000000000321,-10000.000000000009,-39.999999999995957),(1800.0000000000239,-7388.6111308859527,4.3313093374670805E-12),(-1799.999999999987,-7384.6111308859709,-39.999999999995971),(-325.00000000082474,-9300.000000007678,-39.999999999995964),(-325.00000000083344,-9950.0000000076798,-39.999999999995964),(1800.0000000000239,-7384.6111308859709,-39.999999999995957),(324.99999999916332,-9300.0000000076834,-39.99999999999595),(324.99999999917486,-9950.0000000076852,-39.99999999999595),(-1799.9999999999932,-10000.000000000009,-39.999999999995943),(1800.0000000000321,-10000.000000000009,-39.999999999995957),(1800.0000000000321,-10000.000000000009,4.3307924359063099E-12),(-1799.9999999999932,-10000.000000000009,-39.999999999995943),(1800.0000000000321,-10000.000000000009,-39.999999999995957),(-1799.9999999999932,-10000.000000000009,4.333594280534003E-12),(-1799.9999999999932,-10000.000000000009,4.333594280534003E-12),(-325.000000000819,-9950.0000000076798,4.3344699208686615E-12),(-1799.9999999999725,-7388.6111308859472,4.3341111820947332E-12),(1800.0000000000321,-10000.000000000009,4.3307924359063099E-12),(-325.00000000082474,-9300.000000007678,4.3345356048612247E-12),(324.99999999917486,-9950.0000000076852,4.3472805406451975E-12),(1800.0000000000239,-7388.6111308859527,4.3313093374670805E-12),(324.99999999916332,-9300.0000000076834,4.3473462246377598E-12),(-1799.9999999999725,-7388.6111308859472,4.3341111820947332E-12),(-1799.9999999999932,-10000.000000000009,-39.999999999995943),(-1799.9999999999932,-10000.000000000009,4.333594280534003E-12),(-1799.999999999987,-7384.6111308859709,-39.999999999995971),(-325.000000000819,-9950.0000000076798,4.3344699208686615E-12),(324.99999999917486,-9950.0000000076852,-39.99999999999595),(-325.00000000083344,-9950.0000000076798,-39.999999999995964),(324.99999999917486,-9950.0000000076852,4.3472805406451975E-12),(-325.00000000082474,-9300.000000007678,-39.999999999995964),(-325.000000000819,-9950.0000000076798,4.3344699208686615E-12),(-325.00000000083344,-9950.0000000076798,-39.999999999995964),(-325.00000000082474,-9300.000000007678,4.3345356048612247E-12),(324.99999999916332,-9300.0000000076834,4.3473462246377598E-12),(324.99999999917486,-9950.0000000076852,-39.99999999999595),(324.99999999917486,-9950.0000000076852,4.3472805406451975E-12),(324.99999999916332,-9300.0000000076834,-39.99999999999595),(324.99999999916332,-9300.0000000076834,-39.99999999999595),(-325.00000000082474,-9300.000000007678,4.3345356048612247E-12),(-325.00000000082474,-9300.000000007678,-39.999999999995964),(324.99999999916332,-9300.0000000076834,4.3473462246377598E-12)));
#682=IFCSTYLEDITEM(#680,(#109),$);
#683=IFCSHAPEREPRESENTATION(#12,'Body','Tessellation',(#680));
#684=IFCPRODUCTDEFINITIONSHAPE($,$,(#683));
#685=IFCBUILDING('1Engm$GMHEoAv0uoo9qvMb',#1,'bridge road connection','A connection point, linking the bridge road to other infrastructure.',$,#686,$,$,.COMPLEX.,0.,0.,$);
#686=IFCLOCALPLACEMENT(#549,#687);
#687=IFCAXIS2PLACEMENT3D(#688,#689,#690);
#688=IFCCARTESIANPOINT((-6.0640559240709988E-11,2.3101165425032377E-10,2.7495801191435022E-10));
#689=IFCDIRECTION((0.,0.,1.));
#690=IFCDIRECTION((-1.,6.8278716014447127E-15,0.));
#691=IFCBUILDING('1gawLKQN1FlOdzrZDos6Gg',#1,'bridge - road segment','A segment of the bridge road, connecting various parts of the infrastructure.','roadsegment',#693,$,$,.PARTIAL.,0.,0.,$);
#692=IFCRELAGGREGATES('0EnRbvivL3TA0gKE_$3gTK',#1,'bridge road connection container',$,#685,(#691));
#693=IFCLOCALPLACEMENT(#686,#694);
#694=IFCAXIS2PLACEMENT3D(#695,#696,#697);
#695=IFCCARTESIANPOINT((-8.3741724665742357E-11,4.3314685171935707E-10,2.6349766812927553E-11));
#696=IFCDIRECTION((-1.5815362361441076E-15,-2.9936039337702353E-15,1.));
#697=IFCDIRECTION((-1.,-2.7866597918091429E-14,-1.5815362361441902E-15));
#698=IFCBUILDINGSTOREY('2$CI2UZ2nC6udOwWqZWr6C',#1,'road - shoulder','The shoulder, providing additional space and support alongside the road.','shoulder',#700,#709,$,.ELEMENT.,-489.99999999966252);
#699=IFCRELAGGREGATES('1NNHR6dsfBORCLaLhi6MGJ',#1,'bridge - road segment container',$,#691,(#698,#710,#721));
#700=IFCLOCALPLACEMENT(#693,#701);
#701=IFCAXIS2PLACEMENT3D(#702,#703,#704);
#702=IFCCARTESIANPOINT((1800.0000000000123,-9999.9999999999491,-489.99999999999091));
#703=IFCDIRECTION((-1.4710455076283289E-14,-1.,-2.566796158336915E-14));
#704=IFCDIRECTION((1.,-1.28785870856518E-14,-3.9376986519941074E-15));
#705=IFCTRIANGULATEDFACESET(#706,((5.315609202804205E-14,6.7150910088771777E-14,1.),(5.315609202804205E-14,6.7150910088771777E-14,1.),(5.315609202804205E-14,6.7150910088771777E-14,1.),(5.315609202804205E-14,6.7150910088771777E-14,1.),(5.315609202804205E-14,6.7150910088771777E-14,1.),(0.44721359549995637,0.89442719099991674,-6.1058174945915049E-15),(0.44721359549995637,0.89442719099991674,-6.1058174945915049E-15),(0.44721359549995637,0.89442719099991674,-6.1058174945915049E-15),(0.44721359549995637,0.89442719099991674,-6.1058174945915049E-15),(-3.9787163462857472E-14,-1.,4.6524410255996709E-15),(-3.9787163462857472E-14,-1.,4.6524410255996709E-15),(-3.9787163462857472E-14,-1.,4.6524410255996709E-15),(-3.9787163462857472E-14,-1.,4.6524410255996709E-15),(1.5914865385142988E-14,1.,-5.0822068806728644E-15),(1.5914865385142988E-14,1.,-5.0822068806728644E-15),(1.5914865385142988E-14,1.,-5.0822068806728644E-15),(1.5914865385142988E-14,1.,-5.0822068806728644E-15),(-1.,1.6419163961735137E-14,3.7779871448308503E-15),(-1.,1.6419163961735137E-14,3.7779871448308503E-15),(-1.,1.6419163961735137E-14,3.7779871448308503E-15),(-1.,1.6419163961735137E-14,3.7779871448308503E-15),(-1.,1.6419163961735137E-14,3.7779871448308503E-15),(-1.,1.6419163961735137E-14,3.7779871448308503E-15),(-7.4718750631129815E-14,-1.7927866737191633E-13,-1.),(-7.4718750631129815E-14,-1.7927866737191633E-13,-1.),(-7.4718750631129815E-14,-1.7927866737191633E-13,-1.),(-7.4718750631129815E-14,-1.7927866737191633E-13,-1.),(-7.4718750631129815E-14,-1.7927866737191633E-13,-1.)),$,((1,2,3),(2,1,4),(4,1,5),(6,7,8),(7,6,9),(10,11,12),(11,10,13),(14,15,16),(15,14,17),(18,19,20),(19,18,21),(21,18,22),(21,22,23),(24,25,26),(25,27,28),(27,25,24)),$);
#706=IFCCARTESIANPOINTLIST3D(((1100.0000000000039,0.,-2.7366759525189034E-11),(-5.0885483209405047E-27,120.00000000000296,6.034066400198379E-11),(0.,0.,0.),(-1.7499932549231443E-27,449.99999999999937,2.9008765096700502E-11),(200.00000000000068,449.99999999999631,1.6420055715113533E-12),(200.00000000000068,449.99999999999631,1.6420055715113533E-12),(1099.9999999999811,1.5981314049895443E-10,-5054.4999999991678),(199.99999999997513,450.00000000015649,-5054.4999999991687),(1100.0000000000039,0.,-2.7366759525189034E-11),(1100.0000000000039,0.,-2.7366759525189034E-11),(-4.575824164021487E-11,2.4734490011724112E-10,-5054.4999999990241),(1099.9999999999811,1.5981314049895443E-10,-5054.4999999991678),(0.,0.,0.),(-2.5544721893311539E-11,450.00000000015996,-5054.4999999991414),(200.00000000000068,449.99999999999631,1.6420055715113533E-12),(199.99999999997513,450.00000000015649,-5054.4999999991687),(-1.7499932549231443E-27,449.99999999999937,2.9008765096700502E-11),(-5.0885483209405047E-27,120.00000000000296,6.034066400198379E-11),(-4.575824164021487E-11,2.4734490011724112E-10,-5054.4999999990241),(0.,0.,0.),(-2.2657076215182498E-11,120.00000000016381,-5054.4999999991114),(-1.7499932549231443E-27,449.99999999999937,2.9008765096700502E-11),(-2.5544721893311539E-11,450.00000000015996,-5054.4999999991414),(199.99999999997513,450.00000000015649,-5054.4999999991687),(-2.2657076215182498E-11,120.00000000016381,-5054.4999999991114),(-2.5544721893311539E-11,450.00000000015996,-5054.4999999991414),(1099.9999999999811,1.5981314049895443E-10,-5054.4999999991678),(-4.575824164021487E-11,2.4734490011724112E-10,-5054.4999999990241)));
#707=IFCSTYLEDITEM(#705,(#165),$);
#708=IFCSHAPEREPRESENTATION(#12,'Body','Tessellation',(#705));
#709=IFCPRODUCTDEFINITIONSHAPE($,$,(#708));
#710=IFCBUILDINGSTOREY('2PKdE1kbL8ke7QxRRzxN_q',#1,'road - shoulder','The shoulder, providing additional space and support alongside the road.','shoulder',#711,#720,$,.ELEMENT.,-489.99999999964314);
#711=IFCLOCALPLACEMENT(#693,#712);
#712=IFCAXIS2PLACEMENT3D(#713,#714,#715);
#713=IFCCARTESIANPOINT((-1800.0000000003502,-9999.9999999998799,-489.99999999997715));
#714=IFCDIRECTION((-1.6153745008295993E-14,-1.,-2.5667961583369197E-14));
#715=IFCDIRECTION((-1.,1.4654943925052051E-14,3.9376986519941326E-15));
#716=IFCTRIANGULATEDFACESET(#717,((5.3156092028040466E-14,-6.7150910088769618E-14,1.),(5.3156092028040466E-14,-6.7150910088769618E-14,1.),(5.3156092028040466E-14,-6.7150910088769618E-14,1.),(5.3156092028040466E-14,-6.7150910088769618E-14,1.),(5.3156092028040466E-14,-6.7150910088769618E-14,1.),(0.44721359549995549,-0.89442719099991719,-6.145109755400736E-15),(0.44721359549995549,-0.89442719099991719,-6.145109755400736E-15),(0.44721359549995549,-0.89442719099991719,-6.145109755400736E-15),(0.44721359549995549,-0.89442719099991719,-6.145109755400736E-15),(-3.9787163462857377E-14,1.,4.6524410255998231E-15),(-3.9787163462857377E-14,1.,4.6524410255998231E-15),(-3.9787163462857377E-14,1.,4.6524410255998231E-15),(-3.9787163462857377E-14,1.,4.6524410255998231E-15),(1.591486538514295E-14,-1.,-5.0822068806730293E-15),(1.591486538514295E-14,-1.,-5.0822068806730293E-15),(1.591486538514295E-14,-1.,-5.0822068806730293E-15),(1.591486538514295E-14,-1.,-5.0822068806730293E-15),(-1.,-1.6419163961735175E-14,3.8658473109896291E-15),(-1.,-1.6419163961735175E-14,3.8658473109896291E-15),(-1.,-1.6419163961735175E-14,3.8658473109896291E-15),(-1.,-1.6419163961735175E-14,3.8658473109896291E-15),(-1.,-1.6419163961735175E-14,3.8658473109896291E-15),(-1.,-1.6419163961735175E-14,3.8658473109896291E-15),(-7.4718750631127492E-14,1.7927866737191057E-13,-1.),(-7.4718750631127492E-14,1.7927866737191057E-13,-1.),(-7.4718750631127492E-14,1.7927866737191057E-13,-1.),(-7.4718750631127492E-14,1.7927866737191057E-13,-1.),(-7.4718750631127492E-14,1.7927866737191057E-13,-1.)),$,((3,2,1),(4,1,2),(5,1,4),(8,7,6),(9,6,7),(12,11,10),(13,10,11),(16,15,14),(17,14,15),(20,19,18),(21,18,19),(22,18,21),(23,22,21),(26,25,24),(28,27,25),(24,25,27)),$);
#717=IFCCARTESIANPOINTLIST3D(((1100.0000000000066,8.6774699574311604E-28,-2.7366759525188433E-11),(-1.2938842147062241E-38,-120.00000000000298,6.0340664001981864E-11),(0.,0.,0.),(-6.2203464061163906E-39,-449.99999999999943,2.9008765096699572E-11),(200.00000000000122,-449.99999999999636,1.6420055715112519E-12),(200.00000000000122,-449.99999999999636,1.6420055715112519E-12),(1099.9999999999836,-1.5981314049895443E-10,-5054.4999999990068),(199.99999999997522,-450.00000000015655,-5054.4999999990068),(1100.0000000000066,8.6774699574311604E-28,-2.7366759525188433E-11),(1100.0000000000066,8.6774699574311604E-28,-2.7366759525188433E-11),(-4.6202330850063783E-11,-2.4734490011724117E-10,-5054.4999999988631),(1099.9999999999836,-1.5981314049895443E-10,-5054.4999999990068),(0.,0.,0.),(-2.5988811103160403E-11,-450.00000000016007,-5054.4999999989805),(200.00000000000122,-449.99999999999636,1.6420055715112519E-12),(199.99999999997522,-450.00000000015655,-5054.4999999990068),(-6.2203464061163906E-39,-449.99999999999943,2.9008765096699572E-11),(-1.2938842147062241E-38,-120.00000000000298,6.0340664001981864E-11),(-4.6202330850063783E-11,-2.4734490011724117E-10,-5054.4999999988631),(0.,0.,0.),(-2.3101165425031348E-11,-120.00000000016384,-5054.4999999989504),(-6.2203464061163906E-39,-449.99999999999943,2.9008765096699572E-11),(-2.5988811103160403E-11,-450.00000000016007,-5054.4999999989805),(199.99999999997522,-450.00000000015655,-5054.4999999990068),(-2.3101165425031348E-11,-120.00000000016384,-5054.4999999989504),(-2.5988811103160403E-11,-450.00000000016007,-5054.4999999989805),(1099.9999999999836,-1.5981314049895443E-10,-5054.4999999990068),(-4.6202330850063783E-11,-2.4734490011724117E-10,-5054.4999999988631)));
#718=IFCSTYLEDITEM(#716,(#165),$);
#719=IFCSHAPEREPRESENTATION(#12,'Body','Tessellation',(#716));
#720=IFCPRODUCTDEFINITIONSHAPE($,$,(#719));
#721=IFCBUILDINGSTOREY('0UKHUh06v69wKcoKjB04ik',#1,'road carriageway - bridge road','The carriageway, providing a smooth driving surface on the bridge road.',$,#722,$,$,.ELEMENT.,3.0130777872727773E-10);
#722=IFCLOCALPLACEMENT(#693,#723);
#723=IFCAXIS2PLACEMENT3D(#724,#725,#726);
#724=IFCCARTESIANPOINT((0.,0.,0.));
#725=IFCDIRECTION((0.,0.,1.));
#726=IFCDIRECTION((1.,4.73449309792135E-30,1.9721522630525295E-31));
#727=IFCSLAB('2gurTQSkD1_htHRFmtcbL_',#1,'road base course - bridge road','A solid base course, providing support for the bridge road surface.','subgradebed',#739,#748,'454425.1027893.1886558.1882584.953129.940411',$);
#728=IFCPROPERTYENUMERATEDVALUE('Status',$,(IFCLABEL('UNSET')),#58);
#729=IFCPROPERTYSINGLEVALUE('IsExternal',$,IFCBOOLEAN(.T.),$);
#730=IFCPROPERTYSINGLEVALUE('LoadBearing',$,IFCBOOLEAN(.T.),$);
#731=IFCPROPERTYSET('1tvEwOAt170Asp8CFPl76f',#1,'Pset_SlabCommon',$,(#728,#729,#730));
#732=IFCRELDEFINESBYPROPERTIES('0biL00W312IRQoFQ_CcKTY',#1,$,$,(#727),#731);
#733=IFCQUANTITYVOLUME('NetVolume',$,$,2.0572439999941392,$);
#734=IFCQUANTITYLENGTH('Depth',$,$,120.00000000000298,$);
#735=IFCQUANTITYAREA('NetArea',$,$,17.143699999950734,$);
#736=IFCELEMENTQUANTITY('3TRS6pQ0P8Yet1P9VBRTRW',#1,'Qto_SlabBaseQuantities',$,$,(#733,#734,#735));
#737=IFCRELDEFINESBYPROPERTIES('0A41tkZbn7IPKyq7czsA9o',#1,$,$,(#727),#736);
#738=IFCRELCONTAINEDINSPATIALSTRUCTURE('2tdetiyKbBsh0B9RJpG1tf',#1,$,$,(#727,#749,#770,#791),#721);
#739=IFCLOCALPLACEMENT(#722,#740);
#740=IFCAXIS2PLACEMENT3D(#741,#742,#743);
#741=IFCCARTESIANPOINT((7.5078787631355223E-11,-7560.2499999962693,-1.8047785488318855E-13));
#742=IFCDIRECTION((0.,0.,1.));
#743=IFCDIRECTION((1.,4.73449309792135E-30,1.9721522630525295E-31));
#744=IFCTRIANGULATEDFACESET(#745,((1.,-8.6042284408461701E-15,4.0306720923883677E-13),(1.,-8.6042284408461701E-15,4.0306720923883677E-13),(1.,-8.6042284408461701E-15,4.0306720923883677E-13),(1.,-8.6042284408461701E-15,4.0306720923883677E-13),(1.1832913578315174E-30,1.1832913578315177E-30,1.),(1.1832913578315174E-30,1.1832913578315177E-30,1.),(1.1832913578315174E-30,1.1832913578315177E-30,1.),(1.1832913578315174E-30,1.1832913578315177E-30,1.),(1.1832913578315174E-30,1.1832913578315177E-30,1.),(1.1832913578315174E-30,1.1832913578315177E-30,1.),(1.1832913578315174E-30,1.1832913578315177E-30,1.),(1.1832913578315174E-30,1.1832913578315177E-30,1.),(-1.6653345369374558E-16,-1.,-1.7612833858006405E-14),(-1.6653345369374558E-16,-1.,-1.7612833858006405E-14),(-1.6653345369374558E-16,-1.,-1.7612833858006405E-14),(-1.6653345369374558E-16,-1.,-1.7612833858006405E-14),(1.665334536937721E-16,1.,8.3100474763712693E-16),(1.665334536937721E-16,1.,8.3100474763712693E-16),(1.665334536937721E-16,1.,8.3100474763712693E-16),(1.665334536937721E-16,1.,8.3100474763712693E-16),(-1.,-1.0658141036402737E-14,4.1209110198298982E-13),(-1.,-1.0658141036402737E-14,4.1209110198298982E-13),(-1.,-1.0658141036402737E-14,4.1209110198298982E-13),(-1.,-1.0658141036402737E-14,4.1209110198298982E-13),(2.5066368733773865E-17,5.0727611020097718E-14,-1.),(2.5066368733773865E-17,5.0727611020097718E-14,-1.),(2.5066368733773865E-17,5.0727611020097718E-14,-1.),(2.5066368733773865E-17,5.0727611020097718E-14,-1.),(2.5066368733773865E-17,5.0727611020097718E-14,-1.),(2.5066368733773865E-17,5.0727611020097718E-14,-1.),(2.5066368733773865E-17,5.0727611020097718E-14,-1.),(2.5066368733773865E-17,5.0727611020097718E-14,-1.),(-6.106226635438361E-16,1.,7.8192431812970142E-17),(-6.106226635438361E-16,1.,7.8192431812970142E-17),(-6.106226635438361E-16,1.,7.8192431812970142E-17),(-6.106226635438361E-16,1.,7.8192431812970142E-17),(-1.,-1.1102230246251546E-16,-5.4415925595178135E-17),(-1.,-1.1102230246251546E-16,-5.4415925595178135E-17),(-1.,-1.1102230246251546E-16,-5.4415925595178135E-17),(-1.,-1.1102230246251546E-16,-5.4415925595178135E-17),(6.106226635438361E-16,-1.,-7.8192431812969747E-17),(6.106226635438361E-16,-1.,-7.8192431812969747E-17),(6.106226635438361E-16,-1.,-7.8192431812969747E-17),(6.106226635438361E-16,-1.,-7.8192431812969747E-17),(1.,1.554312234475219E-15,5.4415925595178345E-17),(1.,1.554312234475219E-15,5.4415925595178345E-17),(1.,1.554312234475219E-15,5.4415925595178345E-17),(1.,1.554312234475219E-15,5.4415925595178345E-17)),$,((1,2,3),(2,1,4),(5,6,7),(6,5,8),(7,6,9),(6,8,10),(10,8,11),(11,8,12),(9,12,7),(12,9,11),(13,14,15),(14,13,16),(17,18,19),(18,17,20),(21,22,23),(22,21,24),(25,26,27),(26,25,28),(26,28,29),(28,25,30),(30,25,31),(31,25,32),(29,32,26),(32,29,31),(33,34,35),(34,33,36),(37,38,39),(38,37,40),(41,42,43),(42,41,44),(45,46,47),(46,45,48)),$);
#745=IFCCARTESIANPOINTLIST3D(((1800.0000000000155,-2439.749999995629,-489.99999999999505),(1800.0000000000184,2439.749999995629,-369.99999999999221),(1800.0000000000271,-2439.7499999956408,-369.99999999999216),(1800.0000000001107,2439.7499999956349,-489.99999999974705),(-1799.9999999999809,-2439.749999995629,-369.99999999999221),(-325.00000000091376,-2389.7500000114128,-369.99999999999216),(-1799.9999999999779,2439.7499999956408,-369.99999999999221),(1800.0000000000271,-2439.7499999956408,-369.99999999999216),(-325.0000000009224,-1739.7500000114162,-369.99999999999204),(324.999999999083,-2389.7500000114128,-369.99999999999216),(324.999999999083,-1739.7500000114162,-369.99999999999204),(1800.0000000000184,2439.749999995629,-369.99999999999221),(1800.0000000000271,-2439.7499999956408,-369.99999999999216),(-1799.9999999999809,-2439.749999995629,-489.99999999999505),(1800.0000000000155,-2439.749999995629,-489.99999999999505),(-1799.9999999999809,-2439.749999995629,-369.99999999999221),(-1799.9999999999779,2439.7499999956408,-369.99999999999221),(1800.0000000001107,2439.7499999956349,-489.99999999974705),(-1800.0000000000819,2439.7499999956349,-489.99999999974722),(1800.0000000000184,2439.749999995629,-369.99999999999221),(-1799.9999999999779,2439.7499999956408,-369.99999999999221),(-1799.9999999999809,-2439.749999995629,-489.99999999999505),(-1799.9999999999809,-2439.749999995629,-369.99999999999221),(-1800.0000000000819,2439.7499999956349,-489.99999999974722),(1800.0000000001107,2439.7499999956349,-489.99999999974705),(-1799.9999999999809,-2439.749999995629,-489.99999999999505),(-1800.0000000000819,2439.7499999956349,-489.99999999974722),(-325.00000000091376,-1739.7500000114162,-489.99999999999432),(-325.00000000091666,-2389.7500000114187,-489.9999999999938),(324.9999999990801,-1739.7500000114162,-489.9999999999938),(324.999999999083,-2389.7500000114187,-489.99999999999386),(1800.0000000000155,-2439.749999995629,-489.99999999999505),(-325.00000000091666,-2389.7500000114187,-489.9999999999938),(324.999999999083,-2389.7500000114128,-369.99999999999216),(324.999999999083,-2389.7500000114187,-489.99999999999386),(-325.00000000091376,-2389.7500000114128,-369.99999999999216),(324.999999999083,-2389.7500000114128,-369.99999999999216),(324.9999999990801,-1739.7500000114162,-489.9999999999938),(324.999999999083,-2389.7500000114187,-489.99999999999386),(324.999999999083,-1739.7500000114162,-369.99999999999204),(324.9999999990801,-1739.7500000114162,-489.9999999999938),(-325.0000000009224,-1739.7500000114162,-369.99999999999204),(-325.00000000091376,-1739.7500000114162,-489.99999999999432),(324.999999999083,-1739.7500000114162,-369.99999999999204),(-325.00000000091376,-1739.7500000114162,-489.99999999999432),(-325.00000000091376,-2389.7500000114128,-369.99999999999216),(-325.00000000091666,-2389.7500000114187,-489.9999999999938),(-325.0000000009224,-1739.7500000114162,-369.99999999999204)));
#746=IFCSTYLEDITEM(#744,(#165),$);
#747=IFCSHAPEREPRESENTATION(#12,'Body','Tessellation',(#744));
#748=IFCPRODUCTDEFINITIONSHAPE($,$,(#747));
#749=IFCSLAB('2CFlp691nEVAN$xmwmq4NQ',#1,'bridge road - road asphalt binder course','A durable asphalt binder course, forming a key layer of the bridge road.','core',#760,#769,'454425.1027893.1886558.1882584.953129.940413',$);
#750=IFCPROPERTYENUMERATEDVALUE('Status',$,(IFCLABEL('UNSET')),#58);
#751=IFCPROPERTYSINGLEVALUE('IsExternal',$,IFCBOOLEAN(.T.),$);
#752=IFCPROPERTYSINGLEVALUE('LoadBearing',$,IFCBOOLEAN(.T.),$);
#753=IFCPROPERTYSET('3C8b8LWGb6Yxht8dNKxQr2',#1,'Pset_SlabCommon',$,(#750,#751,#752));
#754=IFCRELDEFINESBYPROPERTIES('1p0Ud4LrL9JRKEOUeiOEXz',#1,$,$,(#749),#753);
#755=IFCQUANTITYVOLUME('NetVolume',$,$,0.72058399430484887,$);
#756=IFCQUANTITYLENGTH('Depth',$,$,80.000000000001322,$);
#757=IFCQUANTITYAREA('NetArea',$,$,9.0072999288104629,$);
#758=IFCELEMENTQUANTITY('09SNzdn9L6$AW6KTCyp5S6',#1,'Qto_SlabBaseQuantities',$,$,(#755,#756,#757));
#759=IFCRELDEFINESBYPROPERTIES('1CVOLcY5T4wwIK0GshbFaj',#1,$,$,(#749),#758);
#760=IFCLOCALPLACEMENT(#722,#761);
#761=IFCAXIS2PLACEMENT3D(#762,#763,#764);
#762=IFCCARTESIANPOINT((0.,0.,0.));
#763=IFCDIRECTION((0.,0.,1.));
#764=IFCDIRECTION((1.,4.73449309792135E-30,1.9721522630525295E-31));
#765=IFCTRIANGULATEDFACESET(#766,((5.5235659946475033E-17,0.99503719021004833,0.099503719020406806),(5.5235659946475033E-17,0.99503719021004833,0.099503719020406806),(5.5235659946475033E-17,0.99503719021004833,0.099503719020406806),(5.5235659946475033E-17,0.99503719021004833,0.099503719020406806),(-1.,6.3108872417680916E-30,0.),(-1.,6.3108872417680916E-30,0.),(-1.,6.3108872417680916E-30,0.),(-1.,6.3108872417680916E-30,0.),(-5.0338485842089771E-21,2.7663952507922903E-16,1.),(-5.0338485842089771E-21,2.7663952507922903E-16,1.),(-5.0338485842089771E-21,2.7663952507922903E-16,1.),(-5.0338485842089771E-21,2.7663952507922903E-16,1.),(-5.0338485842089771E-21,2.7663952507922903E-16,1.),(-5.0338485842089771E-21,2.7663952507922903E-16,1.),(-5.0338485842089771E-21,2.7663952507922903E-16,1.),(-5.0338485842089771E-21,2.7663952507922903E-16,1.),(-5.5511151231251504E-17,-1.,0.),(-5.5511151231251504E-17,-1.,0.),(-5.5511151231251504E-17,-1.,0.),(-5.5511151231251504E-17,-1.,0.),(2.3550059173742496E-18,9.9129450683118633E-19,-1.),(2.3550059173742496E-18,9.9129450683118633E-19,-1.),(2.3550059173742496E-18,9.9129450683118633E-19,-1.),(2.3550059173742496E-18,9.9129450683118633E-19,-1.),(2.3550059173742496E-18,9.9129450683118633E-19,-1.),(2.3550059173742496E-18,9.9129450683118633E-19,-1.),(2.3550059173742496E-18,9.9129450683118633E-19,-1.),(2.3550059173742496E-18,9.9129450683118633E-19,-1.),(1.,-6.3108872417680916E-30,0.),(1.,-6.3108872417680916E-30,0.),(1.,-6.3108872417680916E-30,0.),(1.,-6.3108872417680916E-30,0.),(-3.8767621591571478E-15,-1.,-2.9936039337708124E-15),(-3.8767621591571478E-15,-1.,-2.9936039337708124E-15),(-3.8767621591571478E-15,-1.,-2.9936039337708124E-15),(-3.8767621591571478E-15,-1.,-2.9936039337708124E-15),(1.,-7.3613935460169258E-15,7.221469201239924E-15),(1.,-7.3613935460169258E-15,7.221469201239924E-15),(1.,-7.3613935460169258E-15,7.221469201239924E-15),(1.,-7.3613935460169258E-15,7.221469201239924E-15),(1.6554962529041272E-15,1.,2.993603933769964E-15),(1.6554962529041272E-15,1.,2.993603933769964E-15),(1.6554962529041272E-15,1.,2.993603933769964E-15),(1.6554962529041272E-15,1.,2.993603933769964E-15),(-1.,3.7865437281407695E-15,2.1260192272493606E-14),(-1.,3.7865437281407695E-15,2.1260192272493606E-14),(-1.,3.7865437281407695E-15,2.1260192272493606E-14),(-1.,3.7865437281407695E-15,2.1260192272493606E-14)),$,((1,2,3),(2,1,4),(5,6,7),(6,5,8),(9,10,11),(10,9,12),(10,12,13),(13,12,14),(11,15,16),(15,11,10),(16,15,14),(16,14,12),(17,18,19),(18,17,20),(21,22,23),(22,21,24),(22,24,25),(24,21,26),(26,21,27),(25,28,22),(28,25,27),(28,27,21),(29,30,31),(30,29,32),(33,34,35),(34,33,36),(37,38,39),(38,37,40),(41,42,43),(42,41,44),(45,46,47),(46,45,48)),$);
#766=IFCCARTESIANPOINTLIST3D(((-1799.9999999999836,-7384.6111308859727,-39.999999999995964),(1800.0000000000291,-7376.6111308860191,-119.99999999999653),(-1799.9999999999845,-7376.6111308860209,-119.99999999999653),(1800.0000000000296,-7384.6111308859709,-39.999999999995964),(-1799.9999999999836,-7384.6111308859727,-39.999999999995964),(-1799.9999999999836,-10000.000000000013,-119.99999999999653),(-1799.9999999999841,-10000.000000000013,-39.999999999995239),(-1799.9999999999845,-7376.6111308860209,-119.99999999999653),(-1799.9999999999841,-10000.000000000013,-39.999999999995239),(-325.00000000082525,-9950.000000007687,-39.999999999995829),(-1799.9999999999836,-7384.6111308859727,-39.999999999995964),(1800.0000000000291,-10000.000000000011,-39.999999999995239),(324.99999999917475,-9950.0000000076852,-39.999999999995822),(324.99999999917975,-9300.0000000076852,-39.999999999995971),(-325.00000000082042,-9300.0000000076852,-39.999999999995993),(1800.0000000000296,-7384.6111308859709,-39.999999999995964),(1800.0000000000291,-10000.000000000011,-39.999999999995239),(-1799.9999999999836,-10000.000000000013,-119.99999999999653),(1800.0000000000296,-10000.000000000013,-119.99999999999653),(-1799.9999999999841,-10000.000000000013,-39.999999999995239),(1800.0000000000291,-7376.6111308860191,-119.99999999999653),(-1799.9999999999836,-10000.000000000013,-119.99999999999653),(-1799.9999999999845,-7376.6111308860209,-119.99999999999653),(-325.00000000081991,-9300.0000000076852,-119.99999999999653),(-325.00000000082457,-9950.000000007687,-119.99999999999653),(324.99999999917554,-9300.0000000076852,-119.99999999999653),(324.9999999991756,-9950.0000000076852,-119.99999999999656),(1800.0000000000296,-10000.000000000013,-119.99999999999653),(1800.0000000000291,-7376.6111308860191,-119.99999999999653),(1800.0000000000291,-10000.000000000011,-39.999999999995239),(1800.0000000000296,-10000.000000000013,-119.99999999999653),(1800.0000000000296,-7384.6111308859709,-39.999999999995964),(324.99999999917975,-9300.0000000076852,-39.999999999995971),(-325.00000000081991,-9300.0000000076852,-119.99999999999653),(324.99999999917554,-9300.0000000076852,-119.99999999999653),(-325.00000000082042,-9300.0000000076852,-39.999999999995993),(-325.00000000081991,-9300.0000000076852,-119.99999999999653),(-325.00000000082525,-9950.000000007687,-39.999999999995829),(-325.00000000082457,-9950.000000007687,-119.99999999999653),(-325.00000000082042,-9300.0000000076852,-39.999999999995993),(-325.00000000082457,-9950.000000007687,-119.99999999999653),(324.99999999917475,-9950.0000000076852,-39.999999999995822),(324.9999999991756,-9950.0000000076852,-119.99999999999656),(-325.00000000082525,-9950.000000007687,-39.999999999995829),(324.99999999917975,-9300.0000000076852,-39.999999999995971),(324.9999999991756,-9950.0000000076852,-119.99999999999656),(324.99999999917475,-9950.0000000076852,-39.999999999995822),(324.99999999917554,-9300.0000000076852,-119.99999999999653)));
#767=IFCSTYLEDITEM(#765,(#81),$);
#768=IFCSHAPEREPRESENTATION(#12,'Body','Tessellation',(#765));
#769=IFCPRODUCTDEFINITIONSHAPE($,$,(#768));
#770=IFCSLAB('2Lcv7v7Y9CDgeVSxtOixa_',#1,'road subgrade - bridge road','A stable subgrade, forming the foundation of the bridge road.','subgrade',#781,#790,'454425.1027893.1886558.1882584.953129.940414',$);
#771=IFCPROPERTYENUMERATEDVALUE('Status',$,(IFCLABEL('UNSET')),#58);
#772=IFCPROPERTYSINGLEVALUE('IsExternal',$,IFCBOOLEAN(.T.),$);
#773=IFCPROPERTYSINGLEVALUE('LoadBearing',$,IFCBOOLEAN(.T.),$);
#774=IFCPROPERTYSET('3lus4y7lv37gnEBqNHnR_n',#1,'Pset_SlabCommon',$,(#771,#772,#773));
#775=IFCRELDEFINESBYPROPERTIES('2_SLJ4_0LAXhwiuuoU2ca5',#1,$,$,(#770),#774);
#776=IFCQUANTITYVOLUME('NetVolume',$,$,4.5551511641712406,$);
#777=IFCQUANTITYLENGTH('Depth',$,$,395.8136006661577,$);
#778=IFCQUANTITYAREA('NetArea',$,$,11.508324010354576,$);
#779=IFCELEMENTQUANTITY('2byexagKL0AANdngIc8uEq',#1,'Qto_SlabBaseQuantities',$,$,(#776,#777,#778));
#780=IFCRELDEFINESBYPROPERTIES('29bNeVNxD9Uv0uPS3HzW1Y',#1,$,$,(#770),#779);
#781=IFCLOCALPLACEMENT(#722,#782);
#782=IFCAXIS2PLACEMENT3D(#783,#784,#785);
#783=IFCCARTESIANPOINT((0.,0.,0.));
#784=IFCDIRECTION((0.,0.,1.));
#785=IFCDIRECTION((1.,4.73449309792135E-30,1.9721522630525295E-31));
#786=IFCTRIANGULATEDFACESET(#787,((1.,5.5511151231260194E-17,-7.9582303447161823E-16),(1.,5.5511151231260194E-17,-7.9582303447161823E-16),(1.,5.5511151231260194E-17,-7.9582303447161823E-16),(1.,5.5511151231260194E-17,-7.9582303447161823E-16),(1.,5.5511151231260194E-17,-7.9582303447161823E-16),(1.,5.5511151231260194E-17,-7.9582303447161823E-16),(1.,5.5511151231260194E-17,-7.9582303447161823E-16),(1.6653345369360881E-16,1.,1.0408201073375603E-13),(1.6653345369360881E-16,1.,1.0408201073375603E-13),(1.6653345369360881E-16,1.,1.0408201073375603E-13),(1.6653345369360881E-16,1.,1.0408201073375603E-13),(1.6653345369360881E-16,1.,1.0408201073375603E-13),(1.6653345369360881E-16,1.,1.0408201073375603E-13),(-1.,-1.1102230246248546E-16,-1.0078613754329445E-14),(-1.,-1.1102230246248546E-16,-1.0078613754329445E-14),(-1.,-1.1102230246248546E-16,-1.0078613754329445E-14),(-1.,-1.1102230246248546E-16,-1.0078613754329445E-14),(-1.,-1.1102230246248546E-16,-1.0078613754329445E-14),(-1.,-1.1102230246248546E-16,-1.0078613754329445E-14),(-1.,-1.1102230246248546E-16,-1.0078613754329445E-14),(1.8245961432259226E-14,-2.5042623494319584E-14,1.),(1.8245961432259226E-14,-2.5042623494319584E-14,1.),(1.8245961432259226E-14,-2.5042623494319584E-14,1.),(1.8245961432259226E-14,-2.5042623494319584E-14,1.),(1.8245961432259226E-14,-2.5042623494319584E-14,1.),(1.8245961432259226E-14,-2.5042623494319584E-14,1.),(1.8245961432259226E-14,-2.5042623494319584E-14,1.),(1.8245961432259226E-14,-2.5042623494319584E-14,1.),(3.7836475088714953E-15,0.99503719020997627,0.099503719021127632),(3.7836475088714953E-15,0.99503719020997627,0.099503719021127632),(3.7836475088714953E-15,0.99503719020997627,0.099503719021127632),(3.7836475088714953E-15,0.99503719020997627,0.099503719021127632),(8.267079511021505E-15,-0.099503719020954659,0.99503719020999359),(8.267079511021505E-15,-0.099503719020954659,0.99503719020999359),(8.267079511021505E-15,-0.099503719020954659,0.99503719020999359),(8.267079511021505E-15,-0.099503719020954659,0.99503719020999359),(-1.6653345369377343E-16,-1.,3.9443045261050582E-31),(-1.6653345369377343E-16,-1.,3.9443045261050582E-31),(-1.6653345369377343E-16,-1.,3.9443045261050582E-31),(-1.6653345369377343E-16,-1.,3.9443045261050582E-31),(-3.91158626607226E-18,2.2838162031661295E-18,-1.),(-3.91158626607226E-18,2.2838162031661295E-18,-1.),(-3.91158626607226E-18,2.2838162031661295E-18,-1.),(-3.91158626607226E-18,2.2838162031661295E-18,-1.),(-3.91158626607226E-18,2.2838162031661295E-18,-1.),(-3.91158626607226E-18,2.2838162031661295E-18,-1.),(-3.91158626607226E-18,2.2838162031661295E-18,-1.),(-3.91158626607226E-18,2.2838162031661295E-18,-1.),(-1.7208456881689962E-15,-1.,2.7816874224876205E-15),(-1.7208456881689962E-15,-1.,2.7816874224876205E-15),(-1.7208456881689962E-15,-1.,2.7816874224876205E-15),(-1.7208456881689962E-15,-1.,2.7816874224876205E-15),(1.,2.7200464103315846E-15,1.6290481409112566E-14),(1.,2.7200464103315846E-15,1.6290481409112566E-14),(1.,2.7200464103315846E-15,1.6290481409112566E-14),(1.,2.7200464103315846E-15,1.6290481409112566E-14),(2.7755575615628898E-15,1.,1.0595825564074926E-16),(2.7755575615628898E-15,1.,1.0595825564074926E-16),(2.7755575615628898E-15,1.,1.0595825564074926E-16),(2.7755575615628898E-15,1.,1.0595825564074926E-16),(-1.,-2.664535259100326E-15,-1.6380720336554708E-14),(-1.,-2.664535259100326E-15,-1.6380720336554708E-14),(-1.,-2.664535259100326E-15,-1.6380720336554708E-14),(-1.,-2.664535259100326E-15,-1.6380720336554708E-14)),$,((1,2,3),(2,1,4),(2,4,5),(4,1,6),(6,1,7),(8,9,10),(9,8,11),(11,8,12),(12,8,13),(14,15,16),(15,14,17),(15,17,18),(18,17,19),(18,19,20),(21,22,23),(22,21,24),(24,21,25),(25,21,26),(23,26,27),(26,23,28),(28,23,22),(26,28,25),(29,30,31),(30,29,32),(33,34,35),(34,33,36),(37,38,39),(38,37,40),(41,42,43),(42,41,44),(44,41,45),(46,47,48),(47,46,43),(47,43,42),(48,47,45),(48,45,41),(49,50,51),(50,49,52),(53,54,55),(54,53,56),(57,58,59),(58,57,60),(61,62,63),(62,61,64)),$);
#787=IFCCARTESIANPOINTLIST3D(((1800.0000000000125,-5120.5000000001783,-369.99999999999238),(1800.0000000000184,-10000.000000000036,-119.99999999999577),(1800.0000000000125,-10000.000000000036,-369.99999999999238),(1800.0000000000068,-7368.71038708181,-199.00743804199541),(1800.0000000000125,-7376.6111308860263,-119.99999999999574),(1800.0000000000125,-5120.5000000002128,25.813600666165328),(1800.0000000000184,-5120.5000000001664,-119.99999999999579),(-1799.9999999999809,-5120.500000000161,-119.99999999999577),(1800.0000000000125,-5120.5000000001783,-369.99999999999238),(-1799.9999999999836,-5120.500000000161,-369.99999999999238),(1800.0000000000184,-5120.5000000001664,-119.99999999999579),(1800.0000000000125,-5120.5000000002128,25.813600666165328),(-1799.9999999999895,-5120.5000000002074,25.813600666093855),(-1799.9999999999952,-7376.6111308860209,-119.9999999998644),(-1799.9999999999895,-10000.000000000036,-369.99999999999238),(-1799.9999999999895,-10000.000000000036,-119.99999999999579),(-1799.9999999999952,-7368.7103870818164,-199.00743804186402),(-1799.9999999999836,-5120.500000000161,-369.99999999999238),(-1799.9999999999895,-5120.5000000002074,25.813600666093855),(-1799.9999999999809,-5120.500000000161,-119.99999999999577),(1800.0000000000184,-10000.000000000036,-119.99999999999577),(-325.00000000083003,-9950.000000007687,-119.99999999997891),(-1799.9999999999895,-10000.000000000036,-119.99999999999579),(324.99999999917537,-9950.0000000076816,-119.99999999999081),(324.99999999917537,-9300.0000000076907,-119.99999999997711),(1800.0000000000125,-7376.6111308860263,-119.99999999999574),(-1799.9999999999952,-7376.6111308860209,-119.9999999998644),(-325.00000000082713,-9300.0000000076907,-119.99999999996528),(-1799.9999999999952,-7368.7103870818164,-199.00743804186402),(1800.0000000000125,-7376.6111308860263,-119.99999999999574),(1800.0000000000068,-7368.71038708181,-199.00743804199541),(-1799.9999999999952,-7376.6111308860209,-119.9999999998644),(1800.0000000000068,-7368.71038708181,-199.00743804199541),(-1799.9999999999895,-5120.5000000002074,25.813600666093855),(-1799.9999999999952,-7368.7103870818164,-199.00743804186402),(1800.0000000000125,-5120.5000000002128,25.813600666165328),(1800.0000000000184,-10000.000000000036,-119.99999999999577),(-1799.9999999999895,-10000.000000000036,-369.99999999999238),(1800.0000000000125,-10000.000000000036,-369.99999999999238),(-1799.9999999999895,-10000.000000000036,-119.99999999999579),(1800.0000000000125,-5120.5000000001783,-369.99999999999238),(-325.00000000082713,-9300.0000000076852,-369.99999999999238),(-1799.9999999999836,-5120.500000000161,-369.99999999999238),(324.99999999916963,-9300.0000000076852,-369.99999999999238),(324.99999999917827,-9950.0000000076816,-369.99999999999238),(-1799.9999999999895,-10000.000000000036,-369.99999999999238),(-325.00000000082133,-9950.000000007687,-369.99999999999238),(1800.0000000000125,-10000.000000000036,-369.99999999999238),(324.99999999917537,-9300.0000000076907,-119.99999999997711),(-325.00000000082713,-9300.0000000076852,-369.99999999999238),(324.99999999916963,-9300.0000000076852,-369.99999999999238),(-325.00000000082713,-9300.0000000076907,-119.99999999996528),(-325.00000000082713,-9300.0000000076852,-369.99999999999238),(-325.00000000083003,-9950.000000007687,-119.99999999997891),(-325.00000000082133,-9950.000000007687,-369.99999999999238),(-325.00000000082713,-9300.0000000076907,-119.99999999996528),(-325.00000000083003,-9950.000000007687,-119.99999999997891),(324.99999999917827,-9950.0000000076816,-369.99999999999238),(-325.00000000082133,-9950.000000007687,-369.99999999999238),(324.99999999917537,-9950.0000000076816,-119.99999999999081),(324.99999999917537,-9300.0000000076907,-119.99999999997711),(324.99999999917827,-9950.0000000076816,-369.99999999999238),(324.99999999917537,-9950.0000000076816,-119.99999999999081),(324.99999999916963,-9300.0000000076852,-369.99999999999238)));
#788=IFCSTYLEDITEM(#786,(#137),$);
#789=IFCSHAPEREPRESENTATION(#12,'Body','Tessellation',(#786));
#790=IFCPRODUCTDEFINITIONSHAPE($,$,(#789));
#791=IFCSLAB('3PGg5TW8D94u9cNHoKU9ai',#1,'road asphalt surface course - bridge road','A smooth asphalt surface, providing a durable driving layer on the bridge road.','pavement',#797,#806,'454425.1027893.1886558.1882584.953129.940412',$);
#792=IFCPROPERTYENUMERATEDVALUE('Status',$,(IFCLABEL('UNSET')),#58);
#793=IFCPROPERTYSINGLEVALUE('IsExternal',$,$,$);
#794=IFCPROPERTYSINGLEVALUE('LoadBearing',$,IFCBOOLEAN(.T.),$);
#795=IFCPROPERTYSET('2nH74$aqHEefRQqdFXf2qk',#1,'Pset_SlabCommon',$,(#792,#793,#794));
#796=IFCRELDEFINESBYPROPERTIES('0f4gEs5fj9KRu1NNVygfxD',#1,$,$,(#791),#795);
#797=IFCLOCALPLACEMENT(#722,#798);
#798=IFCAXIS2PLACEMENT3D(#799,#800,#801);
#799=IFCCARTESIANPOINT((0.,0.,0.));
#800=IFCDIRECTION((0.,0.,1.));
#801=IFCDIRECTION((1.,4.73449309792135E-30,1.9721522630525295E-31));
#802=IFCTRIANGULATEDFACESET(#803,((5.6400073745968621E-16,0.99503719021004833,0.099503719020406806),(5.6400073745968621E-16,0.99503719021004833,0.099503719020406806),(5.6400073745968621E-16,0.99503719021004833,0.099503719020406806),(5.6400073745968621E-16,0.99503719021004833,0.099503719020406806),(1.,2.7755575615628904E-16,0.),(1.,2.7755575615628904E-16,0.),(1.,2.7755575615628904E-16,0.),(1.,2.7755575615628904E-16,0.),(7.8835787151863707E-19,-1.6932402105884325E-18,-1.),(7.8835787151863707E-19,-1.6932402105884325E-18,-1.),(7.8835787151863707E-19,-1.6932402105884325E-18,-1.),(7.8835787151863707E-19,-1.6932402105884325E-18,-1.),(7.8835787151863707E-19,-1.6932402105884325E-18,-1.),(7.8835787151863707E-19,-1.6932402105884325E-18,-1.),(7.8835787151863707E-19,-1.6932402105884325E-18,-1.),(7.8835787151863707E-19,-1.6932402105884325E-18,-1.),(-4.4408920985006242E-16,-1.,0.),(-4.4408920985006242E-16,-1.,0.),(-4.4408920985006242E-16,-1.,0.),(-4.4408920985006242E-16,-1.,0.),(-1.9721522630525292E-30,1.9721522630525295E-30,1.),(-1.9721522630525292E-30,1.9721522630525295E-30,1.),(-1.9721522630525292E-30,1.9721522630525295E-30,1.),(-1.9721522630525292E-30,1.9721522630525295E-30,1.),(-1.9721522630525292E-30,1.9721522630525295E-30,1.),(-1.9721522630525292E-30,1.9721522630525295E-30,1.),(-1.9721522630525292E-30,1.9721522630525295E-30,1.),(-1.9721522630525292E-30,1.9721522630525295E-30,1.),(-1.,-2.7755575615628904E-16,0.),(-1.,-2.7755575615628904E-16,0.),(-1.,-2.7755575615628904E-16,0.),(-1.,-2.7755575615628904E-16,0.),(3.10862446895046E-15,1.,-1.5054181554536388E-14),(3.10862446895046E-15,1.,-1.5054181554536388E-14),(3.10862446895046E-15,1.,-1.5054181554536388E-14),(3.10862446895046E-15,1.,-1.5054181554536388E-14),(1.,-3.5527136788003317E-15,-5.65097733043425E-14),(1.,-3.5527136788003317E-15,-5.65097733043425E-14),(1.,-3.5527136788003317E-15,-5.65097733043425E-14),(1.,-3.5527136788003317E-15,-5.65097733043425E-14),(-1.,3.9412917374195116E-15,-6.8696738520783648E-14),(-1.,3.9412917374195116E-15,-6.8696738520783648E-14),(-1.,3.9412917374195116E-15,-6.8696738520783648E-14),(-1.,3.9412917374195116E-15,-6.8696738520783648E-14),(-4.2743586448068464E-15,-1.,-2.9936039337701201E-15),(-4.2743586448068464E-15,-1.,-2.9936039337701201E-15),(-4.2743586448068464E-15,-1.,-2.9936039337701201E-15),(-4.2743586448068464E-15,-1.,-2.9936039337701201E-15)),$,((1,2,3),(2,1,4),(5,6,7),(6,5,8),(9,10,11),(10,9,12),(10,12,13),(13,12,14),(15,11,16),(11,15,9),(16,11,14),(16,14,12),(17,18,19),(18,17,20),(21,22,23),(22,21,24),(23,22,25),(22,24,26),(26,24,27),(25,27,23),(27,25,28),(27,28,26),(29,30,31),(30,29,32),(33,34,35),(34,33,36),(37,38,39),(38,37,40),(41,42,43),(42,41,44),(45,46,47),(46,45,48)),$);
#803=IFCCARTESIANPOINTLIST3D(((-1799.9999999999723,-7388.611130885949,4.334111182094726E-12),(1800.0000000000241,-7384.6111308859727,-39.999999999995957),(-1799.9999999999866,-7384.6111308859727,-39.999999999995971),(1800.0000000000241,-7388.6111308859545,4.3313093374670756E-12),(1800.0000000000241,-7384.6111308859727,-39.999999999995957),(1800.0000000000327,-10000.000000000013,4.3307924359063026E-12),(1800.0000000000327,-10000.000000000013,-39.999999999995957),(1800.0000000000241,-7388.6111308859545,4.3313093374670756E-12),(-1799.9999999999866,-7384.6111308859727,-39.999999999995971),(-325.00000000082423,-9300.0000000076798,-39.999999999995964),(-325.00000000083287,-9950.0000000076816,-39.999999999995964),(1800.0000000000241,-7384.6111308859727,-39.999999999995957),(324.99999999916383,-9300.0000000076852,-39.99999999999595),(324.99999999917537,-9950.000000007687,-39.99999999999595),(-1799.9999999999923,-10000.000000000013,-39.999999999995943),(1800.0000000000327,-10000.000000000013,-39.999999999995957),(1800.0000000000327,-10000.000000000013,4.3307924359063026E-12),(-1799.9999999999923,-10000.000000000013,-39.999999999995943),(1800.0000000000327,-10000.000000000013,-39.999999999995957),(-1799.9999999999923,-10000.000000000013,4.3335942805339942E-12),(-1799.9999999999923,-10000.000000000013,4.3335942805339942E-12),(-325.00000000081843,-9950.0000000076816,4.3344699208686543E-12),(-1799.9999999999723,-7388.611130885949,4.334111182094726E-12),(1800.0000000000327,-10000.000000000013,4.3307924359063026E-12),(-325.00000000082423,-9300.0000000076798,4.3345356048612174E-12),(324.99999999917537,-9950.000000007687,4.3472805406451894E-12),(1800.0000000000241,-7388.6111308859545,4.3313093374670756E-12),(324.99999999916383,-9300.0000000076852,4.3473462246377525E-12),(-1799.9999999999723,-7388.611130885949,4.334111182094726E-12),(-1799.9999999999923,-10000.000000000013,-39.999999999995943),(-1799.9999999999923,-10000.000000000013,4.3335942805339942E-12),(-1799.9999999999866,-7384.6111308859727,-39.999999999995971),(-325.00000000081843,-9950.0000000076816,4.3344699208686543E-12),(324.99999999917537,-9950.000000007687,-39.99999999999595),(-325.00000000083287,-9950.0000000076816,-39.999999999995964),(324.99999999917537,-9950.000000007687,4.3472805406451894E-12),(-325.00000000082423,-9300.0000000076798,-39.999999999995964),(-325.00000000081843,-9950.0000000076816,4.3344699208686543E-12),(-325.00000000083287,-9950.0000000076816,-39.999999999995964),(-325.00000000082423,-9300.0000000076798,4.3345356048612174E-12),(324.99999999916383,-9300.0000000076852,4.3473462246377525E-12),(324.99999999917537,-9950.000000007687,-39.99999999999595),(324.99999999917537,-9950.000000007687,4.3472805406451894E-12),(324.99999999916383,-9300.0000000076852,-39.99999999999595),(324.99999999916383,-9300.0000000076852,-39.99999999999595),(-325.00000000082423,-9300.0000000076798,4.3345356048612174E-12),(-325.00000000082423,-9300.0000000076798,-39.999999999995964),(324.99999999916383,-9300.0000000076852,4.3473462246377525E-12)));
#804=IFCSTYLEDITEM(#802,(#109),$);
#805=IFCSHAPEREPRESENTATION(#12,'Body','Tessellation',(#802));
#806=IFCPRODUCTDEFINITIONSHAPE($,$,(#805));
#807=IFCSITE('2Wad9UE39Fl81buLr2dp_x',#1,'rail river bridge - site','The site of the rail river bridge, facilitating train crossings.',$,#808,$,$,.PARTIAL.,$,$,0.,$,$);
#808=IFCLOCALPLACEMENT(#22,#809);
#809=IFCAXIS2PLACEMENT3D(#810,#811,#812);
#810=IFCCARTESIANPOINT((17320.508075688766,50000.,0.));
#811=IFCDIRECTION((0.,0.,1.));
#812=IFCDIRECTION((0.86602540378443871,-0.49999999999999989,0.));
#813=IFCSITE('1$CApj9YLCeu0YyH5TXRVh',#1,'road rail bridge - site','The site of the road rail bridge, supporting both road and rail traffic.',$,#814,$,$,.PARTIAL.,$,$,0.,$,$);
#814=IFCLOCALPLACEMENT(#22,#815);
#815=IFCAXIS2PLACEMENT3D(#816,#817,#818);
#816=IFCCARTESIANPOINT((34641.016151377553,40000.000000000007,0.));
#817=IFCDIRECTION((0.,0.,1.));
#818=IFCDIRECTION((-0.50000000000000067,0.86602540378443826,0.));
#819=IFCELEMENTASSEMBLYTYPE('0iAJVoiDX1LxdIktn5l5jI',#1,'highway location marker','A marker indicating specific locations along the highway.',$,$,$,'1031224','signalassembly',.USERDEFINED.);
#820=IFCRELDEFINESBYTYPE('0rhH8SOFzD4h_KH46QSIV5',#1,$,$,(#821,#828),#819);
#821=IFCELEMENTASSEMBLY('00ZvlN19v73wE8JOyDmPjG',#1,'highway location marker','A marker indicating specific locations along the highway.','signalassembly',#823,$,'454425.1027895.1031643',.SITE.,$);
#822=IFCRELCONTAINEDINSPATIALSTRUCTURE('01bgU8Kv15Y94DypN3Zf0p',#1,$,$,(#821,#828),#813);
#823=IFCLOCALPLACEMENT(#814,#824);
#824=IFCAXIS2PLACEMENT3D(#825,#826,#827);
#825=IFCCARTESIANPOINT((-3968.1966011251106,5000.0000000000236,-199.99999999994188));
#826=IFCDIRECTION((0.,0.,1.));
#827=IFCDIRECTION((-1.,0.,0.));
#828=IFCELEMENTASSEMBLY('3E8poO$Er6gPhLg44LF$bc',#1,'highway location marker','A marker indicating specific locations along the highway.','signalassembly',#829,$,'454425.1027895.1031644',.SITE.,$);
#829=IFCLOCALPLACEMENT(#814,#830);
#830=IFCAXIS2PLACEMENT3D(#831,#832,#833);
#831=IFCCARTESIANPOINT((3968.1966011250674,-4999.9999999999836,-199.99999999994188));
#832=IFCDIRECTION((0.,0.,1.));
#833=IFCDIRECTION((1.,0.,0.));
#834=IFCBUILDING('1Gy5o1F_T6VxmwxJ5$xsRE',#1,'road','A well-constructed road, connecting various parts of the infrastructure.',$,#836,$,$,.COMPLEX.,0.,0.,$);
#835=IFCRELAGGREGATES('3DICPa6gD6MuThRJDZk20Y',#1,'road rail bridge - site container',$,#813,(#834));
#836=IFCLOCALPLACEMENT(#814,#837);
#837=IFCAXIS2PLACEMENT3D(#838,#839,#840);
#838=IFCCARTESIANPOINT((-2.8876456781290472E-11,-1.1550582712516188E-11,0.));
#839=IFCDIRECTION((0.,0.,1.));
#840=IFCDIRECTION((-1.,1.1102230246251565E-16,0.));
#841=IFCBUILDING('1qeMYKRz11NfwG9VheT8FH',#1,'road segment','A segment of the road, connecting various parts of the infrastructure.','roadsegment',#843,$,$,.PARTIAL.,0.,0.,$);
#842=IFCRELAGGREGATES('3NAu1eyhXFoR7fRy5T7VVu',#1,'road container',$,#834,(#841));
#843=IFCLOCALPLACEMENT(#836,#844);
#844=IFCAXIS2PLACEMENT3D(#845,#846,#847);
#845=IFCCARTESIANPOINT((0.,0.,0.));
#846=IFCDIRECTION((0.,0.,1.));
#847=IFCDIRECTION((1.,0.,0.));
#848=IFCBUILDINGSTOREY('3oc$qAY_95VA0MUuoAYGxh',#1,'road carriageway','The carriageway, providing a smooth driving surface for vehicles in the parking area.',$,#850,$,$,.ELEMENT.,0.);
#849=IFCRELAGGREGATES('0uN$vKXWf4qPko_d9ndXo9',#1,'road segment container',$,#841,(#848,#978,#989));
#850=IFCLOCALPLACEMENT(#843,#851);
#851=IFCAXIS2PLACEMENT3D(#852,#853,#854);
#852=IFCCARTESIANPOINT((0.,0.,0.));
#853=IFCDIRECTION((0.,0.,1.));
#854=IFCDIRECTION((1.,0.,0.));
#855=IFCSLAB('0WFaAjgxT8whuM_s0GDVop',#1,'road - asphalt binder course','A durable asphalt binder course, forming a key layer of the road.','core',#867,#876,'454425.1027895.1925011.1918136.1918138.1918143',$);
#856=IFCPROPERTYENUMERATEDVALUE('Status',$,(IFCLABEL('UNSET')),#58);
#857=IFCPROPERTYSINGLEVALUE('IsExternal',$,IFCBOOLEAN(.T.),$);
#858=IFCPROPERTYSINGLEVALUE('LoadBearing',$,IFCBOOLEAN(.T.),$);
#859=IFCPROPERTYSET('3ZcZ5qv690PxNjpvTFv5s$',#1,'Pset_SlabCommon',$,(#856,#857,#858));
#860=IFCRELDEFINESBYPROPERTIES('3yvkEZzOP5_ROflWKQNlGV',#1,$,$,(#855),#859);
#861=IFCQUANTITYVOLUME('NetVolume',$,$,5.76000000000007,$);
#862=IFCQUANTITYLENGTH('Depth',$,$,80.000000000001279,$);
#863=IFCQUANTITYAREA('NetArea',$,$,71.99999999999973,$);
#864=IFCELEMENTQUANTITY('034EeH6BrCHO98W9P0MxjR',#1,'Qto_SlabBaseQuantities',$,$,(#861,#862,#863));
#865=IFCRELDEFINESBYPROPERTIES('3hMz13B9f8lh0qEQu$LBqL',#1,$,$,(#855),#864);
#866=IFCRELCONTAINEDINSPATIALSTRUCTURE('10M1fVthP5Hg3WFbu_86_x',#1,$,$,(#855,#877,#893,#904,#912,#920,#928,#936,#957),#848);
#867=IFCLOCALPLACEMENT(#850,#868);
#868=IFCAXIS2PLACEMENT3D(#869,#870,#871);
#869=IFCCARTESIANPOINT((7.5078787631355223E-11,8.0680820246925568E-09,-9.0238927441532719E-14));
#870=IFCDIRECTION((0.,0.,1.));
#871=IFCDIRECTION((1.,0.,0.));
#872=IFCTRIANGULATEDFACESET(#873,((-1.,0.,0.),(-1.,0.,0.),(-1.,0.,0.),(-1.,0.,0.),(0.,-0.99999999999999989,0.),(0.,-0.99999999999999989,0.),(0.,-0.99999999999999989,0.),(0.,-0.99999999999999989,0.),(0.,0.,-1.),(0.,0.,-1.),(0.,0.,-1.),(0.,0.,-1.),(1.,0.,0.),(1.,0.,0.),(1.,0.,0.),(1.,0.,0.),(0.,0.,1.),(0.,0.,1.),(0.,0.,1.),(0.,0.,1.),(0.,0.99999999999999989,0.),(0.,0.99999999999999989,0.),(0.,0.99999999999999989,0.),(0.,0.99999999999999989,0.)),$,((1,2,3),(2,1,4),(5,6,7),(6,5,8),(9,10,11),(10,9,12),(13,14,15),(14,13,16),(17,18,19),(18,17,20),(21,22,23),(22,21,24)),$);
#873=IFCCARTESIANPOINTLIST3D(((-1800.0000000000055,9999.9999999999054,-39.999999999997392),(-1800.0000000000055,-9999.9999999999527,-119.99999999999868),(-1800.0000000000055,-9999.9999999999527,-39.999999999997392),(-1800.0000000000055,9999.9999999999054,-119.99999999999868),(1800.0000000000055,-9999.9999999999527,-39.999999999997392),(-1800.0000000000055,-9999.9999999999527,-119.99999999999868),(1800.0000000000055,-9999.9999999999527,-119.99999999999868),(-1800.0000000000055,-9999.9999999999527,-39.999999999997392),(1800.0000000000055,9999.9999999999054,-119.99999999999868),(-1800.0000000000055,-9999.9999999999527,-119.99999999999868),(-1800.0000000000055,9999.9999999999054,-119.99999999999868),(1800.0000000000055,-9999.9999999999527,-119.99999999999868),(1800.0000000000055,9999.9999999999054,-119.99999999999868),(1800.0000000000055,-9999.9999999999527,-39.999999999997392),(1800.0000000000055,-9999.9999999999527,-119.99999999999868),(1800.0000000000055,9999.9999999999054,-39.999999999997392),(1800.0000000000055,-9999.9999999999527,-39.999999999997392),(-1800.0000000000055,9999.9999999999054,-39.999999999997392),(-1800.0000000000055,-9999.9999999999527,-39.999999999997392),(1800.0000000000055,9999.9999999999054,-39.999999999997392),(-1800.0000000000055,9999.9999999999054,-39.999999999997392),(1800.0000000000055,9999.9999999999054,-119.99999999999868),(-1800.0000000000055,9999.9999999999054,-119.99999999999868),(1800.0000000000055,9999.9999999999054,-39.999999999997392)));
#874=IFCSTYLEDITEM(#872,(#81),$);
#875=IFCSHAPEREPRESENTATION(#12,'Body','Tessellation',(#872));
#876=IFCPRODUCTDEFINITIONSHAPE($,$,(#875));
#877=IFCSLAB('2perTo5I50_QVZloPyhq8F',#1,'road - asphalt surface course','A smooth asphalt surface, providing a durable driving layer.','pavement',#883,#892,'454425.1027895.1925011.1918136.1918138.1918144',$);
#878=IFCPROPERTYENUMERATEDVALUE('Status',$,(IFCLABEL('UNSET')),#58);
#879=IFCPROPERTYSINGLEVALUE('IsExternal',$,$,$);
#880=IFCPROPERTYSINGLEVALUE('LoadBearing',$,IFCBOOLEAN(.T.),$);
#881=IFCPROPERTYSET('13RO4GGUb2OPwRMvDyu0AQ',#1,'Pset_SlabCommon',$,(#878,#879,#880));
#882=IFCRELDEFINESBYPROPERTIES('0yPgqGtiT9aeCzmn3BDtMx',#1,$,$,(#877),#881);
#883=IFCLOCALPLACEMENT(#850,#884);
#884=IFCAXIS2PLACEMENT3D(#885,#886,#887);
#885=IFCCARTESIANPOINT((7.2191141953226179E-11,8.0738573160488152E-09,-9.0238927441532655E-14));
#886=IFCDIRECTION((0.,0.,1.));
#887=IFCDIRECTION((1.,-7.2164496600635175E-16,0.));
#888=IFCTRIANGULATEDFACESET(#889,((-1.,3.5527136788005125E-16,0.),(-1.,3.5527136788005125E-16,0.),(-1.,3.5527136788005125E-16,0.),(-1.,3.5527136788005125E-16,0.),(3.3306690738754711E-16,-1.,0.),(3.3306690738754711E-16,-1.,0.),(3.3306690738754711E-16,-1.,0.),(3.3306690738754711E-16,-1.,0.),(0.,0.,-1.),(0.,0.,-1.),(0.,0.,-1.),(0.,0.,-1.),(1.,-3.5527136788005125E-16,0.),(1.,-3.5527136788005125E-16,0.),(1.,-3.5527136788005125E-16,0.),(1.,-3.5527136788005125E-16,0.),(0.,0.,1.),(0.,0.,1.),(0.,0.,1.),(0.,0.,1.),(-3.3306690738754711E-16,1.,0.),(-3.3306690738754711E-16,1.,0.),(-3.3306690738754711E-16,1.,0.),(-3.3306690738754711E-16,1.,0.)),$,((1,2,3),(2,1,4),(5,6,7),(6,5,8),(9,10,11),(10,9,12),(13,14,15),(14,13,16),(17,18,19),(18,17,20),(21,22,23),(22,21,24)),$);
#889=IFCCARTESIANPOINTLIST3D(((-1800.0000000000055,9999.9999999999109,2.1657342585967822E-12),(-1799.9999999999939,-9999.9999999999563,-39.999999999998074),(-1799.9999999999939,-9999.9999999999563,2.1657342585967822E-12),(-1800.0000000000055,9999.9999999999109,-39.999999999998074),(1800.0000000000025,-9999.9999999999527,2.1657342585967822E-12),(-1799.9999999999939,-9999.9999999999563,-39.999999999998074),(1800.0000000000025,-9999.9999999999527,-39.999999999998074),(-1799.9999999999939,-9999.9999999999563,2.1657342585967822E-12),(1800.0000000000055,9999.9999999999254,-39.999999999998074),(-1799.9999999999939,-9999.9999999999563,-39.999999999998074),(-1800.0000000000055,9999.9999999999109,-39.999999999998074),(1800.0000000000025,-9999.9999999999527,-39.999999999998074),(1800.0000000000055,9999.9999999999254,-39.999999999998074),(1800.0000000000025,-9999.9999999999527,2.1657342585967822E-12),(1800.0000000000025,-9999.9999999999527,-39.999999999998074),(1800.0000000000055,9999.9999999999254,2.1657342585967822E-12),(-1799.9999999999939,-9999.9999999999563,2.1657342585967822E-12),(1800.0000000000055,9999.9999999999254,2.1657342585967822E-12),(-1800.0000000000055,9999.9999999999109,2.1657342585967822E-12),(1800.0000000000025,-9999.9999999999527,2.1657342585967822E-12),(-1800.0000000000055,9999.9999999999109,2.1657342585967822E-12),(1800.0000000000055,9999.9999999999254,-39.999999999998074),(-1800.0000000000055,9999.9999999999109,-39.999999999998074),(1800.0000000000055,9999.9999999999254,2.1657342585967822E-12)));
#890=IFCSTYLEDITEM(#888,(#109),$);
#891=IFCSHAPEREPRESENTATION(#12,'Body','Tessellation',(#888));
#892=IFCPRODUCTDEFINITIONSHAPE($,$,(#891));
#893=IFCSURFACEFEATURE('2XfFRWwzD9qfMHjBFXzIXm',#1,'road - line marking','Clear and precise line markings, guiding traffic safely.','linemarking',#894,#903,'454425.1027895.1925011.1918136.1918138.1918144.2051805',.USERDEFINED.);
#894=IFCLOCALPLACEMENT(#883,#895);
#895=IFCAXIS2PLACEMENT3D(#896,#897,#898);
#896=IFCCARTESIANPOINT((1.1550582712516188E-11,6999.9999999919046,-1.0018533496306849E-29));
#897=IFCDIRECTION((0.,0.,1.));
#898=IFCDIRECTION((-4.6629367034256575E-15,1.,0.));
#899=IFCTRIANGULATEDFACESET(#900,((0.,0.,1.),(0.,0.,1.),(0.,0.,1.),(0.,0.,1.)),$,((1,2,3),(2,1,4)),$);
#900=IFCCARTESIANPOINTLIST3D(((-2.8876456781290478E-12,-50.000000000014595,0.),(2000.0000000000018,49.999999999979941,0.),(-8.6629370343871434E-12,49.999999999985718,0.),(2000.0000000000105,-50.000000000020371,0.)));
#901=IFCSTYLEDITEM(#899,(#251),$);
#902=IFCSHAPEREPRESENTATION(#12,'Body','Tessellation',(#899));
#903=IFCPRODUCTDEFINITIONSHAPE($,$,(#902));
#904=IFCSURFACEFEATURE('3kgqjUM35B4wJgRMa9qRTs',#1,'road - line marking','Clear and precise line markings, guiding traffic safely.','linemarking',#905,#911,'454425.1027895.1925011.1918136.1918138.1918144.2051907',.USERDEFINED.);
#905=IFCLOCALPLACEMENT(#883,#906);
#906=IFCAXIS2PLACEMENT3D(#907,#908,#909);
#907=IFCCARTESIANPOINT((0.,2999.9999999919023,-1.0018533496306849E-29));
#908=IFCDIRECTION((0.,0.,1.));
#909=IFCDIRECTION((-4.6629367034256575E-15,1.,0.));
#910=IFCSHAPEREPRESENTATION(#12,'Body','Tessellation',(#899));
#911=IFCPRODUCTDEFINITIONSHAPE($,$,(#910));
#912=IFCSURFACEFEATURE('3YeZLOBOrEnv261fug3ZyX',#1,'road - line marking','Clear and precise line markings, guiding traffic safely.','linemarking',#913,#919,'454425.1027895.1925011.1918136.1918138.1918144.2051908',.USERDEFINED.);
#913=IFCLOCALPLACEMENT(#883,#914);
#914=IFCAXIS2PLACEMENT3D(#915,#916,#917);
#915=IFCCARTESIANPOINT((2.887645678129047E-12,-1000.0000000081005,-1.0018533496306849E-29));
#916=IFCDIRECTION((0.,0.,1.));
#917=IFCDIRECTION((-4.6629367034256575E-15,1.,0.));
#918=IFCSHAPEREPRESENTATION(#12,'Body','Tessellation',(#899));
#919=IFCPRODUCTDEFINITIONSHAPE($,$,(#918));
#920=IFCSURFACEFEATURE('1iXLtViPXCCwrYVlnB19Ks',#1,'road - line marking','Clear and precise line markings, guiding traffic safely.','linemarking',#921,#927,'454425.1027895.1925011.1918136.1918138.1918144.2051909',.USERDEFINED.);
#921=IFCLOCALPLACEMENT(#883,#922);
#922=IFCAXIS2PLACEMENT3D(#923,#924,#925);
#923=IFCCARTESIANPOINT((0.,-5000.0000000080972,-1.0018533496306849E-29));
#924=IFCDIRECTION((0.,0.,1.));
#925=IFCDIRECTION((-4.6629367034256575E-15,1.,0.));
#926=IFCSHAPEREPRESENTATION(#12,'Body','Tessellation',(#899));
#927=IFCPRODUCTDEFINITIONSHAPE($,$,(#926));
#928=IFCSURFACEFEATURE('2VDStrHxP5_9fajgO5lJMP',#1,'road - line marking','Clear and precise line markings, guiding traffic safely.','linemarking',#929,#935,'454425.1027895.1925011.1918136.1918138.1918144.2051910',.USERDEFINED.);
#929=IFCLOCALPLACEMENT(#883,#930);
#930=IFCAXIS2PLACEMENT3D(#931,#932,#933);
#931=IFCCARTESIANPOINT((2.887645678129047E-12,-9000.0000000080836,-1.0018533496306849E-29));
#932=IFCDIRECTION((0.,0.,1.));
#933=IFCDIRECTION((-4.6629367034256575E-15,1.,0.));
#934=IFCSHAPEREPRESENTATION(#12,'Body','Tessellation',(#899));
#935=IFCPRODUCTDEFINITIONSHAPE($,$,(#934));
#936=IFCSLAB('1URig8FeLBeR9AdMrx_PFb',#1,'road - subgrade','A stable subgrade, forming the foundation of the road.','subgrade',#947,#956,'454425.1027895.1925011.1918136.1918138.1918146',$);
#937=IFCPROPERTYENUMERATEDVALUE('Status',$,(IFCLABEL('UNSET')),#58);
#938=IFCPROPERTYSINGLEVALUE('IsExternal',$,$,$);
#939=IFCPROPERTYSINGLEVALUE('LoadBearing',$,IFCBOOLEAN(.T.),$);
#940=IFCPROPERTYSET('0uhc4C7212ovaPmkVmtysA',#1,'Pset_SlabCommon',$,(#937,#938,#939));
#941=IFCRELDEFINESBYPROPERTIES('3RIhEoTHD4LhfiQohEP323',#1,$,$,(#936),#940);
#942=IFCQUANTITYVOLUME('NetVolume',$,$,17.999999999999623,$);
#943=IFCQUANTITYLENGTH('Depth',$,$,249.99999999999656,$);
#944=IFCQUANTITYAREA('NetArea',$,$,71.999999999999488,$);
#945=IFCELEMENTQUANTITY('2cUCb6A3DCJ9FcrG688CLy',#1,'Qto_SlabBaseQuantities',$,$,(#942,#943,#944));
#946=IFCRELDEFINESBYPROPERTIES('35A8mb_L575xSQt2NP$jeT',#1,$,$,(#936),#945);
#947=IFCLOCALPLACEMENT(#850,#948);
#948=IFCAXIS2PLACEMENT3D(#949,#950,#951);
#949=IFCCARTESIANPOINT((7.5078787631355223E-11,8.0680820246925568E-09,-9.0238927441532719E-14));
#950=IFCDIRECTION((0.,0.,1.));
#951=IFCDIRECTION((1.,-2.7755575615628914E-16,0.));
#952=IFCTRIANGULATEDFACESET(#953,((-1.,-8.8817841970012836E-17,0.),(-1.,-8.8817841970012836E-17,0.),(-1.,-8.8817841970012836E-17,0.),(-1.,-8.8817841970012836E-17,0.),(1.6653345369377346E-16,-1.,0.),(1.6653345369377346E-16,-1.,0.),(1.6653345369377346E-16,-1.,0.),(1.6653345369377346E-16,-1.,0.),(0.,0.,-1.),(0.,0.,-1.),(0.,0.,-1.),(0.,0.,-1.),(1.,8.8817841970012836E-17,0.),(1.,8.8817841970012836E-17,0.),(1.,8.8817841970012836E-17,0.),(1.,8.8817841970012836E-17,0.),(0.,0.,1.),(0.,0.,1.),(0.,0.,1.),(0.,0.,1.),(-1.6653345369377346E-16,1.,0.),(-1.6653345369377346E-16,1.,0.),(-1.6653345369377346E-16,1.,0.),(-1.6653345369377346E-16,1.,0.)),$,((1,2,3),(2,1,4),(5,6,7),(6,5,8),(9,10,11),(10,9,12),(13,14,15),(14,13,16),(17,18,19),(18,17,20),(21,22,23),(22,21,24)),$);
#953=IFCCARTESIANPOINTLIST3D(((-1799.9999999999836,9999.9999999999036,-119.99999999999579),(-1799.9999999999852,-9999.9999999999545,-369.99999999999233),(-1799.9999999999852,-9999.9999999999545,-119.99999999999579),(-1799.9999999999836,9999.9999999999036,-369.99999999999233),(1800.0000000000184,-9999.9999999999563,-119.99999999999579),(-1799.9999999999852,-9999.9999999999545,-369.99999999999233),(1800.0000000000184,-9999.9999999999563,-369.99999999999233),(-1799.9999999999852,-9999.9999999999545,-119.99999999999579),(-1799.9999999999836,9999.9999999999036,-369.99999999999233),(1800.0000000000184,-9999.9999999999563,-369.99999999999233),(-1799.9999999999852,-9999.9999999999545,-369.99999999999233),(1800.0000000000141,9999.9999999999036,-369.99999999999233),(1800.0000000000141,9999.9999999999036,-369.99999999999233),(1800.0000000000184,-9999.9999999999563,-119.99999999999579),(1800.0000000000184,-9999.9999999999563,-369.99999999999233),(1800.0000000000141,9999.9999999999036,-119.99999999999579),(1800.0000000000184,-9999.9999999999563,-119.99999999999579),(-1799.9999999999836,9999.9999999999036,-119.99999999999579),(-1799.9999999999852,-9999.9999999999545,-119.99999999999579),(1800.0000000000141,9999.9999999999036,-119.99999999999579),(-1799.9999999999836,9999.9999999999036,-119.99999999999579),(1800.0000000000141,9999.9999999999036,-369.99999999999233),(-1799.9999999999836,9999.9999999999036,-369.99999999999233),(1800.0000000000141,9999.9999999999036,-119.99999999999579)));
#954=IFCSTYLEDITEM(#952,(#137),$);
#955=IFCSHAPEREPRESENTATION(#12,'Body','Tessellation',(#952));
#956=IFCPRODUCTDEFINITIONSHAPE($,$,(#955));
#957=IFCSLAB('34susoRVr6zwuxR_H7WjJP',#1,'road - base course','A solid base course, providing support for the road surface.','subgradebed',#968,#977,'454425.1027895.1925011.1918136.1918138.1918147',$);
#958=IFCPROPERTYENUMERATEDVALUE('Status',$,(IFCLABEL('UNSET')),#58);
#959=IFCPROPERTYSINGLEVALUE('IsExternal',$,IFCBOOLEAN(.T.),$);
#960=IFCPROPERTYSINGLEVALUE('LoadBearing',$,IFCBOOLEAN(.T.),$);
#961=IFCPROPERTYSET('0NLzqLR$n8fOTN9fDXZ9Gx',#1,'Pset_SlabCommon',$,(#958,#959,#960));
#962=IFCRELDEFINESBYPROPERTIES('0Ctt4wpdzCOBuUCMBase7v',#1,$,$,(#957),#961);
#963=IFCQUANTITYVOLUME('NetVolume',$,$,8.6399999999913284,$);
#964=IFCQUANTITYLENGTH('Depth',$,$,120.00000000000287,$);
#965=IFCQUANTITYAREA('NetArea',$,$,71.999999999926004,$);
#966=IFCELEMENTQUANTITY('3gCaYeZVv0VOf$BspyiCIC',#1,'Qto_SlabBaseQuantities',$,$,(#963,#964,#965));
#967=IFCRELDEFINESBYPROPERTIES('3rak6SYbTAiOEvSBrTBjs4',#1,$,$,(#957),#966);
#968=IFCLOCALPLACEMENT(#850,#969);
#969=IFCAXIS2PLACEMENT3D(#970,#971,#972);
#970=IFCCARTESIANPOINT((7.5078787631355223E-11,8.0680820246925568E-09,-9.0238927441532719E-14));
#971=IFCDIRECTION((-1.9721522630525295E-31,-4.7331654313260722E-30,1.));
#972=IFCDIRECTION((1.,0.,3.9443045261050599E-31));
#973=IFCTRIANGULATEDFACESET(#974,((1.,-1.9539925233402851E-15,4.0306720923883622E-13),(1.,-1.9539925233402851E-15,4.0306720923883622E-13),(1.,-1.9539925233402851E-15,4.0306720923883622E-13),(1.,-1.9539925233402851E-15,4.0306720923883622E-13),(1.577721810442024E-30,1.577721810442032E-31,1.),(1.577721810442024E-30,1.577721810442032E-31,1.),(1.577721810442024E-30,1.577721810442032E-31,1.),(1.577721810442024E-30,1.577721810442032E-31,1.),(-2.2204460492503136E-16,-1.,-7.2191141953223794E-14),(-2.2204460492503136E-16,-1.,-7.2191141953223794E-14),(-2.2204460492503136E-16,-1.,-7.2191141953223794E-14),(-2.2204460492503136E-16,-1.,-7.2191141953223794E-14),(2.2204460492503136E-16,1.,3.4061061487390401E-15),(2.2204460492503136E-16,1.,3.4061061487390401E-15),(2.2204460492503136E-16,1.,3.4061061487390401E-15),(2.2204460492503136E-16,1.,3.4061061487390401E-15),(-1.,-2.7533531010704009E-15,4.1209110198298916E-13),(-1.,-2.7533531010704009E-15,4.1209110198298916E-13),(-1.,-2.7533531010704009E-15,4.1209110198298916E-13),(-1.,-2.7533531010704009E-15,4.1209110198298916E-13),(2.5066368733765144E-17,1.2376268898606299E-14,-1.),(2.5066368733765144E-17,1.2376268898606299E-14,-1.),(2.5066368733765144E-17,1.2376268898606299E-14,-1.),(2.5066368733765144E-17,1.2376268898606299E-14,-1.)),$,((1,2,3),(2,1,4),(5,6,7),(6,5,8),(9,10,11),(10,9,12),(13,14,15),(14,13,16),(17,18,19),(18,17,20),(21,22,23),(22,21,24)),$);
#974=IFCCARTESIANPOINTLIST3D(((1800.0000000000155,-9999.9999999999291,-489.99999999999505),(1800.0000000000082,9999.9999999999109,-369.99999999999221),(1800.0000000000211,-9999.9999999999382,-369.99999999999216),(1800.0000000001094,9999.9999999999181,-489.99999999974716),(-1799.9999999999793,-9999.9999999999145,-369.99999999999221),(1800.0000000000082,9999.9999999999109,-369.99999999999221),(-1799.9999999999866,9999.9999999999327,-369.99999999999221),(1800.0000000000211,-9999.9999999999382,-369.99999999999216),(1800.0000000000211,-9999.9999999999382,-369.99999999999216),(-1799.9999999999793,-9999.9999999999309,-489.99999999999505),(1800.0000000000155,-9999.9999999999291,-489.99999999999505),(-1799.9999999999793,-9999.9999999999145,-369.99999999999221),(-1799.9999999999866,9999.9999999999327,-369.99999999999221),(1800.0000000001094,9999.9999999999181,-489.99999999974716),(-1800.0000000000848,9999.9999999999254,-489.99999999974733),(1800.0000000000082,9999.9999999999109,-369.99999999999221),(-1799.9999999999793,-9999.9999999999145,-369.99999999999221),(-1800.0000000000848,9999.9999999999254,-489.99999999974733),(-1799.9999999999793,-9999.9999999999309,-489.99999999999505),(-1799.9999999999866,9999.9999999999327,-369.99999999999221),(1800.0000000001094,9999.9999999999181,-489.99999999974716),(-1799.9999999999793,-9999.9999999999309,-489.99999999999505),(-1800.0000000000848,9999.9999999999254,-489.99999999974733),(1800.0000000000155,-9999.9999999999291,-489.99999999999505)));
#975=IFCSTYLEDITEM(#973,(#165),$);
#976=IFCSHAPEREPRESENTATION(#12,'Body','Tessellation',(#973));
#977=IFCPRODUCTDEFINITIONSHAPE($,$,(#976));
#978=IFCBUILDINGSTOREY('2bgbuMDuj3hg9k0pkgUphW',#1,'road - shoulder','The shoulder, providing additional space and support alongside the road.','shoulder',#979,#988,$,.ELEMENT.,-489.99999999999108);
#979=IFCLOCALPLACEMENT(#843,#980);
#980=IFCAXIS2PLACEMENT3D(#981,#982,#983);
#981=IFCCARTESIANPOINT((1799.999999999995,-9999.9999999997472,-489.99999999999108));
#982=IFCDIRECTION((-1.5654144647214707E-14,-1.,-2.5667961583369159E-14));
#983=IFCDIRECTION((1.,-1.5376588891058418E-14,-3.9376986519941452E-15));
#984=IFCTRIANGULATEDFACESET(#985,((2.1033175201523497E-13,2.6570742937494101E-13,1.),(2.1033175201523497E-13,2.6570742937494101E-13,1.),(2.1033175201523497E-13,2.6570742937494101E-13,1.),(2.1033175201523497E-13,2.6570742937494101E-13,1.),(2.1033175201523497E-13,2.6570742937494101E-13,1.),(0.44721359549995654,0.89442719099991652,-1.5927434093853451E-15),(0.44721359549995654,0.89442719099991652,-1.5927434093853451E-15),(0.44721359549995654,0.89442719099991652,-1.5927434093853451E-15),(0.44721359549995654,0.89442719099991652,-1.5927434093853451E-15),(-3.9787163462857497E-14,-1.,1.1757881581945025E-15),(-3.9787163462857497E-14,-1.,1.1757881581945025E-15),(-3.9787163462857497E-14,-1.,1.1757881581945025E-15),(-3.9787163462857497E-14,-1.,1.1757881581945025E-15),(1.5914865385142997E-14,1.,-1.2844007339178562E-15),(1.5914865385142997E-14,1.,-1.2844007339178562E-15),(1.5914865385142997E-14,1.,-1.2844007339178562E-15),(1.5914865385142997E-14,1.,-1.2844007339178562E-15),(-1.,1.6419163961735125E-14,1.0658141036397387E-15),(-1.,1.6419163961735125E-14,1.0658141036397387E-15),(-1.,1.6419163961735125E-14,1.0658141036397387E-15),(-1.,1.6419163961735125E-14,1.0658141036397387E-15),(-1.,1.6419163961735125E-14,1.0658141036397387E-15),(-1.,1.6419163961735125E-14,1.0658141036397387E-15),(-2.9565239145767656E-13,-7.0938240131345762E-13,-1.),(-2.9565239145767656E-13,-7.0938240131345762E-13,-1.),(-2.9565239145767656E-13,-7.0938240131345762E-13,-1.),(-2.9565239145767656E-13,-7.0938240131345762E-13,-1.),(-2.9565239145767656E-13,-7.0938240131345762E-13,-1.)),$,((1,2,3),(2,1,4),(4,1,5),(6,7,8),(7,6,9),(10,11,12),(11,10,13),(14,15,16),(15,14,17),(18,19,20),(19,18,21),(21,18,22),(21,22,23),(24,25,26),(25,27,28),(27,25,24)),$);
#985=IFCCARTESIANPOINTLIST3D(((1100.0000000000032,-8.6774699574311604E-28,-1.0828671292983799E-10),(2.1206163061409387E-26,120.00000000000298,2.3876017015330091E-10),(0.,0.,0.),(1.0194859685841834E-26,449.99999999999943,1.147839157056283E-10),(200.00000000000057,449.99999999999636,6.4972027757902235E-12),(200.00000000000057,449.99999999999636,6.4972027757902235E-12),(1099.9999999999784,1.5981314049895443E-10,-19999.999999999753),(199.9999999999728,450.00000000015655,-19999.999999999753),(1100.0000000000032,-8.6774699574311604E-28,-1.0828671292983799E-10),(1100.0000000000032,-8.6774699574311604E-28,-1.0828671292983799E-10),(-4.7978687689464918E-11,2.4734490011724117E-10,-19999.999999999178),(1099.9999999999784,1.5981314049895443E-10,-19999.999999999753),(0.,0.,0.),(-2.7765167942561645E-11,450.00000000016007,-19999.999999999643),(200.00000000000057,449.99999999999636,6.4972027757902235E-12),(199.9999999999728,450.00000000015655,-19999.999999999753),(1.0194859685841834E-26,449.99999999999943,1.147839157056283E-10),(2.1206163061409387E-26,120.00000000000298,2.3876017015330091E-10),(-4.7978687689464918E-11,2.4734490011724117E-10,-19999.999999999178),(0.,0.,0.),(-2.4877522264432588E-11,120.00000000016384,-19999.999999999527),(1.0194859685841834E-26,449.99999999999943,1.147839157056283E-10),(-2.7765167942561645E-11,450.00000000016007,-19999.999999999643),(199.9999999999728,450.00000000015655,-19999.999999999753),(-2.4877522264432588E-11,120.00000000016384,-19999.999999999527),(-2.7765167942561645E-11,450.00000000016007,-19999.999999999643),(1099.9999999999784,1.5981314049895443E-10,-19999.999999999753),(-4.7978687689464918E-11,2.4734490011724117E-10,-19999.999999999178)));
#986=IFCSTYLEDITEM(#984,(#165),$);
#987=IFCSHAPEREPRESENTATION(#12,'Body','Tessellation',(#984));
#988=IFCPRODUCTDEFINITIONSHAPE($,$,(#987));
#989=IFCBUILDINGSTOREY('17coQp2iL5FhBqt0CY_3TM',#1,'road - shoulder','The shoulder, providing additional space and support alongside the road.','shoulder',#990,#999,$,.ELEMENT.,-489.99999999997698);
#990=IFCLOCALPLACEMENT(#843,#991);
#991=IFCAXIS2PLACEMENT3D(#992,#993,#994);
#992=IFCCARTESIANPOINT((-1800.0000000003502,-9999.999999999678,-489.99999999997698));
#993=IFCDIRECTION((-1.5654144647214707E-14,-1.,-2.5667961583369153E-14));
#994=IFCDIRECTION((-1.,1.5543122344752192E-14,3.9376986519941413E-15));
#995=IFCTRIANGULATEDFACESET(#996,((2.1033175201523517E-13,-2.6570742937494106E-13,1.),(2.1033175201523517E-13,-2.6570742937494106E-13,1.),(2.1033175201523517E-13,-2.6570742937494106E-13,1.),(2.1033175201523517E-13,-2.6570742937494106E-13,1.),(2.1033175201523517E-13,-2.6570742937494106E-13,1.),(0.44721359549995648,-0.89442719099991652,-1.5133023164813411E-15),(0.44721359549995648,-0.89442719099991652,-1.5133023164813411E-15),(0.44721359549995648,-0.89442719099991652,-1.5133023164813411E-15),(0.44721359549995648,-0.89442719099991652,-1.5133023164813411E-15),(-3.978716346285749E-14,1.,1.1757881581944953E-15),(-3.978716346285749E-14,1.,1.1757881581944953E-15),(-3.978716346285749E-14,1.,1.1757881581944953E-15),(-3.978716346285749E-14,1.,1.1757881581944953E-15),(1.5914865385142994E-14,-1.,-1.2844007339178534E-15),(1.5914865385142994E-14,-1.,-1.2844007339178534E-15),(1.5914865385142994E-14,-1.,-1.2844007339178534E-15),(1.5914865385142994E-14,-1.,-1.2844007339178534E-15),(-1.,-1.6419163961735128E-14,8.8817841969950992E-16),(-1.,-1.6419163961735128E-14,8.8817841969950992E-16),(-1.,-1.6419163961735128E-14,8.8817841969950992E-16),(-1.,-1.6419163961735128E-14,8.8817841969950992E-16),(-1.,-1.6419163961735128E-14,8.8817841969950992E-16),(-1.,-1.6419163961735128E-14,8.8817841969950992E-16),(-2.9565239145767681E-13,7.0938240131345772E-13,-1.),(-2.9565239145767681E-13,7.0938240131345772E-13,-1.),(-2.9565239145767681E-13,7.0938240131345772E-13,-1.),(-2.9565239145767681E-13,7.0938240131345772E-13,-1.),(-2.9565239145767681E-13,7.0938240131345772E-13,-1.)),$,((3,2,1),(4,1,2),(5,1,4),(8,7,6),(9,6,7),(12,11,10),(13,10,11),(16,15,14),(17,14,15),(20,19,18),(21,18,19),(22,18,21),(23,22,21),(26,25,24),(28,27,25),(24,25,27)),$);
#996=IFCCARTESIANPOINTLIST3D(((1100.0000000000036,8.6774699574311604E-28,-1.0828671292983822E-10),(-2.1206163061457652E-26,-120.00000000000298,2.3876017015330096E-10),(0.,0.,0.),(-1.0194859685865036E-26,-449.99999999999943,1.1478391570562833E-10),(200.00000000000065,-449.99999999999636,6.4972027757901839E-12),(200.00000000000065,-449.99999999999636,6.4972027757901839E-12),(1099.9999999999823,-1.5981314049895443E-10,-19999.999999999753),(199.99999999997644,-450.00000000015655,-19999.999999999756),(1100.0000000000036,8.6774699574311604E-28,-1.0828671292983822E-10),(1100.0000000000036,8.6774699574311604E-28,-1.0828671292983822E-10),(-4.4425974010660501E-11,-2.4734490011724117E-10,-19999.999999999181),(1099.9999999999823,-1.5981314049895443E-10,-19999.999999999753),(0.,0.,0.),(-2.4212454263757134E-11,-450.00000000016007,-19999.999999999651),(200.00000000000065,-449.99999999999636,6.4972027757901839E-12),(199.99999999997644,-450.00000000015655,-19999.999999999756),(-1.0194859685865036E-26,-449.99999999999943,1.1478391570562833E-10),(-2.1206163061457652E-26,-120.00000000000298,2.3876017015330096E-10),(-4.4425974010660501E-11,-2.4734490011724117E-10,-19999.999999999181),(0.,0.,0.),(-2.1324808585628099E-11,-120.00000000016384,-19999.999999999527),(-1.0194859685865036E-26,-449.99999999999943,1.1478391570562833E-10),(-2.4212454263757134E-11,-450.00000000016007,-19999.999999999651),(199.99999999997644,-450.00000000015655,-19999.999999999756),(-2.1324808585628099E-11,-120.00000000016384,-19999.999999999527),(-2.4212454263757134E-11,-450.00000000016007,-19999.999999999651),(1099.9999999999823,-1.5981314049895443E-10,-19999.999999999753),(-4.4425974010660501E-11,-2.4734490011724117E-10,-19999.999999999181)));
#997=IFCSTYLEDITEM(#995,(#165),$);
#998=IFCSHAPEREPRESENTATION(#12,'Body','Tessellation',(#995));
#999=IFCPRODUCTDEFINITIONSHAPE($,$,(#998));
#1000=IFCBUILDINGELEMENTPROXYTYPE('2IpkHFcdnD3xuZl6H52fWn',#1,'geo-reference','The reference point for transforming the local engineering coordinate system into the coordinate reference system of the underlying map.',$,$,$,'1028019','origin',.USERDEFINED.);
#1001=IFCRELDEFINESBYTYPE('3530pFWy94WO4ESJ$CWAXG',#1,$,$,(#1002),#1000);
#1002=IFCBUILDINGELEMENTPROXY('3Fit2Fad92zf2f6aWdJtF5',#1,'geo-reference','The reference point for transforming the local engineering coordinate system into the coordinate reference system of the underlying map.','origin',#1008,#1014,'454425.1032696',$);
#1003=IFCSURFACESTYLERENDERING(#1004,0.,$,$,$,$,$,$,.NOTDEFINED.);
#1004=IFCCOLOURRGB($,0.,0.,0.);
#1005=IFCRELASSOCIATESMATERIAL('2EBkr99ef9S8X3ZQxjf56M',#1,$,$,(#1002),#1006);
#1006=IFCMATERIAL('virtual_black',$,$);
#1007=IFCRELCONTAINEDINSPATIALSTRUCTURE('3RQysoO7b3JQ6ILh7YX_FT',#1,$,$,(#1002),#20);
#1008=IFCLOCALPLACEMENT(#22,#7);
#1009=IFCTRIANGULATEDFACESET(#1010,((-1.,-1.1657341758564144E-15,-2.2207240682856108E-14),(-1.,-1.1657341758564144E-15,-2.2207240682856108E-14),(-1.,-1.1657341758564144E-15,-2.2207240682856108E-14),(-3.058371444293475E-33,2.634474752431885E-33,1.),(-3.058371444293475E-33,2.634474752431885E-33,1.),(-3.058371444293475E-33,2.634474752431885E-33,1.),(-3.058371444293475E-33,2.634474752431885E-33,1.),(-3.058371444293475E-33,2.634474752431885E-33,1.),(-3.058371444293475E-33,2.634474752431885E-33,1.),(-3.058371444293475E-33,2.634474752431885E-33,1.),(-3.058371444293475E-33,2.634474752431885E-33,1.),(-3.058371444293475E-33,2.634474752431885E-33,1.),(-3.058371444293475E-33,2.634474752431885E-33,1.),(-3.058371444293475E-33,2.634474752431885E-33,1.),(-3.058371444293475E-33,2.634474752431885E-33,1.),(-3.058371444293475E-33,2.634474752431885E-33,1.),(-3.058371444293475E-33,2.634474752431885E-33,1.),(-3.058371444293475E-33,2.634474752431885E-33,1.),(-3.058371444293475E-33,2.634474752431885E-33,1.),(-3.058371444293475E-33,2.634474752431885E-33,1.),(-3.058371444293475E-33,2.634474752431885E-33,1.),(-0.098017289746323732,0.99518471195591895,-2.3159229402544095E-15),(-0.098017289746323732,0.99518471195591895,-2.3159229402544095E-15),(-0.098017289746323732,0.99518471195591895,-2.3159229402544095E-15),(-6.8278716014447111E-15,1.,-4.5519153505666839E-13),(-6.8278716014447111E-15,1.,-4.5519153505666839E-13),(-6.8278716014447111E-15,1.,-4.5519153505666839E-13),(-0.99518471195591918,0.098017289746321679,-4.4606689675333081E-14),(-0.99518471195591918,0.098017289746321679,-4.4606689675333081E-14),(-0.99518471195591918,0.098017289746321679,-4.4606689675333081E-14),(0.38418346253058744,-0.9232567720401561,-2.9804492955481035E-16),(0.29028468175097144,-0.9569403343682078,-6.03167097886271E-16),(0.38118230962902555,-0.92449989011674949,-3.0803983309785086E-16),(0.,0.,-1.),(0.,0.,-1.),(0.,0.,-1.),(0.,0.,-1.),(0.,0.,-1.),(0.,0.,-1.),(0.,0.,-1.),(0.,0.,-1.),(0.,0.,-1.),(0.,0.,-1.),(0.,0.,-1.),(0.,0.,-1.),(0.,0.,-1.),(0.,0.,-1.),(0.,0.,-1.),(0.,0.,-1.),(0.,0.,-1.),(0.,0.,-1.),(1.1379786002407851E-14,1.,2.7200469777776519E-13),(1.1379786002407851E-14,1.,2.7200469777776519E-13),(1.1379786002407851E-14,1.,2.7200469777776519E-13),(0.9569403343682078,-0.29028468175097127,6.0316709788627129E-16),(0.92325677204015622,-0.38418346253058722,-3.6197686942115373E-17),(0.92449989011674949,-0.38118230962902538,-1.535768368246249E-17),(0.92325677204015622,-0.38418346253058722,-3.6197686942115373E-17),(0.88192130899940246,-0.47139665328975405,-6.5447428224671982E-16),(0.92449989011674949,-0.38118230962902538,-1.535768368246249E-17),(0.98078526529947441,-0.19509039794782235,-7.2849245770993973E-17),(0.9569403343682078,-0.29028468175097139,0.),(0.98078526532005972,-0.19509039784433332,-7.2849245849039372E-17),(0.99518471195591884,-0.098017289746325204,-1.4499691452028129E-16),(0.98078526529947441,-0.19509039794782235,-7.2849245770993973E-17),(0.98078526532005972,-0.19509039784433332,-7.2849245849039372E-17),(0.38418346253058744,-0.9232567720401561,-2.9804492955481035E-16),(0.38118230962902555,-0.92449989011674949,-3.0803983309785086E-16),(0.47139665328975439,-0.88192130899940235,0.),(0.88192130899940258,-0.47139665328975389,6.5447428224671972E-16),(0.83056616057993526,-0.55691996992342219,1.0860671536130761E-15),(0.83237089084896043,-0.55421900009590808,1.0721660721403312E-15),(-1.,6.106226635438361E-16,4.4414481365712235E-14),(-1.,6.106226635438361E-16,4.4414481365712235E-14),(-1.,6.106226635438361E-16,4.4414481365712235E-14),(0.19509039794782204,-0.98078526529947463,-3.7589202637270032E-16),(0.19509039784433291,-0.98078526532005972,-3.7589202612608722E-16),(0.29028468175097144,-0.9569403343682078,-6.031670978862709E-16),(-0.19509039777222231,0.98078526533440358,-2.6103612913489451E-16),(-0.19509039794782199,0.98078526529947463,-2.6103612942548567E-16),(-0.098017289746323982,0.99518471195591907,-1.0069230175019214E-16),(0.63439332934324144,-0.77301041628479861,-7.4668463932404944E-16),(0.70825433999326048,-0.70595735698462059,1.2373091710281315E-17),(0.70595735698462025,-0.70825433999326071,-1.237309171028144E-17),(-0.19509039777222231,0.98078526533440358,-2.6103612913489451E-16),(-0.29028468175097183,0.95694033436820769,-4.1886604019879957E-16),(-0.19509039794782199,0.98078526529947463,-2.6103612942548567E-16),(0.99518471195591895,-0.098017289746323899,-2.6824429186251285E-14),(0.99518471195591895,-0.098017289746323899,-2.6824429186251285E-14),(0.99518471195591895,-0.098017289746323899,-2.6824429186251285E-14),(0.77301041628479839,-0.63439332934324177,7.4668463932404914E-16),(0.70595735698462025,-0.70825433999326071,-1.237309171028144E-17),(0.70825433999326048,-0.70595735698462059,1.2373091710281315E-17),(-0.99518471195591884,0.098017289746325398,0.),(-0.98078526529947441,0.19509039794782265,2.1044637541785246E-16),(-0.98078526533440336,0.19509039777222312,2.1044637503529833E-16),(-0.98078526529947441,0.19509039794782265,2.1044637541785246E-16),(-0.95694033436820758,0.29028468175097177,4.1886604019879927E-16),(-0.98078526533440336,0.19509039777222312,2.1044637503529833E-16),(0.83056616057993526,-0.55691996992342219,1.0860671536130761E-15),(0.77301041628479839,-0.63439332934324177,1.4933692786480981E-15),(0.83237089084896043,-0.55421900009590808,1.0721660721403312E-15),(0.098017289746324371,-0.99518471195591895,-4.639901264648901E-15),(0.098017289746324371,-0.99518471195591895,-4.639901264648901E-15),(0.098017289746324371,-0.99518471195591895,-4.639901264648901E-15),(0.09801728974632451,-0.99518471195591895,-1.4499691452027885E-16),(0.19509039784433291,-0.98078526532005972,-3.7589202612608722E-16),(0.19509039794782204,-0.98078526529947463,-3.7589202637270032E-16),(0.55557021771560966,-0.831469622528346,4.6328260210644891E-17),(0.47139665328975483,-0.88192130899940202,-6.5447428224671992E-16),(0.55557021793905015,-0.83146962237904798,4.6328262131392623E-17),(0.55557021771560966,-0.831469622528346,4.6328260210644891E-17),(0.55557021793905015,-0.83146962237904798,4.6328262131392623E-17),(0.63439332934324155,-0.77301041628479861,7.4668463932404934E-16),(0.94471425471018777,0.32789476505027421,0.),(0.97699032349001214,0.21328363229953121,0.),(0.97699032349001214,0.21328363229953121,0.),(0.94471425471018777,0.32789476505027421,0.),(0.89575963291653848,0.44453872726369803,0.),(0.94471425471018777,0.32789476505027421,0.),(0.94471425471018777,0.32789476505027421,0.),(0.89575963291653848,0.44453872726369803,0.),(0.36763569523471507,-0.92996988961432925,0.),(0.24649919644888388,-0.96914299571841045,0.),(0.36763569523471507,-0.92996988961432925,0.),(0.24649919644888388,-0.96914299571841045,0.),(0.4866110292734116,-0.87361874189458133,0.),(0.36763569523471507,-0.92996988961432925,0.),(0.4866110292734116,-0.87361874189458133,0.),(0.36763569523471507,-0.92996988961432925,0.),(-0.52188823284931851,-0.85301387586217814,0.),(-0.63713827012403468,-0.77074952140325892,0.),(-0.52188823284931851,-0.85301387586217814,0.),(-0.63713827012403468,-0.77074952140325892,0.),(0.99424646999729671,-0.10711655753390543,0.),(0.97528196857666316,-0.22096398296833067,0.),(0.97528196857666316,-0.22096398296833067,0.),(0.99424646999729671,-0.10711655753390543,0.),(0.99999954367255484,-0.00095532961970731974,0.),(0.99424646999729671,-0.10711655753390543,0.),(0.99424646999729671,-0.10711655753390543,0.),(0.99999954367255484,-0.00095532961970731974,0.),(-0.72849437532700456,0.68505178279960521,0.),(-0.85767323566673848,0.51419511940599694,0.),(-0.85767323566673848,0.51419511940599694,0.),(-0.72849437532700456,0.68505178279960521,0.),(-0.72849437532700456,0.68505178279960521,0.),(-0.56691056644854565,0.82377934524300211,0.),(-0.72849437532700456,0.68505178279960521,0.),(-0.56691056644854565,0.82377934524300211,0.),(-0.37908385247768728,0.92536232514117145,0.),(-0.1834995529945839,0.98301979331587619,0.),(-0.37908385247768728,0.92536232514117145,0.),(-0.1834995529945839,0.98301979331587619,0.),(-0.1834995529945839,0.98301979331587619,0.),(-0.012947889549911789,0.99991617256458232,0.),(-0.1834995529945839,0.98301979331587619,0.),(-0.012947889549911789,0.99991617256458232,0.),(-0.56691056644854565,0.82377934524300211,0.),(-0.37908385247768728,0.92536232514117145,0.),(-0.56691056644854565,0.82377934524300211,0.),(-0.37908385247768728,0.92536232514117145,0.),(0.25678560352314495,0.96646839256297168,0.),(0.38760898056242665,0.92182388675242977,0.),(0.25678560352314495,0.96646839256297168,0.),(0.38760898056242665,0.92182388675242977,0.),(-0.021878265380184617,-0.99976064210587645,0.),(0.18338909196229686,-0.98304040656996627,0.),(-0.021878265380184617,-0.99976064210587645,0.),(0.18338909196229686,-0.98304040656996627,0.),(-0.27247815612298332,-0.96216196891990036,0.),(-0.021878265380184617,-0.99976064210587645,0.),(-0.27247815612298332,-0.96216196891990036,0.),(-0.021878265380184617,-0.99976064210587645,0.),(0.99465698704119343,0.10323506250366385,0.),(0.99999954367255484,-0.00095532961970731974,0.),(0.99999954367255484,-0.00095532961970731974,0.),(0.99465698704119343,0.10323506250366385,0.),(0.81721445894754396,-0.5763336950821748,0.),(0.72216892938929134,-0.69171673206936735,0.),(0.72216892938929134,-0.69171673206936735,0.),(0.81721445894754396,-0.5763336950821748,0.),(0.8893220941653559,-0.45728132788180387,0.),(0.81721445894754396,-0.5763336950821748,0.),(0.81721445894754396,-0.5763336950821748,0.),(0.8893220941653559,-0.45728132788180387,0.),(-0.98824867062674349,0.15285471862024486,0.),(-0.99979614953655815,-0.020190576313527841,0.),(-0.99979614953655815,-0.020190576313527841,0.),(-0.98824867062674349,0.15285471862024486,0.),(-0.94478484695849307,0.32769130741845615,0.),(-0.98824867062674349,0.15285471862024486,0.),(-0.98824867062674349,0.15285471862024486,0.),(-0.94478484695849307,0.32769130741845615,0.),(0.38760898056242665,0.92182388675242977,0.),(0.51208173063203166,0.85893672709513569,0.),(0.38760898056242665,0.92182388675242977,0.),(0.51208173063203166,0.85893672709513569,0.),(0.97699032349001214,0.21328363229953121,0.),(0.99465698704119343,0.10323506250366385,0.),(0.99465698704119343,0.10323506250366385,0.),(0.97699032349001214,0.21328363229953121,0.),(0.94532237096960314,0.32613741727132139,0.),(0.85984938504036634,0.51054777939552709,0.),(0.85984938504036634,0.51054777939552709,0.),(0.94532237096960314,0.32613741727132139,0.),(0.85984938504036634,0.51054777939552709,0.),(0.73457614289276185,0.67852626352470169,0.),(0.73457614289276185,0.67852626352470169,0.),(0.85984938504036634,0.51054777939552709,0.),(-0.99979614953655815,-0.020190576313527841,0.),(-0.97463602402286309,-0.22379593534491413,0.),(-0.97463602402286309,-0.22379593534491413,0.),(-0.99979614953655815,-0.020190576313527841,0.),(-0.97463602402286309,-0.22379593534491413,0.),(-0.90888500976649356,-0.41704680675166556,0.),(-0.90888500976649356,-0.41704680675166556,0.),(-0.97463602402286309,-0.22379593534491413,0.),(-0.90888500976649356,-0.41704680675166556,0.),(-0.83016103564629751,-0.55752368101692951,0.),(-0.83016103564629751,-0.55752368101692951,0.),(-0.90888500976649356,-0.41704680675166556,0.),(0.98829919662817123,0.15252769566249838,0.),(0.94532237096960314,0.32613741727132139,0.),(0.94532237096960314,0.32613741727132139,0.),(0.98829919662817123,0.15252769566249838,0.),(-0.85767323566673848,0.51419511940599694,0.),(-0.94478484695849307,0.32769130741845615,0.),(-0.94478484695849307,0.32769130741845615,0.),(-0.85767323566673848,0.51419511940599694,0.),(0.97528196857666316,-0.22096398296833067,0.),(0.94084758618760655,-0.33883007476455551,0.),(0.94084758618760655,-0.33883007476455551,0.),(0.97528196857666316,-0.22096398296833067,0.),(-0.00088755319409736418,-0.99999960612458638,0.),(-0.12780975406149545,-0.99179870274503801,0.),(-0.00088755319409736418,-0.99999960612458638,0.),(-0.12780975406149545,-0.99179870274503801,0.),(0.12233197847190952,-0.9924892377467619,0.),(-0.00088755319409736418,-0.99999960612458638,0.),(0.12233197847190952,-0.9924892377467619,0.),(-0.00088755319409736418,-0.99999960612458638,0.),(0.24649919644888388,-0.96914299571841045,0.),(0.12233197847190952,-0.9924892377467619,0.),(0.24649919644888388,-0.96914299571841045,0.),(0.12233197847190952,-0.9924892377467619,0.),(0.51208173063203166,0.85893672709513569,0.),(0.62919726815267751,0.77724564826649745,0.),(0.51208173063203166,0.85893672709513569,0.),(0.62919726815267751,0.77724564826649745,0.),(0.73628668145011655,0.67666972942431425,0.),(0.82664522583363109,0.56272344060512092,0.),(0.82664522583363109,0.56272344060512092,0.),(0.73628668145011655,0.67666972942431425,0.),(0.82664522583363109,0.56272344060512092,0.),(0.89575963291653848,0.44453872726369803,0.),(0.89575963291653848,0.44453872726369803,0.),(0.82664522583363109,0.56272344060512092,0.),(-0.012947889549911789,0.99991617256458232,0.),(0.12580746189129235,0.9920546771889498,0.),(-0.012947889549911789,0.99991617256458232,0.),(0.12580746189129235,0.9920546771889498,0.),(0.12580746189129235,0.9920546771889498,0.),(0.25678560352314495,0.96646839256297168,0.),(0.12580746189129235,0.9920546771889498,0.),(0.25678560352314495,0.96646839256297168,0.),(0.94084758618760655,-0.33883007476455551,0.),(0.8893220941653559,-0.45728132788180387,0.),(0.8893220941653559,-0.45728132788180387,0.),(0.94084758618760655,-0.33883007476455551,0.),(0.62919726815267751,0.77724564826649745,0.),(0.73628668145011655,0.67666972942431425,0.),(0.62919726815267751,0.77724564826649745,0.),(0.73628668145011655,0.67666972942431425,0.),(-0.12780975406149545,-0.99179870274503801,0.),(-0.26163236387882916,-0.96516760522262468,0.),(-0.12780975406149545,-0.99179870274503801,0.),(-0.26163236387882916,-0.96516760522262468,0.),(-0.39586511141738157,-0.91830867009002171,0.),(-0.52188823284931851,-0.85301387586217814,0.),(-0.39586511141738157,-0.91830867009002171,0.),(-0.52188823284931851,-0.85301387586217814,0.),(-0.83016103564629751,-0.55752368101692951,0.),(-0.74149837720706435,-0.67095466061373343,0.),(-0.74149837720706435,-0.67095466061373343,0.),(-0.83016103564629751,-0.55752368101692951,0.),(-0.63713827012403468,-0.77074952140325892,0.),(-0.74149837720706435,-0.67095466061373343,0.),(-0.63713827012403468,-0.77074952140325892,0.),(-0.74149837720706435,-0.67095466061373343,0.),(-0.26163236387882916,-0.96516760522262468,0.),(-0.39586511141738157,-0.91830867009002171,0.),(-0.26163236387882916,-0.96516760522262468,0.),(-0.39586511141738157,-0.91830867009002171,0.),(0.99998612527312725,0.0052677567557569398,0.),(0.98829919662817123,0.15252769566249838,0.),(0.98829919662817123,0.15252769566249838,0.),(0.99998612527312725,0.0052677567557569398,0.),(0.60789076581495716,-0.79402066524549908,0.),(0.4866110292734116,-0.87361874189458133,0.),(0.60789076581495716,-0.79402066524549908,0.),(0.4866110292734116,-0.87361874189458133,0.),(0.00029585143607892712,0.99999995623596294,0.),(-0.19223371225305855,0.98134917326780702,0.),(0.00029585143607892712,0.99999995623596294,0.),(-0.19223371225305855,0.98134917326780702,0.),(0.19272392771065497,0.98125301919931862,0.),(0.00029585143607892712,0.99999995623596294,0.),(0.19272392771065497,0.98125301919931862,0.),(0.00029585143607892712,0.99999995623596294,0.),(0.99080867056566502,-0.13527075933807681,0.),(0.99998612527312725,0.0052677567557569398,0.),(0.99998612527312725,0.0052677567557569398,0.),(0.99080867056566502,-0.13527075933807681,0.),(0.95191638078115548,-0.30635796709161373,0.),(0.99080867056566502,-0.13527075933807681,0.),(0.99080867056566502,-0.13527075933807681,0.),(0.95191638078115548,-0.30635796709161373,0.),(0.72216892938929134,-0.69171673206936735,0.),(0.60789076581495716,-0.79402066524549908,0.),(0.72216892938929134,-0.69171673206936735,0.),(0.60789076581495716,-0.79402066524549908,0.),(0.73457614289276185,0.67852626352470169,0.),(0.578454045877275,0.81571497277432126,0.),(0.73457614289276185,0.67852626352470169,0.),(0.578454045877275,0.81571497277432126,0.),(0.,-1.,0.),(0.,-1.,0.),(0.,-1.,0.),(0.,-1.,0.),(0.,-1.,0.),(0.,-1.,0.),(0.,-1.,0.),(0.,-1.,0.),(0.96439855220837067,-0.26445308184704269,0.),(0.96439855220837067,-0.26445308184704269,0.),(0.96439855220837067,-0.26445308184704269,0.),(0.96439855220837067,-0.26445308184704269,0.),(-0.96250827159100127,0.27125233108473634,0.),(-0.96720950419288365,0.25397987124761751,0.),(-0.96720950419288365,0.25397987124761751,0.),(-0.96250827159100127,0.27125233108473634,0.),(1.,0.,0.),(1.,0.,0.),(1.,0.,0.),(1.,0.,0.),(0.,0.,1.),(0.,0.,1.),(0.,0.,1.),(0.,0.,1.),(0.,0.,1.),(0.,0.,1.),(0.,0.,1.),(0.,0.,1.),(0.,0.,1.),(0.,0.,1.),(0.97699888778053867,0.21324439799345352,0.),(0.98364992979317956,0.18009113142482358,0.),(0.98364992979317956,0.18009113142482358,0.),(0.97699888778053867,0.21324439799345352,0.),(-0.97315760103204363,0.23013970442658913,0.),(-0.97480157851292271,0.22307371545907045,0.),(-0.97480157851292271,0.22307371545907045,0.),(-0.97315760103204363,0.23013970442658913,0.),(0.96683511104362974,-0.25540138616157154,0.),(0.96335710780617989,-0.26822207746438897,0.),(0.96335710780617989,-0.26822207746438897,0.),(0.96683511104362974,-0.25540138616157154,0.),(0.97014250014533288,-0.24253562503632958,0.),(0.96683511104362974,-0.25540138616157154,0.),(0.96683511104362974,-0.25540138616157154,0.),(0.97014250014533288,-0.24253562503632958,0.),(-0.96493380028554621,-0.26249335432824539,0.),(-0.96380168564778046,-0.26662016192046872,0.),(-0.96380168564778046,-0.26662016192046872,0.),(-0.96493380028554621,-0.26249335432824539,0.),(0.97411713207514827,0.2260438298155657,0.),(0.97678270164890557,0.21423247596819933,0.),(0.97678270164890557,0.21423247596819933,0.),(0.97411713207514827,0.2260438298155657,0.),(0.,0.,-1.),(0.,0.,-1.),(0.,0.,-1.),(0.,0.,-1.),(0.,0.,-1.),(0.,0.,-1.),(0.,0.,-1.),(0.,0.,-1.),(0.,0.,-1.),(0.,0.,-1.),(0.,0.,-1.),(0.,0.,-1.),(0.,0.,-1.),(0.,0.,-1.),(0.,0.,-1.),(0.,0.,-1.),(0.,0.,-1.),(0.,0.,-1.),(0.,0.,-1.),(0.,0.,-1.),(-0.96720950419288365,0.25397987124761751,0.),(-0.97160080470662868,0.2366260262385175,0.),(-0.97160080470662868,0.2366260262385175,0.),(-0.96720950419288365,0.25397987124761751,0.),(0.,0.,1.),(0.,0.,1.),(0.,0.,1.),(0.,0.,1.),(0.,0.,1.),(0.,0.,1.),(0.,0.,1.),(0.,0.,1.),(0.,0.,1.),(0.,0.,1.),(0.,0.,1.),(0.,0.,1.),(0.,0.,1.),(0.,0.,1.),(0.,0.,1.),(0.,0.,1.),(0.,0.,1.),(0.,0.,1.),(0.,0.,1.),(0.,0.,1.),(-0.53612248621204717,-0.8441402014936934,0.),(-0.27247815612298332,-0.96216196891990036,0.),(-0.53612248621204717,-0.8441402014936934,0.),(-0.27247815612298332,-0.96216196891990036,0.),(-0.75842198311894182,-0.65176383416229189,0.),(-0.53612248621204717,-0.8441402014936934,0.),(-0.75842198311894182,-0.65176383416229189,0.),(-0.53612248621204717,-0.8441402014936934,0.),(-0.98960704847748504,0.14379808623093912,0.),(-0.95011151022740969,0.31191043287038495,0.),(-0.95011151022740969,0.31191043287038495,0.),(-0.98960704847748504,0.14379808623093912,0.),(-0.95011151022740969,0.31191043287038495,0.),(-0.86754253017536076,0.4973630045921526,0.),(-0.86754253017536076,0.4973630045921526,0.),(-0.95011151022740969,0.31191043287038495,0.),(0.5444171631195075,-0.83881461152086978,0.),(0.70898708225858775,-0.70522146676803221,0.),(0.5444171631195075,-0.83881461152086978,0.),(0.70898708225858775,-0.70522146676803221,0.),(0.70898708225858775,-0.70522146676803221,0.),(0.85816959873567644,-0.51336628230323811,0.),(0.85816959873567644,-0.51336628230323811,0.),(0.70898708225858775,-0.70522146676803221,0.),(-0.86754253017536076,0.4973630045921526,0.),(-0.74117819907886329,0.67130833244509414,0.),(-0.74117819907886329,0.67130833244509414,0.),(-0.86754253017536076,0.4973630045921526,0.),(-0.58174212955385662,0.81337328128119868,0.),(-0.74117819907886329,0.67130833244509414,0.),(-0.58174212955385662,0.81337328128119868,0.),(-0.74117819907886329,0.67130833244509414,0.),(0.85816959873567644,-0.51336628230323811,0.),(0.95191638078115548,-0.30635796709161373,0.),(0.95191638078115548,-0.30635796709161373,0.),(0.85816959873567644,-0.51336628230323811,0.),(0.370770082790638,-0.92872468778827211,0.),(0.5444171631195075,-0.83881461152086978,0.),(0.370770082790638,-0.92872468778827211,0.),(0.5444171631195075,-0.83881461152086978,0.),(0.18338909196229686,-0.98304040656996627,0.),(0.370770082790638,-0.92872468778827211,0.),(0.18338909196229686,-0.98304040656996627,0.),(0.370770082790638,-0.92872468778827211,0.),(0.578454045877275,0.81571497277432126,0.),(0.392800811108307,0.91962357668377359,0.),(0.578454045877275,0.81571497277432126,0.),(0.392800811108307,0.91962357668377359,0.),(0.392800811108307,0.91962357668377359,0.),(0.19272392771065497,0.98125301919931862,0.),(0.392800811108307,0.91962357668377359,0.),(0.19272392771065497,0.98125301919931862,0.),(-0.90796825247071855,-0.41903896299183185,0.),(-0.98070601170516314,-0.19548841041185108,0.),(-0.98070601170516314,-0.19548841041185108,0.),(-0.90796825247071855,-0.41903896299183185,0.),(-0.98070601170516314,-0.19548841041185108,0.),(-0.99992914869269678,-0.011903679880554852,0.),(-0.99992914869269678,-0.011903679880554852,0.),(-0.98070601170516314,-0.19548841041185108,0.),(-0.19223371225305855,0.98134917326780702,0.),(-0.39352635970202737,0.91931333299352891,0.),(-0.19223371225305855,0.98134917326780702,0.),(-0.39352635970202737,0.91931333299352891,0.),(-0.75842198311894182,-0.65176383416229189,0.),(-0.90796825247071855,-0.41903896299183185,0.),(-0.90796825247071855,-0.41903896299183185,0.),(-0.75842198311894182,-0.65176383416229189,0.),(-0.39352635970202737,0.91931333299352891,0.),(-0.58174212955385662,0.81337328128119868,0.),(-0.39352635970202737,0.91931333299352891,0.),(-0.58174212955385662,0.81337328128119868,0.),(-0.99992914869269678,-0.011903679880554852,0.),(-0.98960704847748504,0.14379808623093912,0.),(-0.98960704847748504,0.14379808623093912,0.),(-0.99992914869269678,-0.011903679880554852,0.),(-0.97146240542771511,0.23719358094307266,0.),(-0.97315760103204363,0.23013970442658913,0.),(-0.97315760103204363,0.23013970442658913,0.),(-0.97146240542771511,0.23719358094307266,0.),(-0.96655155200070264,-0.25647241045584801,0.),(-0.96655155200070264,-0.25647241045584801,0.),(-0.96655155200070264,-0.25647241045584801,0.),(-0.96655155200070264,-0.25647241045584801,0.),(-0.96604824483897556,-0.25836173989879918,0.),(-0.96493380028554621,-0.26249335432824539,0.),(-0.96493380028554621,-0.26249335432824539,0.),(-0.96604824483897556,-0.25836173989879918,0.),(0.,1.,0.),(0.,1.,0.),(0.,1.,0.),(0.,1.,0.),(0.,1.,0.),(0.,1.,0.),(0.,1.,0.),(0.,1.,0.),(0.96220604582436642,0.2723224657993486,0.),(0.96580704170197496,0.25926194899923066,0.),(0.96580704170197496,0.25926194899923066,0.),(0.96220604582436642,0.2723224657993486,0.),(0.96580704170197496,0.25926194899923066,0.),(0.97699888778053867,0.21324439799345352,0.),(0.97699888778053867,0.21324439799345352,0.),(0.96580704170197496,0.25926194899923066,0.),(0.97678270164890557,0.21423247596819933,0.),(0.9793050618474799,0.20238971278181062,0.),(0.9793050618474799,0.20238971278181062,0.),(0.97678270164890557,0.21423247596819933,0.),(0.,1.,0.),(0.,1.,0.),(0.,1.,0.),(0.,1.,0.),(0.,1.,0.),(0.,1.,0.),(0.,1.,0.),(0.,1.,0.),(-1.,0.,0.),(-1.,0.,0.),(-1.,0.,0.),(-1.,0.,0.),(-1.,0.,0.),(-1.,0.,0.),(-1.,0.,0.),(-1.,0.,0.),(0.,-1.,0.),(0.,-1.,0.),(0.,-1.,0.),(0.,-1.,0.),(0.,1.,0.),(0.,1.,0.),(0.,1.,0.),(0.,1.,0.),(0.83116046288361112,0.55603262938347553,0.),(0.83116046288361112,0.55603262938347553,0.),(0.83116046288361112,0.55603262938347553,0.),(0.83116046288361112,0.55603262938347553,0.),(0.,0.,-1.),(0.,0.,-1.),(0.,0.,-1.),(0.,0.,-1.),(0.,0.,-1.),(0.,0.,-1.),(0.,0.,-1.),(0.,0.,-1.),(0.,0.,-1.),(0.,0.,-1.),(0.,-1.,0.),(0.,-1.,0.),(0.,-1.,0.),(0.,-1.,0.),(-0.83138352160901052,-0.55569905524213392,0.),(-0.83138352160901052,-0.55569905524213392,0.),(-0.83138352160901052,-0.55569905524213392,0.),(-0.83138352160901052,-0.55569905524213392,0.),(1.,0.,0.),(1.,0.,0.),(1.,0.,0.),(1.,0.,0.),(0.99518471195591884,-0.098017289746325204,-2.2152306385042895E-15),(0.99518471195591884,-0.098017289746325204,-2.2152306385042895E-15),(0.99518471195591884,-0.098017289746325204,-2.2152306385042895E-15),(-0.77301054756461562,0.63439316937830681,-1.037061631300868E-15),(-0.70903651863340555,0.7051717629373857,-2.891405030981631E-17),(-0.70517176293738626,0.70903651863340489,2.8914050309807041E-17),(-0.70517176293738626,0.70903651863340489,2.8914050309807041E-17),(-0.70903651863340555,0.7051717629373857,-2.891405030981631E-17),(-0.63439316937830692,0.77301054756461574,1.037061631300868E-15),(0.,0.,-1.),(0.,0.,-1.),(0.,0.,-1.),(0.,0.,-1.),(0.,0.,-1.),(0.,0.,-1.),(0.,0.,-1.),(0.,0.,-1.),(0.,0.,-1.),(0.,0.,-1.),(0.,0.,-1.),(0.,0.,-1.),(0.,0.,-1.),(0.,0.,-1.),(0.,0.,-1.),(0.,0.,-1.),(0.,0.,-1.),(0.,0.,-1.),(0.98024846214966488,-0.19776994830665565,2.1628473773691467E-16),(0.99518471195591884,-0.098017289746325398,0.),(0.98131474383443706,-0.19240939044951394,2.0460644107180427E-16),(1.8858807962836784E-33,-1.6032830017092906E-33,1.),(1.8858807962836784E-33,-1.6032830017092906E-33,1.),(1.8858807962836784E-33,-1.6032830017092906E-33,1.),(1.8858807962836784E-33,-1.6032830017092906E-33,1.),(1.8858807962836784E-33,-1.6032830017092906E-33,1.),(1.8858807962836784E-33,-1.6032830017092906E-33,1.),(1.8858807962836784E-33,-1.6032830017092906E-33,1.),(1.8858807962836784E-33,-1.6032830017092906E-33,1.),(1.8858807962836784E-33,-1.6032830017092906E-33,1.),(1.8858807962836784E-33,-1.6032830017092906E-33,1.),(1.8858807962836784E-33,-1.6032830017092906E-33,1.),(1.8858807962836784E-33,-1.6032830017092906E-33,1.),(1.8858807962836784E-33,-1.6032830017092906E-33,1.),(1.8858807962836784E-33,-1.6032830017092906E-33,1.),(1.8858807962836784E-33,-1.6032830017092906E-33,1.),(1.8858807962836784E-33,-1.6032830017092906E-33,1.),(1.8858807962836784E-33,-1.6032830017092906E-33,1.),(1.8858807962836784E-33,-1.6032830017092906E-33,1.),(1.,-8.0491169285323833E-15,-1.1094807944331713E-14),(1.,-8.0491169285323833E-15,-1.1094807944331713E-14),(1.,-8.0491169285323833E-15,-1.1094807944331713E-14),(0.38015729559485173,-0.92492185108040825,-2.1628474042124829E-16),(0.47139685308291951,-0.88192120220772585,0.),(0.38520683757842877,-0.92283026190238582,-2.0460644381602488E-16),(0.38015729559485173,-0.92492185108040825,-2.1628474042124829E-16),(0.38520683757842877,-0.92283026190238582,-2.0460644381602488E-16),(0.29028468175097183,-0.95694033436820769,-4.1886604019879967E-16),(0.098017289746323732,-0.99518471195591895,-1.1076153192521093E-15),(0.098017289746323732,-0.99518471195591895,-1.1076153192521093E-15),(0.098017289746323732,-0.99518471195591895,-1.1076153192521093E-15),(0.19509039777222154,-0.98078526533440369,0.),(0.29028468175097183,-0.95694033436820769,0.),(0.19509039794782199,-0.98078526529947463,0.),(-0.38015729559485223,0.92492185108040781,-2.1628474042124711E-16),(-0.47139685308291973,0.88192120220772563,0.),(-0.38520683757842855,0.92283026190238604,-2.0460644381602579E-16),(-0.8329847671892634,0.5532959222971453,-2.5329039349805858E-16),(-0.77301054756461562,0.63439316937830681,-5.1853081565043388E-16),(-0.82994825726645227,0.55784038062906383,-2.67747417674756E-16),(1.,-1.6653345369377348E-16,-3.219697403130282E-13),(1.,-1.6653345369377348E-16,-3.219697403130282E-13),(1.,-1.6653345369377348E-16,-3.219697403130282E-13),(9.9920072216264089E-16,-1.,-2.2204465124715539E-14),(9.9920072216264089E-16,-1.,-2.2204465124715539E-14),(9.9920072216264089E-16,-1.,-2.2204465124715539E-14),(-0.38015729559485223,0.92492185108040781,-2.1628474042124711E-16),(-0.38520683757842855,0.92283026190238604,-2.0460644381602579E-16),(-0.29028468175097183,0.95694033436820769,-4.1886604019879957E-16),(-0.95694033436820769,0.290284681750972,-4.1886604019879957E-16),(-0.92387950628175197,0.38268349568878246,-2.1044637764329193E-16),(-0.92387950638908756,0.38268349542965163,-2.1044637824259521E-16),(-0.55329592229714475,0.83298476718926395,7.412633709769445E-16),(-0.55784038062906371,0.82994825726645249,7.5750573116743628E-16),(-0.47139685308291973,0.88192120220772563,4.5449607876486333E-16),(-0.55329592229714475,0.83298476718926395,7.412633709769445E-16),(-0.63439316937830692,0.77301054756461574,1.0370616313008684E-15),(-0.55784038062906371,0.82994825726645249,7.5750573116743628E-16),(-0.92387950628175197,0.38268349568878246,-2.1044637764329193E-16),(-0.88192120220772596,0.47139685308291968,0.),(-0.92387950638908756,0.38268349542965163,-2.1044637824259521E-16),(-0.88192120220772596,0.47139685308291968,0.),(-0.8329847671892634,0.5532959222971453,-2.5329039349805858E-16),(-0.82994825726645227,0.55784038062906383,-2.67747417674756E-16),(-0.098017289746324371,0.99518471195591895,3.1319333536380071E-14),(-0.098017289746324371,0.99518471195591895,3.1319333536380071E-14),(-0.098017289746324371,0.99518471195591895,3.1319333536380071E-14),(-6.106226635438361E-16,-1.,3.8857813968252167E-14),(-6.106226635438361E-16,-1.,3.8857813968252167E-14),(-6.106226635438361E-16,-1.,3.8857813968252167E-14),(0.19509039777222154,-0.98078526533440369,0.),(0.19509039794782199,-0.98078526529947463,0.),(0.098017289746323982,-0.99518471195591907,0.),(-0.99518471195591873,0.098017289746325842,-3.9149166920475933E-15),(-0.99518471195591873,0.098017289746325842,-3.9149166920475933E-15),(-0.99518471195591873,0.098017289746325842,-3.9149166920475933E-15),(0.9569403343682078,-0.29028468175097116,4.1886604019879917E-16),(0.98024846214966488,-0.19776994830665565,2.1628473773691467E-16),(0.98131474383443706,-0.19240939044951394,2.0460644107180427E-16),(0.77301054756461585,-0.6343931693783067,-5.1853081565043427E-16),(0.82994825726645227,-0.55784038062906394,-4.8975831349268067E-16),(0.83298476718926351,-0.55329592229714497,-4.8797297747888769E-16),(0.82994825726645227,-0.55784038062906394,-4.8975831349268067E-16),(0.88192120220772519,-0.47139685308292051,-4.5449607876486254E-16),(0.83298476718926351,-0.55329592229714497,-4.8797297747888769E-16),(-0.98110083975926743,0.19349713750766509,0.),(-0.99518471195591873,0.098017289746325786,0.),(-0.98046710348409882,0.19668314362319367,0.),(-0.9569403343682078,0.29028468175097139,0.),(-0.98110083975926743,0.19349713750766509,0.),(-0.98046710348409882,0.19668314362319367,0.),(-0.63439332934324144,0.77301041628479861,-7.4668463932404944E-16),(-0.7082543399932606,0.70595735698462059,1.2373091710282228E-17),(-0.70595735698462037,0.70825433999326071,-1.2373091710280924E-17),(-0.7082543399932606,0.70595735698462059,1.2373091710282228E-17),(-0.77301041628479839,0.63439332934324177,7.4668463932404914E-16),(-0.70595735698462037,0.70825433999326071,-1.2373091710280924E-17),(-0.83237089084896043,0.55421900009590797,7.3792345110787028E-16),(-0.88192130899940258,0.47139665328975389,0.),(-0.83056616057993515,0.55691996992342208,7.6266963281118777E-16),(-0.77301041628479839,0.63439332934324177,1.4933692786480981E-15),(-0.83237089084896043,0.55421900009590797,7.3792345110787028E-16),(-0.83056616057993515,0.55691996992342208,7.6266963281118777E-16),(-0.19349713750766342,0.98110083975926776,-2.2399442865656412E-16),(-0.1966831436231922,0.98046710348409905,-2.3639203333656481E-16),(-0.29028468175097122,0.95694033436820791,-6.0316709788627129E-16),(-0.92449989011674949,0.38118230962902538,-1.535768368246261E-17),(-0.9569403343682078,0.29028468175097127,6.0316709788627129E-16),(-0.92325677204015633,0.38418346253058733,-3.6197686942115921E-17),(-0.88192130899940246,0.47139665328975405,-6.5447428224671982E-16),(-0.92449989011674949,0.38118230962902538,-1.535768368246261E-17),(-0.92325677204015633,0.38418346253058733,-3.6197686942115921E-17),(-0.098017289746322595,0.99518471195591918,1.4499691452027345E-16),(-0.1966831436231922,0.98046710348409905,-2.3639203333656481E-16),(-0.19349713750766342,0.98110083975926776,-2.2399442865656412E-16),(-0.38118230962902555,0.92449989011674938,0.),(-0.38418346253058749,0.9232567720401561,0.),(-0.47139665328975439,0.88192130899940235,0.),(-0.29028468175097144,0.9569403343682078,0.),(-0.38418346253058749,0.9232567720401561,0.),(-0.38118230962902555,0.92449989011674938,0.),(-0.47139665328975439,0.88192130899940235,0.),(-0.55691996992342219,0.83056616057993504,7.6266963281118817E-16),(-0.55421900009590797,0.83237089084896054,7.3792345110786909E-16),(-0.55421900009590797,0.83237089084896054,7.3792345110786909E-16),(-0.55691996992342219,0.83056616057993504,7.6266963281118817E-16),(-0.63439332934324155,0.77301041628479861,1.4933692786480987E-15),(0.70517176293738582,-0.70903651863340544,-1.0276186279282801E-15),(0.709036518633405,-0.70517176293738626,-1.0565326782380913E-15),(0.63439316937830692,-0.77301054756461574,-5.1853081565043368E-16),(0.88192120220772519,-0.47139685308292051,-9.0899215752972508E-16),(0.92283026190238582,-0.38520683757842911,-2.6475873386022617E-16),(0.92492185108040792,-0.3801572955948524,-2.2773706011676267E-16),(0.55329592229714541,-0.83298476718926329,2.3468258398082906E-16),(0.55784038062906394,-0.82994825726645227,2.2201089581792419E-16),(0.47139685308291951,-0.88192120220772585,4.5449607876486284E-16),(0.55329592229714541,-0.83298476718926329,2.3468258398082906E-16),(0.63439316937830692,-0.77301054756461574,0.),(0.55784038062906394,-0.82994825726645227,2.2201089581792419E-16),(0.92283026190238582,-0.38520683757842911,-2.6475873386022617E-16),(0.9569403343682078,-0.29028468175097116,4.1886604019879917E-16),(0.92492185108040792,-0.3801572955948524,-2.2773706011676267E-16),(0.70517176293738582,-0.70903651863340544,-1.0276186279282801E-15),(0.77301054756461596,-0.63439316937830648,-1.5555924469513031E-15),(0.709036518633405,-0.70517176293738626,-1.0565326782380913E-15),(0.,0.,-1.),(0.,0.,-1.),(0.,0.,-1.),(0.,0.,-1.),(0.,0.,-1.),(0.,0.,-1.),(0.,0.,-1.),(0.,0.,-1.),(0.,0.,-1.),(0.,0.,-1.),(0.,0.,-1.),(0.,0.,-1.),(0.,0.,-1.),(0.,0.,-1.),(0.,0.,-1.),(0.,0.,-1.),(0.,0.,-1.),(0.,0.,-1.),(0.,0.,-1.),(0.,0.,-1.),(0.,0.,-1.),(0.,0.,-1.),(0.,0.,-1.),(0.,0.,-1.),(0.,0.,-1.),(0.,0.,-1.),(0.,0.,-1.),(0.,0.,-1.),(0.,0.,-1.),(0.,0.,-1.),(0.,0.,-1.),(0.,0.,-1.),(0.,0.,-1.),(0.,0.,-1.),(0.,0.,-1.),(0.,0.,-1.),(0.,0.,-1.),(0.,0.,-1.),(0.,0.,-1.),(0.,0.,-1.),(0.,0.,-1.),(0.,0.,-1.),(0.,0.,-1.),(0.,0.,-1.),(0.,0.,-1.),(0.,0.,-1.),(0.,0.,-1.),(0.,0.,-1.),(0.,0.,-1.),(0.,0.,-1.),(0.,0.,-1.),(0.,0.,-1.),(0.,0.,-1.),(0.,0.,-1.),(0.,0.,-1.),(0.,0.,-1.),(0.,0.,-1.),(0.,0.,-1.),(0.,0.,-1.),(0.,0.,-1.),(0.,0.,-1.),(0.,0.,-1.),(0.,0.,-1.),(0.,0.,-1.),(0.,0.,-1.),(0.,0.,-1.),(0.,0.,-1.),(0.,0.,-1.),(0.,0.,-1.),(0.,0.,-1.),(0.,0.,-1.),(0.,0.,-1.),(0.,0.,1.),(0.,0.,1.),(0.,0.,1.),(0.,0.,1.),(0.,0.,1.),(0.,0.,1.),(0.,0.,1.),(0.,0.,1.),(0.,0.,1.),(0.,0.,1.),(0.,0.,1.),(0.,0.,1.),(0.,0.,1.),(0.,0.,1.),(0.,0.,1.),(0.,0.,1.),(0.,0.,1.),(0.,0.,1.),(0.,0.,1.),(0.,0.,1.),(0.,0.,1.),(0.,0.,1.),(0.,0.,1.),(0.,0.,1.),(0.,0.,1.),(0.,0.,1.),(0.,0.,1.),(0.,0.,1.),(0.,0.,1.),(0.,0.,1.),(0.,0.,1.),(0.,0.,1.),(0.,0.,1.),(0.,0.,1.),(0.,0.,1.),(0.,0.,1.),(0.,0.,1.),(0.,0.,1.),(0.,0.,1.),(0.,0.,1.),(0.,0.,1.),(0.,0.,1.),(0.,0.,1.),(0.,0.,1.),(0.,0.,1.),(0.,0.,1.),(0.,0.,1.),(0.,0.,1.),(0.,0.,1.),(0.,0.,1.),(0.,0.,1.),(0.,0.,1.),(0.,0.,1.),(0.,0.,1.),(0.,0.,1.),(0.,0.,1.),(0.,0.,1.),(0.,0.,1.),(0.,0.,1.),(0.,0.,1.),(0.,0.,1.),(0.,0.,1.),(0.,0.,1.),(0.,0.,1.),(0.,0.,1.),(0.,0.,1.),(0.,0.,1.),(0.,0.,1.),(0.,0.,1.),(0.,0.,1.),(0.,0.,1.),(0.,0.,1.),(0.,0.,-1.),(0.,0.,-1.),(0.,0.,-1.),(0.,0.,-1.),(0.,0.,1.),(0.,0.,1.),(0.,0.,1.),(0.,0.,1.),(0.,-1.,0.),(0.,-1.,0.),(0.,-1.,0.),(0.,-1.,0.),(-1.,0.,0.),(-1.,0.,0.),(-1.,0.,0.),(-1.,0.,0.),(0.,1.,0.),(0.,1.,0.),(0.,1.,0.),(0.,1.,0.),(1.,0.,0.),(1.,0.,0.),(1.,0.,0.),(1.,0.,0.),(0.,0.,-1.),(0.,0.,-1.),(0.,0.,-1.),(0.,0.,-1.),(0.,0.,-1.),(0.,0.,-1.),(0.,0.,-1.),(0.,0.,-1.),(0.,0.,-1.),(0.,0.,-1.),(0.,0.,-1.),(0.,0.,-1.),(0.,0.,-1.),(0.,0.,-1.),(0.,0.,-1.),(0.,0.,-1.),(0.,0.,-1.),(0.,0.,-1.),(0.,0.,-1.),(0.,0.,-1.),(0.,0.,-1.),(0.,0.,-1.),(0.,0.,-1.),(0.,0.,-1.),(0.,0.,-1.),(0.,0.,-1.),(0.,0.,-1.),(0.,0.,-1.),(0.,0.,-1.),(0.,0.,-1.),(0.,0.,-1.),(0.,0.,-1.),(0.,0.,-1.),(0.,0.,-1.),(0.,0.,-1.),(0.,0.,-1.),(0.,0.,-1.),(0.,0.,-1.),(0.,0.,-1.),(0.,0.,-1.),(0.,0.,-1.),(0.,0.,-1.),(0.,0.,-1.),(0.,0.,-1.),(0.,0.,-1.),(0.,0.,-1.),(0.,0.,-1.),(0.,0.,-1.),(0.,0.,-1.),(0.,0.,-1.),(0.,0.,-1.),(0.,0.,-1.),(0.,0.,-1.),(0.,0.,-1.),(0.,0.,-1.),(0.,0.,-1.),(0.,0.,-1.),(0.,0.,-1.),(0.,0.,-1.),(0.,0.,-1.),(0.,0.,-1.),(0.,0.,-1.),(0.,0.,-1.),(0.,0.,-1.),(0.,0.,-1.),(0.,0.,-1.),(0.,0.,-1.),(0.,0.,-1.),(0.,0.,-1.),(0.,0.,-1.),(0.,0.,1.),(0.,0.,1.),(0.,0.,1.),(0.,0.,1.),(0.,0.,1.),(0.,0.,1.),(0.,0.,1.),(0.,0.,1.),(0.,0.,1.),(0.,0.,1.),(0.,0.,1.),(0.,0.,1.),(0.,0.,1.),(0.,0.,1.),(0.,0.,1.),(0.,0.,1.),(0.,0.,1.),(0.,0.,1.),(0.,0.,1.),(0.,0.,1.),(0.,0.,1.),(0.,0.,1.),(0.,0.,1.),(0.,0.,1.),(0.,0.,1.),(0.,0.,1.),(0.,0.,1.),(0.,0.,1.),(0.,0.,1.),(0.,0.,1.),(0.,0.,1.),(0.,0.,1.),(0.,0.,1.),(0.,0.,1.),(0.,0.,1.),(0.,0.,1.),(0.,0.,1.),(0.,0.,1.),(0.,0.,1.),(0.,0.,1.),(0.,0.,1.),(0.,0.,1.),(0.,0.,1.),(0.,0.,1.),(0.,0.,1.),(0.,0.,1.),(0.,0.,1.),(0.,0.,1.),(0.,0.,1.),(0.,0.,1.),(0.,0.,1.),(0.,0.,1.),(0.,0.,1.),(0.,0.,1.),(0.,0.,1.),(0.,0.,1.),(0.,0.,1.),(0.,0.,1.),(0.,0.,1.),(0.,0.,1.),(0.,0.,1.),(0.,0.,1.),(0.,0.,1.),(0.,0.,1.),(0.,0.,1.),(0.,0.,1.),(0.,0.,1.),(0.,0.,1.),(0.,0.,1.),(0.,0.,1.),(-0.087099420680203876,0.9961996240298292,0.),(-0.087099420680203876,0.9961996240298292,0.),(-0.087099420680203876,0.9961996240298292,0.),(-0.087099420680203876,0.9961996240298292,0.),(0.97746182855712682,0.21111223013780628,0.),(0.94552080710731545,0.32556167361520105,0.),(0.94552080710731545,0.32556167361520105,0.),(0.97746182855712682,0.21111223013780628,0.),(0.94552080710731545,0.32556167361520105,0.),(0.82228120474032995,0.56908138287137078,0.),(0.82228120474032995,0.56908138287137078,0.),(0.94552080710731545,0.32556167361520105,0.),(0.82228120474032995,0.56908138287137078,0.),(0.61899196367046905,0.78539731913941313,0.),(0.61899196367046905,0.78539731913941313,0.),(0.82228120474032995,0.56908138287137078,0.),(0.61899196367046905,0.78539731913941313,0.),(0.3996723632402599,0.91665806169036967,0.),(0.61899196367046905,0.78539731913941313,0.),(0.3996723632402599,0.91665806169036967,0.),(0.3996723632402599,0.91665806169036967,0.),(0.19339585438116996,0.98112080984360817,0.),(0.3996723632402599,0.91665806169036967,0.),(0.19339585438116996,0.98112080984360817,0.),(0.19339585438116996,0.98112080984360817,0.),(0.0062700848272640893,0.9999803428249272,0.),(0.19339585438116996,0.98112080984360817,0.),(0.0062700848272640893,0.9999803428249272,0.),(0.0062700848272640893,0.9999803428249272,0.),(-0.1706379345644615,0.98533379891667916,0.),(0.0062700848272640893,0.9999803428249272,0.),(-0.1706379345644615,0.98533379891667916,0.),(-0.1706379345644615,0.98533379891667916,0.),(-0.36619292031781997,0.930538954106225,0.),(-0.1706379345644615,0.98533379891667916,0.),(-0.36619292031781997,0.930538954106225,0.),(-0.36619292031781997,0.930538954106225,0.),(-0.58971775882297761,0.80760941359595628,0.),(-0.36619292031781997,0.930538954106225,0.),(-0.58971775882297761,0.80760941359595628,0.),(-0.58971775882297761,0.80760941359595628,0.),(-0.80426390651809132,0.59427230178787471,0.),(-0.58971775882297761,0.80760941359595628,0.),(-0.80426390651809132,0.59427230178787471,0.),(-0.95000763702587887,0.31222666380773162,0.),(-0.80426390651809132,0.59427230178787471,0.),(-0.80426390651809132,0.59427230178787471,0.),(-0.95000763702587887,0.31222666380773162,0.),(-0.99999813178113695,0.0019329858344537881,0.),(-0.95000763702587887,0.31222666380773162,0.),(-0.95000763702587887,0.31222666380773162,0.),(-0.99999813178113695,0.0019329858344537881,0.),(-0.94824598252633308,-0.31753670122155864,0.),(-0.99999813178113695,0.0019329858344537881,0.),(-0.99999813178113695,0.0019329858344537881,0.),(-0.94824598252633308,-0.31753670122155864,0.),(-0.78564416376061408,-0.61867863059013573,0.),(-0.94824598252633308,-0.31753670122155864,0.),(-0.94824598252633308,-0.31753670122155864,0.),(-0.78564416376061408,-0.61867863059013573,0.),(-0.78564416376061408,-0.61867863059013573,0.),(-0.56020221884652788,-0.8283558860776129,0.),(-0.78564416376061408,-0.61867863059013573,0.),(-0.56020221884652788,-0.8283558860776129,0.),(-0.56020221884652788,-0.8283558860776129,0.),(-0.35565487410571323,-0.93461736048762201,0.),(-0.56020221884652788,-0.8283558860776129,0.),(-0.35565487410571323,-0.93461736048762201,0.),(-0.35565487410571323,-0.93461736048762201,0.),(-0.26440670812591383,-0.96441126740515526,0.),(-0.35565487410571323,-0.93461736048762201,0.),(-0.26440670812591383,-0.96441126740515526,0.),(-0.26440670812591383,-0.96441126740515526,0.),(-0.31804261441887,-0.94807641855159019,0.),(-0.26440670812591383,-0.96441126740515526,0.),(-0.31804261441887,-0.94807641855159019,0.),(-0.31804261441887,-0.94807641855159019,0.),(-0.46692550000307709,-0.88429665692395143,0.),(-0.31804261441887,-0.94807641855159019,0.),(-0.46692550000307709,-0.88429665692395143,0.),(-0.46692550000307709,-0.88429665692395143,0.),(-0.66273002221499477,-0.7488584096175408,0.),(-0.46692550000307709,-0.88429665692395143,0.),(-0.66273002221499477,-0.7488584096175408,0.),(-0.84339030948018223,-0.53730139202771732,0.),(-0.66273002221499477,-0.7488584096175408,0.),(-0.66273002221499477,-0.7488584096175408,0.),(-0.84339030948018223,-0.53730139202771732,0.),(-0.96192769295351277,-0.27330406789715506,0.),(-0.84339030948018223,-0.53730139202771732,0.),(-0.84339030948018223,-0.53730139202771732,0.),(-0.96192769295351277,-0.27330406789715506,0.),(-0.99998048180499743,0.006247880364198881,0.),(-0.96192769295351277,-0.27330406789715506,0.),(-0.96192769295351277,-0.27330406789715506,0.),(-0.99998048180499743,0.006247880364198881,0.),(-0.95729966840827085,0.28909746603077441,0.),(-0.99998048180499743,0.006247880364198881,0.),(-0.99998048180499743,0.006247880364198881,0.),(-0.95729966840827085,0.28909746603077441,0.),(-0.83068075342860914,0.55674903312289514,0.),(-0.95729966840827085,0.28909746603077441,0.),(-0.95729966840827085,0.28909746603077441,0.),(-0.83068075342860914,0.55674903312289514,0.),(-0.62698383219007991,0.77903226773493905,0.),(-0.83068075342860914,0.55674903312289514,0.),(-0.83068075342860914,0.55674903312289514,0.),(-0.62698383219007991,0.77903226773493905,0.),(-0.62698383219007991,0.77903226773493905,0.),(-0.39405829076990984,0.91908544949612669,0.),(-0.62698383219007991,0.77903226773493905,0.),(-0.39405829076990984,0.91908544949612669,0.),(-0.39405829076990984,0.91908544949612669,0.),(-0.18580751544945262,0.98258616273714217,0.),(-0.39405829076990984,0.91908544949612669,0.),(-0.18580751544945262,0.98258616273714217,0.),(-0.18580751544945262,0.98258616273714217,0.),(-0.0014495197728581503,0.99999894944566237,0.),(-0.18580751544945262,0.98258616273714217,0.),(-0.0014495197728581503,0.99999894944566237,0.),(-0.0014495197728581503,0.99999894944566237,0.),(0.18439541958058675,0.98285214006873878,0.),(-0.0014495197728581503,0.99999894944566237,0.),(0.18439541958058675,0.98285214006873878,0.),(0.18439541958058675,0.98285214006873878,0.),(0.39765323498245803,0.91753577843481737,0.),(0.18439541958058675,0.98285214006873878,0.),(0.39765323498245803,0.91753577843481737,0.),(0.39765323498245803,0.91753577843481737,0.),(0.63111324461133878,0.77569070670992868,0.),(0.39765323498245803,0.91753577843481737,0.),(0.63111324461133878,0.77569070670992868,0.),(0.63111324461133878,0.77569070670992868,0.),(0.8310893844718592,0.55613886307125326,0.),(0.8310893844718592,0.55613886307125326,0.),(0.63111324461133878,0.77569070670992868,0.),(0.8310893844718592,0.55613886307125326,0.),(0.9540840705660083,0.29953895621804594,0.),(0.9540840705660083,0.29953895621804594,0.),(0.8310893844718592,0.55613886307125326,0.),(0.9540840705660083,0.29953895621804594,0.),(0.98622990909128427,0.16538006655518403,0.),(0.98622990909128427,0.16538006655518403,0.),(0.9540840705660083,0.29953895621804594,0.),(0.075056505119014474,-0.99717928229547548,0.),(0.075056505119014474,-0.99717928229547548,0.),(0.075056505119014474,-0.99717928229547548,0.),(0.075056505119014474,-0.99717928229547548,0.),(-0.91768919221598133,-0.3972990642953742,0.),(-0.96555842378818413,-0.26018633755767723,0.),(-0.96555842378818413,-0.26018633755767723,0.),(-0.91768919221598133,-0.3972990642953742,0.),(-0.78784416803368473,-0.61587463569732381,0.),(-0.91768919221598133,-0.3972990642953742,0.),(-0.91768919221598133,-0.3972990642953742,0.),(-0.78784416803368473,-0.61587463569732381,0.),(-0.63199698605983057,-0.77497084436208996,0.),(-0.78784416803368473,-0.61587463569732381,0.),(-0.78784416803368473,-0.61587463569732381,0.),(-0.63199698605983057,-0.77497084436208996,0.),(-0.63199698605983057,-0.77497084436208996,0.),(-0.44922596047361191,-0.89341817556873171,0.),(-0.63199698605983057,-0.77497084436208996,0.),(-0.44922596047361191,-0.89341817556873171,0.),(-0.44922596047361191,-0.89341817556873171,0.),(-0.23786759998517135,-0.97129758821758361,0.),(-0.44922596047361191,-0.89341817556873171,0.),(-0.23786759998517135,-0.97129758821758361,0.),(-0.23786759998517135,-0.97129758821758361,0.),(-0.0067296816889915343,-0.99997735543579447,0.),(-0.23786759998517135,-0.97129758821758361,0.),(-0.0067296816889915343,-0.99997735543579447,0.),(-0.0067296816889915343,-0.99997735543579447,0.),(0.21785673822142915,-0.97598075883263191,0.),(-0.0067296816889915343,-0.99997735543579447,0.),(0.21785673822142915,-0.97598075883263191,0.),(0.21785673822142915,-0.97598075883263191,0.),(0.42674040185011097,-0.90437416450759245,0.),(0.21785673822142915,-0.97598075883263191,0.),(0.42674040185011097,-0.90437416450759245,0.),(0.42674040185011097,-0.90437416450759245,0.),(0.64997568971488129,-0.7599550004965191,0.),(0.42674040185011097,-0.90437416450759245,0.),(0.64997568971488129,-0.7599550004965191,0.),(0.64997568971488129,-0.7599550004965191,0.),(0.89202655719086632,-0.45198298780619001,0.),(0.89202655719086632,-0.45198298780619001,0.),(0.64997568971488129,-0.7599550004965191,0.),(0.89202655719086632,-0.45198298780619001,0.),(0.99981228963109559,-0.019374867809258792,0.),(0.99981228963109559,-0.019374867809258792,0.),(0.89202655719086632,-0.45198298780619001,0.),(0.99981228963109559,-0.019374867809258792,0.),(0.91500232120017522,0.40344857441598614,0.),(0.91500232120017522,0.40344857441598614,0.),(0.99981228963109559,-0.019374867809258792,0.),(0.91500232120017522,0.40344857441598614,0.),(0.64713477236679762,0.76237562027767725,0.),(0.64713477236679762,0.76237562027767725,0.),(0.91500232120017522,0.40344857441598614,0.),(0.64713477236679762,0.76237562027767725,0.),(0.36235316167200854,0.93204087154282,0.),(0.64713477236679762,0.76237562027767725,0.),(0.36235316167200854,0.93204087154282,0.),(0.36235316167200854,0.93204087154282,0.),(0.25508490491421493,0.96691865804984123,0.),(0.36235316167200854,0.93204087154282,0.),(0.25508490491421493,0.96691865804984123,0.),(0.25508490491421493,0.96691865804984123,0.),(0.28595039760148855,0.95824442086116568,0.),(0.25508490491421493,0.96691865804984123,0.),(0.28595039760148855,0.95824442086116568,0.),(0.28595039760148855,0.95824442086116568,0.),(0.42364706687595166,0.90582733604556409,0.),(0.28595039760148855,0.95824442086116568,0.),(0.42364706687595166,0.90582733604556409,0.),(0.42364706687595166,0.90582733604556409,0.),(0.62763824903596976,0.77850512416236683,0.),(0.42364706687595166,0.90582733604556409,0.),(0.62763824903596976,0.77850512416236683,0.),(0.62763824903596976,0.77850512416236683,0.),(0.82695998879544175,0.56226077306837174,0.),(0.82695998879544175,0.56226077306837174,0.),(0.62763824903596976,0.77850512416236683,0.),(0.82695998879544175,0.56226077306837174,0.),(0.95886992032845131,0.28384586642984538,0.),(0.95886992032845131,0.28384586642984538,0.),(0.82695998879544175,0.56226077306837174,0.),(0.95886992032845131,0.28384586642984538,0.),(0.99998755080554047,-0.0049898130162140631,0.),(0.99998755080554047,-0.0049898130162140631,0.),(0.95886992032845131,0.28384586642984538,0.),(0.99998755080554047,-0.0049898130162140631,0.),(0.957401173102709,-0.28876113613427412,0.),(0.957401173102709,-0.28876113613427412,0.),(0.99998755080554047,-0.0049898130162140631,0.),(0.957401173102709,-0.28876113613427412,0.),(0.83502987601119205,-0.55020460391451942,0.),(0.83502987601119205,-0.55020460391451942,0.),(0.957401173102709,-0.28876113613427412,0.),(0.83502987601119205,-0.55020460391451942,0.),(0.64488819476283499,-0.76427692380153145,0.),(0.64488819476283499,-0.76427692380153145,0.),(0.83502987601119205,-0.55020460391451942,0.),(0.64488819476283499,-0.76427692380153145,0.),(0.42113746186410883,-0.90699682370703838,0.),(0.64488819476283499,-0.76427692380153145,0.),(0.42113746186410883,-0.90699682370703838,0.),(0.42113746186410883,-0.90699682370703838,0.),(0.20299205783353799,-0.97918038402354957,0.),(0.42113746186410883,-0.90699682370703838,0.),(0.20299205783353799,-0.97918038402354957,0.),(0.20299205783353799,-0.97918038402354957,0.),(0.008487459676545215,-0.99996398086543059,0.),(0.20299205783353799,-0.97918038402354957,0.),(0.008487459676545215,-0.99996398086543059,0.),(0.008487459676545215,-0.99996398086543059,0.),(-0.17916273136199512,-0.98381945279147109,0.),(0.008487459676545215,-0.99996398086543059,0.),(-0.17916273136199512,-0.98381945279147109,0.),(-0.17916273136199512,-0.98381945279147109,0.),(-0.40107835149177207,-0.91604375221090983,0.),(-0.17916273136199512,-0.98381945279147109,0.),(-0.40107835149177207,-0.91604375221090983,0.),(-0.40107835149177207,-0.91604375221090983,0.),(-0.63883364809787258,-0.76934489668676154,0.),(-0.40107835149177207,-0.91604375221090983,0.),(-0.63883364809787258,-0.76934489668676154,0.),(-0.83407795671713481,-0.55164659168580887,0.),(-0.63883364809787258,-0.76934489668676154,0.),(-0.63883364809787258,-0.76934489668676154,0.),(-0.83407795671713481,-0.55164659168580887,0.),(-0.95577416204846544,-0.29410160006459285,0.),(-0.83407795671713481,-0.55164659168580887,0.),(-0.83407795671713481,-0.55164659168580887,0.),(-0.95577416204846544,-0.29410160006459285,0.),(-0.98763335149575737,-0.15678125848856422,0.),(-0.95577416204846544,-0.29410160006459285,0.),(-0.95577416204846544,-0.29410160006459285,0.),(-0.98763335149575737,-0.15678125848856422,0.)),$,((1,2,3),(4,5,6),(5,4,7),(7,4,8),(8,4,9),(8,9,10),(10,9,11),(11,9,12),(11,12,13),(13,12,14),(14,12,15),(15,12,16),(15,16,17),(17,16,18),(18,16,19),(18,19,20),(18,20,21),(22,23,24),(25,26,27),(28,29,30),(31,32,33),(34,35,36),(35,34,37),(35,37,38),(35,38,39),(39,38,40),(39,40,41),(39,41,42),(42,41,43),(42,43,44),(42,44,45),(42,45,46),(46,45,47),(46,47,48),(46,48,49),(49,48,50),(50,48,51),(52,53,54),(55,56,57),(58,59,60),(61,62,63),(64,65,66),(67,68,69),(70,71,72),(73,74,75),(76,77,78),(79,80,81),(82,83,84),(85,86,87),(88,89,90),(91,92,93),(94,95,96),(97,98,99),(100,101,102),(103,104,105),(106,107,108),(109,110,111),(112,113,114),(115,116,117),(116,115,118),(119,120,121),(120,119,122),(123,124,125),(124,123,126),(127,128,129),(128,127,130),(131,132,133),(132,131,134),(135,136,137),(136,135,138),(139,140,141),(140,139,142),(143,144,145),(144,143,146),(147,148,149),(148,147,150),(151,152,153),(152,151,154),(155,156,157),(156,155,158),(159,160,161),(160,159,162),(163,164,165),(164,163,166),(167,168,169),(168,167,170),(171,172,173),(172,171,174),(175,176,177),(176,175,178),(179,180,181),(180,179,182),(183,184,185),(184,183,186),(187,188,189),(188,187,190),(191,192,193),(192,191,194),(195,196,197),(196,195,198),(199,200,201),(200,199,202),(203,204,205),(204,203,206),(207,208,209),(208,207,210),(211,212,213),(212,211,214),(215,216,217),(216,215,218),(219,220,221),(220,219,222),(223,224,225),(224,223,226),(227,228,229),(228,227,230),(231,232,233),(232,231,234),(235,236,237),(236,235,238),(239,240,241),(240,239,242),(243,244,245),(244,243,246),(247,248,249),(248,247,250),(251,252,253),(252,251,254),(255,256,257),(256,255,258),(259,260,261),(260,259,262),(263,264,265),(264,263,266),(267,268,269),(268,267,270),(271,272,273),(272,271,274),(275,276,277),(276,275,278),(279,280,281),(280,279,282),(283,284,285),(284,283,286),(287,288,289),(288,287,290),(291,292,293),(292,291,294),(295,296,297),(296,295,298),(299,300,301),(300,299,302),(303,304,305),(304,303,306),(307,308,309),(308,307,310),(311,312,313),(312,311,314),(315,316,317),(316,315,318),(319,320,321),(320,319,322),(323,324,325),(324,323,326),(327,328,329),(328,327,330),(331,332,333),(332,331,334),(335,336,337),(336,335,338),(339,340,341),(340,339,342),(343,344,345),(344,343,346),(347,348,349),(348,347,350),(348,350,351),(351,350,352),(351,352,353),(353,352,354),(353,355,356),(355,353,354),(357,358,359),(358,357,360),(361,362,363),(362,361,364),(365,366,367),(366,365,368),(369,370,371),(370,369,372),(373,374,375),(374,373,376),(377,378,379),(378,377,380),(381,382,383),(382,381,384),(382,384,385),(382,385,386),(386,385,387),(386,387,388),(386,388,389),(389,388,390),(390,388,391),(390,391,392),(392,391,393),(393,391,394),(393,394,395),(393,395,396),(393,396,397),(397,396,398),(397,398,399),(397,399,400),(401,402,403),(402,401,404),(405,406,407),(406,405,408),(408,405,409),(409,405,410),(409,410,411),(411,410,412),(412,410,413),(412,413,414),(412,414,415),(415,414,416),(415,416,417),(415,417,418),(418,417,419),(419,417,420),(420,417,421),(420,421,422),(422,421,423),(423,421,424),(425,426,427),(426,425,428),(429,430,431),(430,429,432),(433,434,435),(434,433,436),(437,438,439),(438,437,440),(441,442,443),(442,441,444),(445,446,447),(446,445,448),(449,450,451),(450,449,452),(453,454,455),(454,453,456),(457,458,459),(458,457,460),(461,462,463),(462,461,464),(465,466,467),(466,465,468),(469,470,471),(470,469,472),(473,474,475),(474,473,476),(477,478,479),(478,477,480),(481,482,483),(482,481,484),(485,486,487),(486,485,488),(489,490,491),(490,489,492),(493,494,495),(494,493,496),(497,498,499),(498,497,500),(501,502,503),(502,501,504),(505,506,507),(506,505,508),(509,510,511),(510,509,512),(513,514,515),(514,513,516),(517,518,519),(518,517,520),(521,522,523),(522,521,524),(525,526,527),(526,525,528),(529,530,531),(530,529,532),(533,534,535),(534,533,536),(537,538,539),(538,537,540),(541,542,543),(542,541,544),(545,546,547),(546,545,548),(549,550,551),(550,549,552),(553,554,555),(554,553,556),(557,558,559),(558,557,560),(561,562,563),(562,561,564),(565,566,567),(566,565,568),(568,565,569),(569,565,562),(569,562,564),(570,566,568),(571,572,573),(572,571,574),(575,576,577),(576,575,578),(579,580,581),(580,579,582),(583,584,585),(586,587,588),(589,590,591),(592,593,594),(593,592,595),(593,595,596),(593,596,597),(593,597,598),(593,598,599),(599,598,600),(600,598,601),(600,601,602),(602,601,603),(603,601,604),(604,601,605),(604,605,606),(606,605,607),(607,605,608),(607,608,609),(610,611,612),(613,614,615),(614,613,616),(616,613,617),(617,613,618),(618,613,619),(619,613,620),(619,620,621),(619,621,622),(622,621,623),(622,623,624),(622,624,625),(622,625,626),(626,625,627),(626,627,628),(626,628,629),(629,628,630),(631,632,633),(634,635,636),(637,638,639),(640,641,642),(643,644,645),(646,647,648),(649,650,651),(652,653,654),(655,656,657),(658,659,660),(661,662,663),(664,665,666),(667,668,669),(670,671,672),(673,674,675),(676,677,678),(679,680,681),(682,683,684),(685,686,687),(688,689,690),(691,692,693),(694,695,696),(697,698,699),(700,701,702),(703,704,705),(706,707,708),(709,710,711),(712,713,714),(715,716,717),(718,719,720),(721,722,723),(724,725,726),(727,728,729),(730,731,732),(733,734,735),(736,737,738),(739,740,741),(742,743,744),(745,746,747),(748,749,750),(751,752,753),(754,755,756),(757,758,759),(758,757,760),(758,760,761),(761,760,762),(762,760,763),(763,760,764),(763,764,765),(765,764,766),(765,766,767),(767,766,768),(768,766,769),(768,769,770),(770,769,771),(770,771,772),(772,771,773),(772,773,774),(774,773,775),(774,775,776),(776,775,777),(776,777,778),(778,777,779),(778,779,780),(780,779,781),(780,781,782),(782,781,783),(783,781,784),(784,781,785),(784,785,786),(786,785,787),(786,787,788),(788,787,789),(788,789,790),(790,789,791),(790,791,792),(792,791,793),(792,793,794),(795,796,797),(796,795,798),(796,798,799),(799,798,800),(799,800,801),(801,800,757),(801,757,802),(802,757,759),(802,759,803),(802,803,804),(804,803,805),(804,805,806),(804,806,807),(807,806,808),(807,808,809),(809,808,810),(809,810,811),(811,810,812),(811,812,813),(811,813,814),(814,813,815),(814,815,816),(816,815,817),(816,817,818),(818,817,819),(819,817,820),(819,820,821),(821,820,822),(821,822,823),(823,822,824),(823,824,825),(825,824,826),(825,826,827),(825,827,783),(783,827,828),(783,828,782),(829,830,831),(830,829,832),(832,829,833),(832,833,834),(834,833,835),(834,835,836),(836,835,837),(836,837,838),(838,837,839),(839,837,840),(839,840,841),(841,840,842),(842,840,843),(842,843,844),(844,843,845),(844,845,846),(846,845,847),(846,847,848),(848,847,849),(849,847,850),(849,850,851),(851,850,852),(851,852,853),(853,852,854),(853,854,855),(853,855,856),(856,855,857),(856,857,858),(858,857,859),(858,859,860),(860,859,861),(860,861,862),(862,861,863),(863,861,864),(863,864,865),(865,864,866),(836,867,868),(867,836,838),(868,867,869),(868,869,870),(868,870,871),(868,871,872),(872,871,873),(872,873,874),(874,873,875),(874,875,876),(874,876,877),(877,876,878),(877,878,879),(879,878,880),(879,880,881),(881,880,882),(881,882,883),(883,882,884),(883,884,885),(885,884,886),(885,886,887),(887,886,888),(887,888,889),(889,888,866),(889,866,864),(889,864,890),(889,890,891),(891,890,892),(891,892,893),(893,892,894),(893,894,895),(895,894,896),(895,896,897),(897,896,898),(897,898,899),(899,898,900),(901,902,903),(902,901,904),(905,906,907),(906,905,908),(909,910,911),(910,909,912),(913,914,915),(914,913,916),(917,918,919),(918,917,920),(921,922,923),(922,921,924),(925,926,927),(926,925,928),(928,925,929),(929,925,930),(929,930,931),(931,930,932),(932,930,933),(933,930,934),(933,934,935),(933,935,936),(936,935,937),(936,937,938),(938,937,939),(939,937,940),(940,937,941),(940,941,942),(942,941,943),(943,941,944),(944,941,945),(944,945,946),(947,948,949),(948,947,950),(950,947,951),(950,951,952),(952,951,927),(952,927,953),(953,927,926),(953,926,954),(953,954,955),(953,955,956),(956,955,957),(956,957,958),(958,957,959),(958,959,960),(960,959,961),(960,961,962),(960,962,963),(963,962,964),(964,962,965),(964,965,966),(966,965,967),(967,965,968),(968,965,969),(969,965,970),(969,970,971),(971,970,972),(971,972,973),(974,975,976),(975,974,977),(977,974,978),(978,974,979),(978,979,980),(980,979,981),(980,981,982),(980,982,983),(983,982,984),(983,984,985),(983,985,986),(986,985,987),(986,987,988),(986,988,989),(989,988,990),(989,990,991),(991,990,992),(991,992,993),(991,993,968),(968,993,994),(968,994,967),(995,996,997),(996,995,998),(996,998,999),(996,999,1000),(1000,999,1001),(1000,1001,1002),(1002,1001,1003),(1003,1001,1004),(1003,1004,1005),(1005,1004,1006),(1006,1004,1007),(1006,1007,1008),(1008,1007,1009),(1009,1007,1010),(1009,1010,1011),(1011,1010,1012),(1011,1012,1013),(1013,1012,1014),(1014,1012,1015),(1014,1015,1016),(1016,1015,1017),(1018,1019,1020),(1019,1018,1021),(1019,1021,1022),(1022,1021,1023),(1022,1023,1024),(1024,1023,1025),(1024,1025,1026),(1026,1025,1027),(1027,1025,1028),(1028,1025,1029),(1028,1029,1030),(1030,1029,1031),(1030,1031,1032),(1032,1031,1033),(1032,1033,1034),(1034,1033,1035),(1035,1033,1036),(1035,1036,1037),(1035,1037,1038),(1038,1037,1039),(1038,1039,1017),(1038,1017,1015),(1038,1015,1040),(1038,1040,1041),(1041,1040,1042),(1041,1042,1043),(1043,1042,1044),(1026,1045,1024),(1045,1026,1046),(1045,1046,1047),(1045,1047,1048),(1048,1047,1049),(1048,1049,1050),(1048,1050,1051),(1048,1051,1052),(1052,1051,1053),(1053,1051,1054),(1053,1054,1055),(1055,1054,1056),(1055,1056,1057),(1055,1057,1058),(1055,1058,1059),(1059,1058,1060),(1059,1060,1061),(1059,1061,1062),(1059,1062,1063),(1063,1062,1064),(1065,1066,1067),(1066,1065,1068),(1069,1070,1071),(1070,1069,1072),(1073,1074,1075),(1074,1073,1076),(1077,1078,1079),(1078,1077,1080),(1081,1082,1083),(1082,1081,1084),(1085,1086,1087),(1086,1085,1088),(1089,1090,1091),(1090,1089,1092),(1093,1094,1095),(1094,1093,1096),(1097,1098,1099),(1098,1097,1100),(1101,1102,1103),(1102,1101,1104),(1105,1106,1107),(1106,1105,1108),(1109,1110,1111),(1110,1109,1112),(1113,1114,1115),(1114,1113,1116),(1117,1118,1119),(1118,1117,1120),(1121,1122,1123),(1122,1121,1124),(1125,1126,1127),(1126,1125,1128),(1129,1130,1131),(1130,1129,1132),(1133,1134,1135),(1134,1133,1136),(1137,1138,1139),(1138,1137,1140),(1141,1142,1143),(1142,1141,1144),(1145,1146,1147),(1146,1145,1148),(1149,1150,1151),(1150,1149,1152),(1153,1154,1155),(1154,1153,1156),(1157,1158,1159),(1158,1157,1160),(1161,1162,1163),(1162,1161,1164),(1165,1166,1167),(1166,1165,1168),(1169,1170,1171),(1170,1169,1172),(1173,1174,1175),(1174,1173,1176),(1177,1178,1179),(1178,1177,1180),(1181,1182,1183),(1182,1181,1184),(1185,1186,1187),(1186,1185,1188),(1189,1190,1191),(1190,1189,1192),(1193,1194,1195),(1194,1193,1196),(1197,1198,1199),(1198,1197,1200),(1201,1202,1203),(1202,1201,1204),(1205,1206,1207),(1206,1205,1208),(1209,1210,1211),(1210,1209,1212),(1213,1214,1215),(1214,1213,1216),(1217,1218,1219),(1218,1217,1220),(1221,1222,1223),(1222,1221,1224),(1225,1226,1227),(1226,1225,1228),(1229,1230,1231),(1230,1229,1232),(1233,1234,1235),(1234,1233,1236),(1237,1238,1239),(1238,1237,1240),(1241,1242,1243),(1242,1241,1244),(1245,1246,1247),(1246,1245,1248),(1249,1250,1251),(1250,1249,1252),(1253,1254,1255),(1254,1253,1256),(1257,1258,1259),(1258,1257,1260),(1261,1262,1263),(1262,1261,1264),(1265,1266,1267),(1266,1265,1268),(1269,1270,1271),(1270,1269,1272),(1273,1274,1275),(1274,1273,1276),(1277,1278,1279),(1278,1277,1280),(1281,1282,1283),(1282,1281,1284),(1285,1286,1287),(1286,1285,1288),(1289,1290,1291),(1290,1289,1292),(1293,1294,1295),(1294,1293,1296),(1297,1298,1299),(1298,1297,1300),(1301,1302,1303),(1302,1301,1304),(1305,1306,1307),(1306,1305,1308),(1309,1310,1311),(1310,1309,1312),(1313,1314,1315),(1314,1313,1316),(1317,1318,1319),(1318,1317,1320),(1321,1322,1323),(1322,1321,1324),(1325,1326,1327),(1326,1325,1328),(1329,1330,1331),(1330,1329,1332),(1333,1334,1335),(1334,1333,1336),(1337,1338,1339),(1338,1337,1340),(1341,1342,1343),(1342,1341,1344)),$);
#1010=IFCCARTESIANPOINTLIST3D(((0.3000000000028194,-300.00001192092435,-7.4505806537672468E-07),(0.29999999999993177,-499.99999999999602,4.9999982118606656),(0.29999999999993177,-300.00001192092435,4.9999982118606656),(97.845161843300502,-490.39262533187622,4.9999982118606656),(0.29999999999993177,-300.00001192092435,4.9999982118606656),(0.29999999999993177,-499.99999999999602,4.9999982118606656),(58.827097105972186,-294.23558712005712,4.9999982118606656),(115.10502784251932,-277.16386318207202,4.9999982118606656),(191.6417130708704,-461.93975210189342,4.9999982118606656),(166.97106747627686,-249.44087862968175,4.9999982118606656),(212.43203668594376,-212.13203668595537,4.9999982118606656),(278.08512239455843,-415.73479771613819,4.9999982118606656),(249.74087862968167,-166.67106747627403,4.9999982118606656),(277.46386318207487,-114.80502784252516,4.9999982118606656),(294.53558712004838,-58.527097105975145,4.9999982118606656),(353.85338454247022,-353.55338454247317,4.9999982118606656),(300.30001192093584,0.,4.9999982118606656),(500.29999999999598,0.,4.9999982118606656),(416.03479771614099,-277.78512239456427,4.9999982118606656),(462.23975210189047,-191.34171307086757,4.9999982118606656),(490.69262533187907,-97.545161843297677,4.9999982118606656),(58.827097105972186,-294.23558712005712,4.9999982118606656),(0.3000000000028194,-300.00001192092435,-7.4505806537672468E-07),(0.29999999999993177,-300.00001192092435,4.9999982118606656),(300.30001192093584,0.,4.9999982118606656),(500.29999999998728,1.1550582712516188E-11,-7.4505806537672468E-07),(300.30001192093295,-1.1550582712516188E-11,-7.4505806537672468E-07),(300.30001192093584,0.,4.9999982118606656),(300.30001192093295,-1.1550582712516188E-11,-7.4505806537672468E-07),(294.53558712004838,-58.527097105975145,4.9999982118606656),(191.6417130708704,-461.93975210189342,4.9999982118606656),(97.845161843300502,-490.39262533187622,-7.4505806537672468E-07),(191.6417130708704,-461.93975210189342,-7.4505806537672468E-07),(0.3000000000028194,-300.00001192092435,-7.4505806537672468E-07),(97.845161843300502,-490.39262533187622,-7.4505806537672468E-07),(0.29999999999993177,-499.99999999999602,-7.4505806537672468E-07),(58.827097105972186,-294.23558712005712,-7.4505806537672468E-07),(115.10502784251932,-277.16386318207202,-7.4505806537672468E-07),(191.6417130708704,-461.93975210189342,-7.4505806537672468E-07),(166.97106747627686,-249.44087862968175,-7.4505806537672468E-07),(212.43203668594376,-212.13203668595537,-7.4505806537672468E-07),(278.08512239455843,-415.73479771613819,-7.4505806537672468E-07),(249.74087862968167,-166.67106747627403,-7.4505806537672468E-07),(277.46386318207487,-114.80502784252516,-7.4505806537672468E-07),(294.53558712004838,-58.527097105975145,-7.4505806537672468E-07),(353.85338454247022,-353.55338454247317,-7.4505806537672468E-07),(300.30001192093295,-1.1550582712516188E-11,-7.4505806537672468E-07),(500.29999999998728,1.1550582712516188E-11,-7.4505806537672468E-07),(416.03479771614099,-277.78512239456427,-7.4505806537672468E-07),(462.23975210189047,-191.34171307086757,-7.4505806537672468E-07),(490.69262533187907,-97.545161843297677,-7.4505806537672468E-07),(500.29999999999598,0.,4.9999982118606656),(500.29999999998728,1.1550582712516188E-11,-7.4505806537672468E-07),(300.30001192093584,0.,4.9999982118606656),(490.69262533187907,-97.545161843297677,-7.4505806537672468E-07),(462.23975210189047,-191.34171307086757,4.9999982118606656),(462.23975210189047,-191.34171307086757,-7.4505806537672468E-07),(462.23975210189047,-191.34171307086757,4.9999982118606656),(416.03479771614099,-277.78512239456427,4.9999982118606656),(462.23975210189047,-191.34171307086757,-7.4505806537672468E-07),(490.69262533187907,-97.545161843297677,4.9999982118606656),(462.23975210189047,-191.34171307086757,4.9999982118606656),(490.69262533187907,-97.545161843297677,-7.4505806537672468E-07),(500.29999999999598,0.,4.9999982118606656),(490.69262533187907,-97.545161843297677,4.9999982118606656),(490.69262533187907,-97.545161843297677,-7.4505806537672468E-07),(191.6417130708704,-461.93975210189342,4.9999982118606656),(191.6417130708704,-461.93975210189342,-7.4505806537672468E-07),(278.08512239455843,-415.73479771613819,4.9999982118606656),(462.23975210189047,-191.34171307086757,-7.4505806537672468E-07),(416.03479771614099,-277.78512239456427,4.9999982118606656),(416.03479771614099,-277.78512239456427,-7.4505806537672468E-07),(0.3000000000028194,-300.00001192092435,-7.4505806537672468E-07),(0.29999999999993177,-499.99999999999602,-7.4505806537672468E-07),(0.29999999999993177,-499.99999999999602,4.9999982118606656),(97.845161843300502,-490.39262533187622,4.9999982118606656),(97.845161843300502,-490.39262533187622,-7.4505806537672468E-07),(191.6417130708704,-461.93975210189342,4.9999982118606656),(58.827097105972186,-294.23558712005712,4.9999982118606656),(58.827097105972186,-294.23558712005712,-7.4505806537672468E-07),(0.3000000000028194,-300.00001192092435,-7.4505806537672468E-07),(278.08512239455843,-415.73479771613819,4.9999982118606656),(353.85338454247022,-353.55338454247317,-7.4505806537672468E-07),(353.85338454247022,-353.55338454247317,4.9999982118606656),(58.827097105972186,-294.23558712005712,4.9999982118606656),(115.10502784251932,-277.16386318207202,-7.4505806537672468E-07),(58.827097105972186,-294.23558712005712,-7.4505806537672468E-07),(500.29999999998728,1.1550582712516188E-11,-7.4505806537672468E-07),(500.29999999999598,0.,4.9999982118606656),(490.69262533187907,-97.545161843297677,-7.4505806537672468E-07),(416.03479771614099,-277.78512239456427,-7.4505806537672468E-07),(353.85338454247022,-353.55338454247317,4.9999982118606656),(353.85338454247022,-353.55338454247317,-7.4505806537672468E-07),(300.30001192093295,-1.1550582712516188E-11,-7.4505806537672468E-07),(294.53558712004838,-58.527097105975145,-7.4505806537672468E-07),(294.53558712004838,-58.527097105975145,4.9999982118606656),(294.53558712004838,-58.527097105975145,-7.4505806537672468E-07),(277.46386318207487,-114.80502784252516,-7.4505806537672468E-07),(294.53558712004838,-58.527097105975145,4.9999982118606656),(416.03479771614099,-277.78512239456427,4.9999982118606656),(353.85338454247022,-353.55338454247317,4.9999982118606656),(416.03479771614099,-277.78512239456427,-7.4505806537672468E-07),(0.29999999999993177,-499.99999999999602,4.9999982118606656),(0.29999999999993177,-499.99999999999602,-7.4505806537672468E-07),(97.845161843300502,-490.39262533187622,-7.4505806537672468E-07),(0.29999999999993177,-499.99999999999602,4.9999982118606656),(97.845161843300502,-490.39262533187622,-7.4505806537672468E-07),(97.845161843300502,-490.39262533187622,4.9999982118606656),(278.08512239455843,-415.73479771613819,4.9999982118606656),(191.6417130708704,-461.93975210189342,-7.4505806537672468E-07),(278.08512239455843,-415.73479771613819,-7.4505806537672468E-07),(278.08512239455843,-415.73479771613819,4.9999982118606656),(278.08512239455843,-415.73479771613819,-7.4505806537672468E-07),(353.85338454247022,-353.55338454247317,-7.4505806537672468E-07),(877.31312038899864,53.796738765929689,0.),(881.79312541918625,37.789235412480593,4.9999982118606656),(881.79312541918625,37.789235412480593,0.),(877.31312038899864,53.796738765929689,4.9999982118606656),(871.0411133467486,68.829644533866031,0.),(877.31312038899864,53.796738765929689,4.9999982118606656),(877.31312038899864,53.796738765929689,0.),(871.0411133467486,68.829644533866031,4.9999982118606656),(813.42458081824077,-115.37453890005999,4.9999982118606656),(798.77417840376359,-120.11653252850228,0.),(813.42458081824077,-115.37453890005999,0.),(798.77417840376359,-120.11653252850228,4.9999982118606656),(827.53004694836022,-108.73574782025234,4.9999982118606656),(813.42458081824077,-115.37453890005999,0.),(827.53004694836022,-108.73574782025234,0.),(813.42458081824077,-115.37453890005999,4.9999982118606656),(705.79966465459574,-107.14285714285587,4.9999982118606656),(692.9622233400496,-97.994215291743231,0.),(705.79966465459574,-107.14285714285587,0.),(692.9622233400496,-97.994215291743231,4.9999982118606656),(884.43397048960412,-15.352531857818303,0.),(881.60449362843747,-32.570422535216267,4.9999982118606656),(881.60449362843747,-32.570422535216267,0.),(884.43397048960412,-15.352531857818303,4.9999982118606656),(885.37712944331679,2.8504359490325442,0.),(884.43397048960412,-15.352531857818303,4.9999982118606656),(884.43397048960412,-15.352531857818303,0.),(885.37712944331679,2.8504359490325442,4.9999982118606656),(683.16384976525592,95.824949698188902,4.9999982118606656),(668.7859154929447,76.851735412481446,0.),(668.7859154929447,76.851735412481446,4.9999982118606656),(683.16384976525592,95.824949698188902,0.),(683.16384976525592,95.824949698188902,4.9999982118606656),(700.7904426559403,110.97313044936836,0.),(683.16384976525592,95.824949698188902,0.),(700.7904426559403,110.97313044936836,4.9999982118606656),(720.80637156270768,121.79325955735038,4.9999982118606656),(743.21163648557854,128.2853370221292,0.),(720.80637156270768,121.79325955735038,0.),(743.21163648557854,128.2853370221292,4.9999982118606656),(743.21163648557854,128.2853370221292,4.9999982118606656),(768.006237424544,130.44936284372793,0.),(743.21163648557854,128.2853370221292,0.),(768.006237424544,130.44936284372793,4.9999982118606656),(700.7904426559403,110.97313044936836,4.9999982118606656),(720.80637156270768,121.79325955735038,0.),(700.7904426559403,110.97313044936836,0.),(720.80637156270768,121.79325955735038,4.9999982118606656),(800.36706908115434,126.3832997987909,4.9999982118606656),(815.28993963782625,121.30072099262105,0.),(800.36706908115434,126.3832997987909,0.),(815.28993963782625,121.30072099262105,4.9999982118606656),(768.17391012742996,102.44802146211237,4.9999982118606656),(751.50619550637134,100.96516599596875,0.),(768.17391012742996,102.44802146211237,0.),(751.50619550637134,100.96516599596875,4.9999982118606656),(791.29178403756475,99.36703554659934,4.9999982118606656),(768.17391012742996,102.44802146211237,0.),(791.29178403756475,99.36703554659934,0.),(768.17391012742996,102.44802146211237,4.9999982118606656),(884.48112843729427,20.807134473495623,0.),(885.37712944331679,2.8504359490325442,4.9999982118606656),(885.37712944331679,2.8504359490325442,0.),(884.48112843729427,20.807134473495623,4.9999982118606656),(861.95534875922476,-77.910169349428543,0.),(852.05217974514539,-89.97736418512963,4.9999982118606656),(852.05217974514539,-89.97736418512963,0.),(861.95534875922476,-77.910169349428543,4.9999982118606656),(870.28658618376471,-64.05097250167087,0.),(861.95534875922476,-77.910169349428543,4.9999982118606656),(861.95534875922476,-77.910169349428543,0.),(870.28658618376471,-64.05097250167087,4.9999982118606656),(652.35399061032786,28.939260563381229,4.9999982118606656),(650.29999999999939,5.775291356258094E-12,0.),(650.29999999999939,5.775291356258094E-12,4.9999982118606656),(652.35399061032786,28.939260563381229,0.),(658.51596244131645,54.556505700869273,4.9999982118606656),(652.35399061032786,28.939260563381229,0.),(652.35399061032786,28.939260563381229,4.9999982118606656),(658.51596244131645,54.556505700869273,0.),(815.28993963782625,121.30072099262105,4.9999982118606656),(829.37444668007993,114.1851106639856,0.),(815.28993963782625,121.30072099262105,0.),(829.37444668007993,114.1851106639856,4.9999982118606656),(881.79312541918625,37.789235412480593,0.),(884.48112843729427,20.807134473495623,4.9999982118606656),(884.48112843729427,20.807134473495623,0.),(881.79312541918625,37.789235412480593,4.9999982118606656),(689.80788061703083,-40.220489604289554,0.),(697.27455566732522,-56.542379275647676,4.9999982118606656),(697.27455566732522,-56.542379275647676,0.),(689.80788061703083,-40.220489604289554,4.9999982118606656),(697.27455566732522,-56.542379275647676,0.),(707.72790073775832,-70.50637156272569,4.9999982118606656),(707.72790073775832,-70.50637156272569,0.),(697.27455566732522,-56.542379275647676,4.9999982118606656),(650.29999999999939,5.775291356258094E-12,4.9999982118606656),(653.8211267605642,-31.522468142186199,0.),(653.8211267605642,-31.522468142186199,4.9999982118606656),(650.29999999999939,5.775291356258094E-12,0.),(653.8211267605642,-31.522468142186199,4.9999982118606656),(664.3845070422559,-61.368209255530061,0.),(664.3845070422559,-61.368209255530061,4.9999982118606656),(653.8211267605642,-31.522468142186199,0.),(664.3845070422559,-61.368209255530061,4.9999982118606656),(672.25464453385803,-75.10689134807744,0.),(672.25464453385803,-75.10689134807744,4.9999982118606656),(664.3845070422559,-61.368209255530061,0.),(685.3278755868547,-21.540702548622448,0.),(689.80788061703083,-40.220489604289554,4.9999982118606656),(689.80788061703083,-40.220489604289554,0.),(685.3278755868547,-21.540702548622448,4.9999982118606656),(668.7859154929447,76.851735412481446,4.9999982118606656),(658.51596244131645,54.556505700869273,0.),(658.51596244131645,54.556505700869273,4.9999982118606656),(668.7859154929447,76.851735412481446,0.),(881.60449362843747,-32.570422535216267,0.),(876.8886988598166,-48.803236083161345,4.9999982118606656),(876.8886988598166,-48.803236083161345,0.),(881.60449362843747,-32.570422535216267,4.9999982118606656),(767.83856472165803,-123.91012743125033,4.9999982118606656),(750.94553990609768,-122.86217303824337,0.),(767.83856472165803,-123.91012743125033,0.),(750.94553990609768,-122.86217303824337,4.9999982118606656),(783.57883970490275,-122.96172870556188,4.9999982118606656),(767.83856472165803,-123.91012743125033,0.),(783.57883970490275,-122.96172870556188,0.),(767.83856472165803,-123.91012743125033,4.9999982118606656),(798.77417840376359,-120.11653252850228,4.9999982118606656),(783.57883970490275,-122.96172870556188,0.),(798.77417840376359,-120.11653252850228,0.),(783.57883970490275,-122.96172870556188,4.9999982118606656),(829.37444668007993,114.1851106639856,4.9999982118606656),(842.22760731053336,105.25129946343458,0.),(829.37444668007993,114.1851106639856,0.),(842.22760731053336,105.25129946343458,4.9999982118606656),(853.45643863179305,94.714118041587426,0.),(863.06094064386764,82.573566398397901,4.9999982118606656),(863.06094064386764,82.573566398397901,0.),(853.45643863179305,94.714118041587426,4.9999982118606656),(863.06094064386764,82.573566398397901,0.),(871.0411133467486,68.829644533866031,4.9999982118606656),(871.0411133467486,68.829644533866031,0.),(863.06094064386764,82.573566398397901,4.9999982118606656),(768.006237424544,130.44936284372793,4.9999982118606656),(784.60583501005544,129.4328470824951,0.),(768.006237424544,130.44936284372793,0.),(784.60583501005544,129.4328470824951,4.9999982118606656),(784.60583501005544,129.4328470824951,4.9999982118606656),(800.36706908115434,126.3832997987909,0.),(784.60583501005544,129.4328470824951,0.),(800.36706908115434,126.3832997987909,4.9999982118606656),(876.8886988598166,-48.803236083161345,0.),(870.28658618376471,-64.05097250167087,4.9999982118606656),(870.28658618376471,-64.05097250167087,0.),(876.8886988598166,-48.803236083161345,4.9999982118606656),(842.22760731053336,105.25129946343458,4.9999982118606656),(853.45643863179305,94.714118041587426,0.),(842.22760731053336,105.25129946343458,0.),(853.45643863179305,94.714118041587426,4.9999982118606656),(750.94553990609768,-122.86217303824337,4.9999982118606656),(734.9747149564073,-119.71830985915894,0.),(750.94553990609768,-122.86217303824337,0.),(734.9747149564073,-119.71830985915894,4.9999982118606656),(719.9260898725521,-114.47853789404326,4.9999982118606656),(705.79966465459574,-107.14285714285587,0.),(719.9260898725521,-114.47853789404326,0.),(705.79966465459574,-107.14285714285587,4.9999982118606656),(672.25464453385803,-75.10689134807744,4.9999982118606656),(681.78054996646551,-87.315560026828635,0.),(681.78054996646551,-87.315560026828635,4.9999982118606656),(672.25464453385803,-75.10689134807744,0.),(692.9622233400496,-97.994215291743231,4.9999982118606656),(681.78054996646551,-87.315560026828635,0.),(692.9622233400496,-97.994215291743231,0.),(681.78054996646551,-87.315560026828635,4.9999982118606656),(734.9747149564073,-119.71830985915894,4.9999982118606656),(719.9260898725521,-114.47853789404326,0.),(734.9747149564073,-119.71830985915894,0.),(719.9260898725521,-114.47853789404326,4.9999982118606656),(683.83454057679694,-0.50301810865789776,0.),(685.3278755868547,-21.540702548622448,4.9999982118606656),(685.3278755868547,-21.540702548622448,0.),(683.83454057679694,-0.50301810865789776,4.9999982118606656),(840.57707914151524,-100.25255700871639,4.9999982118606656),(827.53004694836022,-108.73574782025234,0.),(840.57707914151524,-100.25255700871639,0.),(827.53004694836022,-108.73574782025234,4.9999982118606656),(767.67089201877786,-96.076458752509183,4.9999982118606656),(785.21888832997774,-94.462608987267132,0.),(767.67089201877786,-96.076458752509183,0.),(785.21888832997774,-94.462608987267132,4.9999982118606656),(750.40584339369275,-94.478328303162868,4.9999982118606656),(767.67089201877786,-96.076458752509183,0.),(750.40584339369275,-94.478328303162868,0.),(767.67089201877786,-96.076458752509183,4.9999982118606656),(685.39075285042031,25.260940643870526,0.),(683.83454057679694,-0.50301810865789776,4.9999982118606656),(683.83454057679694,-0.50301810865789776,0.),(685.39075285042031,25.260940643870526,4.9999982118606656),(690.05938967134534,47.053152246819032,0.),(685.39075285042031,25.260940643870526,4.9999982118606656),(685.39075285042031,25.260940643870526,0.),(690.05938967134534,47.053152246819032,4.9999982118606656),(852.05217974514539,-89.97736418512963,4.9999982118606656),(840.57707914151524,-100.25255700871639,0.),(852.05217974514539,-89.97736418512963,0.),(840.57707914151524,-100.25255700871639,4.9999982118606656),(707.72790073775832,-70.50637156272569,4.9999982118606656),(720.43434775319452,-81.693284708248029,0.),(707.72790073775832,-70.50637156272569,0.),(720.43434775319452,-81.693284708248029,4.9999982118606656),(-867.3391683433988,-122.90409121395186,4.9999974668024869),(-900.53836351441873,-122.90409121394609,-7.4505806537672468E-07),(-867.3391683433988,-122.90409121395186,-7.4505806537672468E-07),(-900.53836351441873,-122.90409121394609,4.9999974668024869),(-717.10442655935503,-122.90409121395764,4.9999974668024869),(-748.45922199865811,-122.90409121396341,-7.4505806537672468E-07),(-717.10442655935503,-122.90409121395764,-7.4505806537672468E-07),(-748.45922199865811,-122.90409121396341,4.9999974668024869),(-649.69999999999663,122.90409121395764,-7.4505806537672468E-07),(-717.10442655935503,-122.90409121395764,4.9999974668024869),(-717.10442655935503,-122.90409121395764,-7.4505806537672468E-07),(-649.69999999999663,122.90409121395764,4.9999974668024869),(-826.76237424546571,122.90409121394609,4.9999974668024869),(-873.54305835010734,-43.091884641179234,-7.4505806537672468E-07),(-873.54305835010734,-43.091884641179234,4.9999974668024869),(-826.76237424546571,122.90409121394609,-7.4505806537672468E-07),(-64.253990610325943,843.15895372233649,-7.4505806537672468E-07),(-64.253990610325943,650.00000000000227,4.9999974668026903),(-64.253990610325943,650.00000000000227,-7.4505806537672468E-07),(-64.253990610325943,843.15895372233649,4.9999974668026903),(-64.253990610325943,650.00000000000227,4.9999974668026903),(-95.441113346745979,895.8081824279061,4.9999974668026903),(-95.441113346745979,649.99999999998499,4.9999974668026903),(-64.253990610325943,843.15895372233649,4.9999974668026903),(-62.074245472845924,895.8081824279061,4.9999974668026903),(64.853990610331579,650.00000000000227,4.9999974668026903),(67.033735747828928,702.81690140845205,4.9999974668026903),(98.220858484240296,650.00000000000227,4.9999974668026903),(98.220858484243195,895.8081824279061,4.9999974668026903),(67.033735747820259,895.8081824279061,4.9999974668026903),(-740.91395036887923,-46.403420523138081,-7.4505806537672468E-07),(-733.2010060362287,-88.531187122738899,4.9999974668024869),(-733.2010060362287,-88.531187122738899,-7.4505806537672468E-07),(-740.91395036887923,-46.403420523138081,4.9999974668024869),(-720.96089872568314,-35.043594902768383,4.9999974668024869),(-733.2010060362287,-88.531187122738899,-7.4505806537672468E-07),(-733.2010060362287,-88.531187122738899,4.9999974668024869),(-720.96089872568314,-35.043594902768383,-7.4505806537672468E-07),(-815.1929577464814,64.386317907442802,-7.4505806537672468E-07),(-867.3391683433988,-122.90409121395186,4.9999974668024869),(-867.3391683433988,-122.90409121395186,-7.4505806537672468E-07),(-815.1929577464814,64.386317907442802,4.9999974668024869),(-807.98303152246854,93.226022803488192,-7.4505806537672468E-07),(-815.1929577464814,64.386317907442802,4.9999974668024869),(-815.1929577464814,64.386317907442802,-7.4505806537672468E-07),(-807.98303152246854,93.226022803488192,4.9999974668024869),(-800.27008718981813,64.386317907448571,4.9999974668024869),(-748.45922199865811,-122.90409121396341,-7.4505806537672468E-07),(-748.45922199865811,-122.90409121396341,4.9999974668024869),(-800.27008718981813,64.386317907448571,-7.4505806537672468E-07),(-932.39617706237686,122.90409121395186,-7.4505806537672468E-07),(-895.0051643192453,-38.229376257543976,4.9999974668024869),(-895.0051643192453,-38.229376257543976,-7.4505806537672468E-07),(-932.39617706237686,122.90409121395186,4.9999974668024869),(-932.39617706237686,122.90409121395186,-7.4505806537672468E-07),(-900.53836351441873,-122.90409121394609,-7.4505806537672468E-07),(-965.7630449362855,122.90409121395186,-7.4505806537672468E-07),(-895.0051643192453,-38.229376257543976,-7.4505806537672468E-07),(-884.60945674045695,-88.531187122750453,-7.4505806537672468E-07),(-867.3391683433988,-122.90409121395186,-7.4505806537672468E-07),(-873.54305835010734,-43.091884641179234,-7.4505806537672468E-07),(-826.76237424546571,122.90409121394609,-7.4505806537672468E-07),(-815.1929577464814,64.386317907442802,-7.4505806537672468E-07),(-807.98303152246854,93.226022803488192,-7.4505806537672468E-07),(-787.52696177064058,122.90409121394032,-7.4505806537672468E-07),(-800.27008718981813,64.386317907448571,-7.4505806537672468E-07),(-748.45922199865811,-122.90409121396341,-7.4505806537672468E-07),(-752.31569416500361,-1.509054325950592,-7.4505806537672468E-07),(-740.91395036887923,-46.403420523138081,-7.4505806537672468E-07),(-733.2010060362287,-88.531187122738899,-7.4505806537672468E-07),(-717.10442655935503,-122.90409121395764,-7.4505806537672468E-07),(-720.96089872568314,-35.043594902768383,-7.4505806537672468E-07),(-682.39617706237016,122.90409121394032,-7.4505806537672468E-07),(-649.69999999999663,122.90409121395764,-7.4505806537672468E-07),(-873.54305835010734,-43.091884641179234,4.9999974668024869),(-884.60945674045695,-88.531187122750453,-7.4505806537672468E-07),(-884.60945674045695,-88.531187122750453,4.9999974668024869),(-873.54305835010734,-43.091884641179234,-7.4505806537672468E-07),(-900.53836351441873,-122.90409121394609,4.9999974668024869),(-932.39617706237686,122.90409121395186,4.9999974668024869),(-965.7630449362855,122.90409121395186,4.9999974668024869),(-895.0051643192453,-38.229376257543976,4.9999974668024869),(-884.60945674045695,-88.531187122750453,4.9999974668024869),(-867.3391683433988,-122.90409121395186,4.9999974668024869),(-873.54305835010734,-43.091884641179234,4.9999974668024869),(-826.76237424546571,122.90409121394609,4.9999974668024869),(-815.1929577464814,64.386317907442802,4.9999974668024869),(-807.98303152246854,93.226022803488192,4.9999974668024869),(-787.52696177064058,122.90409121394032,4.9999974668024869),(-800.27008718981813,64.386317907448571,4.9999974668024869),(-748.45922199865811,-122.90409121396341,4.9999974668024869),(-752.31569416500361,-1.509054325950592,4.9999974668024869),(-740.91395036887923,-46.403420523138081,4.9999974668024869),(-733.2010060362287,-88.531187122738899,4.9999974668024869),(-717.10442655935503,-122.90409121395764,4.9999974668024869),(-720.96089872568314,-35.043594902768383,4.9999974668024869),(-682.39617706237016,122.90409121394032,4.9999974668024869),(-649.69999999999663,122.90409121395764,4.9999974668024869),(812.02032193159323,90.124077800135353,4.9999982118606656),(791.29178403756475,99.36703554659934,0.),(812.02032193159323,90.124077800135353,0.),(791.29178403756475,99.36703554659934,4.9999982118606656),(829.20677397719396,75.285043594903527,4.9999982118606656),(812.02032193159323,90.124077800135353,0.),(829.20677397719396,75.285043594903527,0.),(812.02032193159323,90.124077800135353,4.9999982118606656),(850.35973340040164,-19.355717639166595,4.9999982118606656),(845.91116700201405,-39.025821596236433,0.),(845.91116700201405,-39.025821596236433,4.9999982118606656),(850.35973340040164,-19.355717639166595,0.),(845.91116700201405,-39.025821596236433,4.9999982118606656),(838.4968896713624,-55.992203219314113,0.),(838.4968896713624,-55.992203219314113,4.9999982118606656),(845.91116700201405,-39.025821596236433,0.),(721.78620892017318,89.102322266941144,4.9999982118606656),(708.73393695505683,78.722334004022514,0.),(721.78620892017318,89.102322266941144,0.),(708.73393695505683,78.722334004022514,4.9999982118606656),(708.73393695505683,78.722334004022514,0.),(697.84045103957476,64.873616700199179,4.9999982118606656),(697.84045103957476,64.873616700199179,0.),(708.73393695505683,78.722334004022514,4.9999982118606656),(838.4968896713624,-55.992203219314113,4.9999982118606656),(828.11690140844962,-70.254862508382303,0.),(828.11690140844962,-70.254862508382303,4.9999982118606656),(838.4968896713624,-55.992203219314113,0.),(815.44189302481641,-81.551810865186368,4.9999982118606656),(828.11690140844962,-70.254862508382303,0.),(815.44189302481641,-81.551810865186368,0.),(828.11690140844962,-70.254862508382303,4.9999982118606656),(697.84045103957476,64.873616700199179,0.),(690.05938967134534,47.053152246819032,4.9999982118606656),(690.05938967134534,47.053152246819032,0.),(697.84045103957476,64.873616700199179,4.9999982118606656),(736.0436284372887,96.516599597584118,4.9999982118606656),(721.78620892017318,89.102322266941144,0.),(736.0436284372887,96.516599597584118,0.),(721.78620892017318,89.102322266941144,4.9999982118606656),(751.50619550637134,100.96516599596875,4.9999982118606656),(736.0436284372887,96.516599597584118,0.),(751.50619550637134,100.96516599596875,0.),(736.0436284372887,96.516599597584118,4.9999982118606656),(720.43434775319452,-81.693284708248029,4.9999982118606656),(734.66032863848375,-89.683936955054648,0.),(720.43434775319452,-81.693284708248029,0.),(734.66032863848375,-89.683936955054648,4.9999982118606656),(734.66032863848375,-89.683936955054648,4.9999982118606656),(750.40584339369275,-94.478328303162868,0.),(734.66032863848375,-89.683936955054648,0.),(750.40584339369275,-94.478328303162868,4.9999982118606656),(841.69839034205108,55.415828303150462,4.9999982118606656),(849.30653923541013,31.124245472837082,0.),(849.30653923541013,31.124245472837082,4.9999982118606656),(841.69839034205108,55.415828303150462,0.),(849.30653923541013,31.124245472837082,4.9999982118606656),(851.84258886653947,3.0181086518954086,0.),(851.84258886653947,3.0181086518954086,4.9999982118606656),(849.30653923541013,31.124245472837082,0.),(785.21888832997774,-94.462608987267132,4.9999982118606656),(801.14255533198389,-89.621059691483239,0.),(785.21888832997774,-94.462608987267132,0.),(801.14255533198389,-89.621059691483239,4.9999982118606656),(829.20677397719396,75.285043594903527,4.9999982118606656),(841.69839034205108,55.415828303150462,0.),(841.69839034205108,55.415828303150462,4.9999982118606656),(829.20677397719396,75.285043594903527,0.),(801.14255533198389,-89.621059691483239,4.9999982118606656),(815.44189302481641,-81.551810865186368,0.),(801.14255533198389,-89.621059691483239,0.),(815.44189302481641,-81.551810865186368,4.9999982118606656),(851.84258886653947,3.0181086518954086,4.9999982118606656),(850.35973340040164,-19.355717639166595,0.),(850.35973340040164,-19.355717639166595,4.9999982118606656),(851.84258886653947,3.0181086518954086,0.),(-682.39617706237016,122.90409121394032,4.9999974668024869),(-720.96089872568314,-35.043594902768383,-7.4505806537672468E-07),(-720.96089872568314,-35.043594902768383,4.9999974668024869),(-682.39617706237016,122.90409121394032,-7.4505806537672468E-07),(-965.7630449362855,122.90409121395186,4.9999974668024869),(-900.53836351441873,-122.90409121394609,-7.4505806537672468E-07),(-900.53836351441873,-122.90409121394609,4.9999974668024869),(-965.7630449362855,122.90409121395186,-7.4505806537672468E-07),(-807.98303152246854,93.226022803488192,4.9999974668024869),(-800.27008718981813,64.386317907448571,-7.4505806537672468E-07),(-800.27008718981813,64.386317907448571,4.9999974668024869),(-807.98303152246854,93.226022803488192,-7.4505806537672468E-07),(-826.76237424546571,122.90409121394609,4.9999974668024869),(-787.52696177064058,122.90409121394032,-7.4505806537672468E-07),(-826.76237424546571,122.90409121394609,-7.4505806537672468E-07),(-787.52696177064058,122.90409121394032,4.9999974668024869),(-682.39617706237016,122.90409121394032,4.9999974668024869),(-649.69999999999663,122.90409121395764,-7.4505806537672468E-07),(-682.39617706237016,122.90409121394032,-7.4505806537672468E-07),(-649.69999999999663,122.90409121395764,4.9999974668024869),(-787.52696177064058,122.90409121394032,-7.4505806537672468E-07),(-752.31569416500361,-1.509054325950592,4.9999974668024869),(-752.31569416500361,-1.509054325950592,-7.4505806537672468E-07),(-787.52696177064058,122.90409121394032,4.9999974668024869),(-752.31569416500361,-1.509054325950592,-7.4505806537672468E-07),(-740.91395036887923,-46.403420523138081,4.9999974668024869),(-740.91395036887923,-46.403420523138081,-7.4505806537672468E-07),(-752.31569416500361,-1.509054325950592,4.9999974668024869),(-895.0051643192453,-38.229376257543976,-7.4505806537672468E-07),(-884.60945674045695,-88.531187122750453,4.9999974668024869),(-884.60945674045695,-88.531187122750453,-7.4505806537672468E-07),(-895.0051643192453,-38.229376257543976,4.9999974668024869),(-965.7630449362855,122.90409121395186,4.9999974668024869),(-932.39617706237686,122.90409121395186,-7.4505806537672468E-07),(-965.7630449362855,122.90409121395186,-7.4505806537672468E-07),(-932.39617706237686,122.90409121395186,4.9999974668024869),(67.033735747820259,895.8081824279061,4.9999974668026903),(98.220858484243195,895.8081824279061,-7.4505806537672468E-07),(67.033735747820259,895.8081824279061,-7.4505806537672468E-07),(98.220858484243195,895.8081824279061,4.9999974668026903),(67.033735747820259,895.8081824279061,4.9999974668026903),(67.033735747828928,702.81690140845205,-7.4505806537672468E-07),(67.033735747828928,702.81690140845205,4.9999974668026903),(67.033735747820259,895.8081824279061,-7.4505806537672468E-07),(-95.441113346745979,895.8081824279061,4.9999974668026903),(-95.441113346745979,649.99999999998499,-7.4505806537672468E-07),(-95.441113346745979,649.99999999998499,4.9999974668026903),(-95.441113346745979,895.8081824279061,-7.4505806537672468E-07),(-64.253990610325943,650.00000000000227,4.9999974668026903),(-95.441113346745979,649.99999999998499,-7.4505806537672468E-07),(-64.253990610325943,650.00000000000227,-7.4505806537672468E-07),(-95.441113346745979,649.99999999998499,4.9999974668026903),(-95.441113346745979,895.8081824279061,4.9999974668026903),(-62.074245472845924,895.8081824279061,-7.4505806537672468E-07),(-95.441113346745979,895.8081824279061,-7.4505806537672468E-07),(-62.074245472845924,895.8081824279061,4.9999974668026903),(-62.074245472845924,895.8081824279061,-7.4505806537672468E-07),(67.033735747828928,702.81690140845205,4.9999974668026903),(67.033735747828928,702.81690140845205,-7.4505806537672468E-07),(-62.074245472845924,895.8081824279061,4.9999974668026903),(98.220858484243195,895.8081824279061,-7.4505806537672468E-07),(67.033735747828928,702.81690140845205,-7.4505806537672468E-07),(67.033735747820259,895.8081824279061,-7.4505806537672468E-07),(98.220858484240296,650.00000000000227,-7.4505806537672468E-07),(-62.074245472845924,895.8081824279061,-7.4505806537672468E-07),(-95.441113346745979,649.99999999998499,-7.4505806537672468E-07),(-95.441113346745979,895.8081824279061,-7.4505806537672468E-07),(-64.253990610325943,843.15895372233649,-7.4505806537672468E-07),(64.853990610331579,650.00000000000227,-7.4505806537672468E-07),(-64.253990610325943,650.00000000000227,-7.4505806537672468E-07),(98.220858484240296,650.00000000000227,4.9999974668026903),(64.853990610331579,650.00000000000227,-7.4505806537672468E-07),(98.220858484240296,650.00000000000227,-7.4505806537672468E-07),(64.853990610331579,650.00000000000227,4.9999974668026903),(-64.253990610325943,843.15895372233649,4.9999974668026903),(64.853990610331579,650.00000000000227,-7.4505806537672468E-07),(64.853990610331579,650.00000000000227,4.9999974668026903),(-64.253990610325943,843.15895372233649,-7.4505806537672468E-07),(98.220858484243195,895.8081824279061,-7.4505806537672468E-07),(98.220858484240296,650.00000000000227,4.9999974668026903),(98.220858484240296,650.00000000000227,-7.4505806537672468E-07),(98.220858484243195,895.8081824279061,4.9999974668026903),(-293.93558712005427,58.527097105980914,4.9999982118606656),(-299.70001192093599,-5.775291356258094E-12,4.9999982118606656),(-299.70001192093599,-5.775291356258094E-12,-7.4505806537672468E-07),(249.74087862968167,-166.67106747627403,-7.4505806537672468E-07),(212.43203668594376,-212.13203668595537,-7.4505806537672468E-07),(212.43203668594376,-212.13203668595537,4.9999982118606656),(212.43203668594376,-212.13203668595537,4.9999982118606656),(212.43203668594376,-212.13203668595537,-7.4505806537672468E-07),(166.97106747627686,-249.44087862968175,4.9999982118606656),(-490.09262533188496,97.545161843297677,-7.4505806537672468E-07),(-299.70001192093599,-5.775291356258094E-12,-7.4505806537672468E-07),(-499.69999999999897,-5.775291356258094E-12,-7.4505806537672468E-07),(-461.63975210189352,191.3417130708618,-7.4505806537672468E-07),(-415.43479771614113,277.78512239455847,-7.4505806537672468E-07),(-353.25338454246457,353.55338454246743,-7.4505806537672468E-07),(-277.48512239456142,415.73479771613239,-7.4505806537672468E-07),(-293.93558712005427,58.527097105980914,-7.4505806537672468E-07),(-276.86386318206922,114.80502784251939,-7.4505806537672468E-07),(-191.04171307086474,461.93975210188188,-7.4505806537672468E-07),(-249.14087862968472,166.6710674762798,-7.4505806537672468E-07),(-211.83203668594101,212.13203668593226,-7.4505806537672468E-07),(-166.37106747627121,249.44087862968752,-7.4505806537672468E-07),(-97.245161843297751,490.39262533187048,-7.4505806537672468E-07),(-114.50502784251945,277.16386318206628,-7.4505806537672468E-07),(-58.227097105983873,294.23558712005712,-7.4505806537672468E-07),(0.29999999999126881,499.99999999999602,-7.4505806537672468E-07),(0.29999999999126881,300.00001192093589,-7.4505806537672468E-07),(-293.93558712005427,58.527097105980914,4.9999982118606656),(-299.70001192093599,-5.775291356258094E-12,-7.4505806537672468E-07),(-293.93558712005427,58.527097105980914,-7.4505806537672468E-07),(-299.70001192093599,-5.775291356258094E-12,4.9999982118606656),(-490.09262533188496,97.545161843297677,4.9999982118606656),(-499.69999999999897,-5.775291356258094E-12,4.9999982118606656),(-461.63975210189352,191.3417130708618,4.9999982118606656),(-415.43479771614113,277.78512239455847,4.9999982118606656),(-353.25338454246457,353.55338454246743,4.9999982118606656),(-277.48512239456142,415.73479771613239,4.9999982118606656),(-293.93558712005427,58.527097105980914,4.9999982118606656),(-276.86386318206922,114.80502784251939,4.9999982118606656),(-191.04171307086474,461.93975210188188,4.9999982118606656),(-249.14087862968472,166.6710674762798,4.9999982118606656),(-211.83203668594101,212.13203668593226,4.9999982118606656),(-166.37106747627121,249.44087862968752,4.9999982118606656),(-97.245161843297751,490.39262533187048,4.9999982118606656),(-114.50502784251945,277.16386318206628,4.9999982118606656),(-58.227097105983873,294.23558712005712,4.9999982118606656),(0.29999999999126881,499.99999999999602,4.9999982118606656),(0.29999999999126881,300.00001192093589,4.9999982118606656),(0.29999999999126881,499.99999999999602,4.9999982118606656),(0.29999999999126881,300.00001192093589,4.9999982118606656),(0.29999999999126881,300.00001192093589,-7.4505806537672468E-07),(-114.50502784251945,277.16386318206628,4.9999982118606656),(-166.37106747627121,249.44087862968752,-7.4505806537672468E-07),(-114.50502784251945,277.16386318206628,-7.4505806537672468E-07),(-114.50502784251945,277.16386318206628,4.9999982118606656),(-114.50502784251945,277.16386318206628,-7.4505806537672468E-07),(-58.227097105983873,294.23558712005712,4.9999982118606656),(-58.227097105983873,294.23558712005712,4.9999982118606656),(0.29999999999126881,300.00001192093589,-7.4505806537672468E-07),(0.29999999999126881,300.00001192093589,4.9999982118606656),(-58.227097105983873,294.23558712005712,4.9999982118606656),(-114.50502784251945,277.16386318206628,-7.4505806537672468E-07),(-58.227097105983873,294.23558712005712,-7.4505806537672468E-07),(115.10502784251932,-277.16386318207202,4.9999982118606656),(166.97106747627686,-249.44087862968175,-7.4505806537672468E-07),(115.10502784251932,-277.16386318207202,-7.4505806537672468E-07),(249.74087862968167,-166.67106747627403,-7.4505806537672468E-07),(212.43203668594376,-212.13203668595537,4.9999982118606656),(249.74087862968167,-166.67106747627403,4.9999982118606656),(0.29999999999126881,499.99999999999602,4.9999982118606656),(0.29999999999126881,300.00001192093589,-7.4505806537672468E-07),(0.29999999999126881,499.99999999999602,-7.4505806537672468E-07),(-299.70001192093599,-5.775291356258094E-12,4.9999982118606656),(-499.69999999999897,-5.775291356258094E-12,-7.4505806537672468E-07),(-299.70001192093599,-5.775291356258094E-12,-7.4505806537672468E-07),(115.10502784251932,-277.16386318207202,4.9999982118606656),(115.10502784251932,-277.16386318207202,-7.4505806537672468E-07),(58.827097105972186,-294.23558712005712,4.9999982118606656),(294.53558712004838,-58.527097105975145,4.9999982118606656),(277.46386318207487,-114.80502784252516,-7.4505806537672468E-07),(277.46386318207487,-114.80502784252516,4.9999982118606656),(166.97106747627686,-249.44087862968175,4.9999982118606656),(166.97106747627686,-249.44087862968175,-7.4505806537672468E-07),(115.10502784251932,-277.16386318207202,4.9999982118606656),(166.97106747627686,-249.44087862968175,4.9999982118606656),(212.43203668594376,-212.13203668595537,-7.4505806537672468E-07),(166.97106747627686,-249.44087862968175,-7.4505806537672468E-07),(277.46386318207487,-114.80502784252516,-7.4505806537672468E-07),(249.74087862968167,-166.67106747627403,4.9999982118606656),(277.46386318207487,-114.80502784252516,4.9999982118606656),(277.46386318207487,-114.80502784252516,-7.4505806537672468E-07),(249.74087862968167,-166.67106747627403,-7.4505806537672468E-07),(249.74087862968167,-166.67106747627403,4.9999982118606656),(0.29999999999126881,499.99999999999602,4.9999982118606656),(0.29999999999126881,499.99999999999602,-7.4505806537672468E-07),(-97.245161843297751,490.39262533187048,-7.4505806537672468E-07),(-499.69999999999897,-5.775291356258094E-12,4.9999982118606656),(-499.69999999999897,-5.775291356258094E-12,-7.4505806537672468E-07),(-299.70001192093599,-5.775291356258094E-12,4.9999982118606656),(-58.227097105983873,294.23558712005712,4.9999982118606656),(-58.227097105983873,294.23558712005712,-7.4505806537672468E-07),(0.29999999999126881,300.00001192093589,-7.4505806537672468E-07),(-490.09262533188496,97.545161843297677,4.9999982118606656),(-499.69999999999897,-5.775291356258094E-12,-7.4505806537672468E-07),(-499.69999999999897,-5.775291356258094E-12,4.9999982118606656),(-276.86386318206922,114.80502784251939,4.9999982118606656),(-293.93558712005427,58.527097105980914,4.9999982118606656),(-293.93558712005427,58.527097105980914,-7.4505806537672468E-07),(-211.83203668594101,212.13203668593226,4.9999982118606656),(-249.14087862968472,166.6710674762798,4.9999982118606656),(-249.14087862968472,166.6710674762798,-7.4505806537672468E-07),(-249.14087862968472,166.6710674762798,4.9999982118606656),(-276.86386318206922,114.80502784251939,-7.4505806537672468E-07),(-249.14087862968472,166.6710674762798,-7.4505806537672468E-07),(-490.09262533188496,97.545161843297677,-7.4505806537672468E-07),(-499.69999999999897,-5.775291356258094E-12,-7.4505806537672468E-07),(-490.09262533188496,97.545161843297677,4.9999982118606656),(-461.63975210189352,191.3417130708618,4.9999982118606656),(-490.09262533188496,97.545161843297677,-7.4505806537672468E-07),(-490.09262533188496,97.545161843297677,4.9999982118606656),(-277.48512239456142,415.73479771613239,4.9999982118606656),(-353.25338454246457,353.55338454246743,-7.4505806537672468E-07),(-353.25338454246457,353.55338454246743,4.9999982118606656),(-353.25338454246457,353.55338454246743,-7.4505806537672468E-07),(-415.43479771614113,277.78512239455847,-7.4505806537672468E-07),(-353.25338454246457,353.55338454246743,4.9999982118606656),(-415.43479771614113,277.78512239455847,-7.4505806537672468E-07),(-461.63975210189352,191.3417130708618,-7.4505806537672468E-07),(-415.43479771614113,277.78512239455847,4.9999982118606656),(-353.25338454246457,353.55338454246743,4.9999982118606656),(-415.43479771614113,277.78512239455847,-7.4505806537672468E-07),(-415.43479771614113,277.78512239455847,4.9999982118606656),(-97.245161843297751,490.39262533187048,4.9999982118606656),(-97.245161843297751,490.39262533187048,-7.4505806537672468E-07),(-191.04171307086474,461.93975210188188,-7.4505806537672468E-07),(-461.63975210189352,191.3417130708618,-7.4505806537672468E-07),(-490.09262533188496,97.545161843297677,-7.4505806537672468E-07),(-461.63975210189352,191.3417130708618,4.9999982118606656),(-415.43479771614113,277.78512239455847,4.9999982118606656),(-461.63975210189352,191.3417130708618,-7.4505806537672468E-07),(-461.63975210189352,191.3417130708618,4.9999982118606656),(0.29999999999126881,499.99999999999602,4.9999982118606656),(-97.245161843297751,490.39262533187048,-7.4505806537672468E-07),(-97.245161843297751,490.39262533187048,4.9999982118606656),(-191.04171307086474,461.93975210188188,4.9999982118606656),(-191.04171307086474,461.93975210188188,-7.4505806537672468E-07),(-277.48512239456142,415.73479771613239,-7.4505806537672468E-07),(-97.245161843297751,490.39262533187048,4.9999982118606656),(-191.04171307086474,461.93975210188188,-7.4505806537672468E-07),(-191.04171307086474,461.93975210188188,4.9999982118606656),(-191.04171307086474,461.93975210188188,4.9999982118606656),(-277.48512239456142,415.73479771613239,-7.4505806537672468E-07),(-277.48512239456142,415.73479771613239,4.9999982118606656),(-277.48512239456142,415.73479771613239,4.9999982118606656),(-277.48512239456142,415.73479771613239,-7.4505806537672468E-07),(-353.25338454246457,353.55338454246743,-7.4505806537672468E-07),(-211.83203668594101,212.13203668593226,4.9999982118606656),(-211.83203668594101,212.13203668593226,-7.4505806537672468E-07),(-166.37106747627121,249.44087862968752,4.9999982118606656),(-249.14087862968472,166.6710674762798,4.9999982118606656),(-276.86386318206922,114.80502784251939,4.9999982118606656),(-276.86386318206922,114.80502784251939,-7.4505806537672468E-07),(-166.37106747627121,249.44087862968752,4.9999982118606656),(-166.37106747627121,249.44087862968752,-7.4505806537672468E-07),(-114.50502784251945,277.16386318206628,4.9999982118606656),(-166.37106747627121,249.44087862968752,4.9999982118606656),(-211.83203668594101,212.13203668593226,-7.4505806537672468E-07),(-166.37106747627121,249.44087862968752,-7.4505806537672468E-07),(-276.86386318206922,114.80502784251939,4.9999982118606656),(-293.93558712005427,58.527097105980914,-7.4505806537672468E-07),(-276.86386318206922,114.80502784251939,-7.4505806537672468E-07),(-211.83203668594101,212.13203668593226,4.9999982118606656),(-249.14087862968472,166.6710674762798,-7.4505806537672468E-07),(-211.83203668594101,212.13203668593226,-7.4505806537672468E-07),(683.16384976525592,95.824949698188902,0.),(685.39075285042031,25.260940643870526,0.),(683.83454057679694,-0.50301810865789776,0.),(700.7904426559403,110.97313044936836,0.),(690.05938967134534,47.053152246819032,0.),(697.84045103957476,64.873616700199179,0.),(708.73393695505683,78.722334004022514,0.),(720.80637156270768,121.79325955735038,0.),(721.78620892017318,89.102322266941144,0.),(743.21163648557854,128.2853370221292,0.),(736.0436284372887,96.516599597584118,0.),(751.50619550637134,100.96516599596875,0.),(768.006237424544,130.44936284372793,0.),(768.17391012742996,102.44802146211237,0.),(784.60583501005544,129.4328470824951,0.),(791.29178403756475,99.36703554659934,0.),(800.36706908115434,126.3832997987909,0.),(812.02032193159323,90.124077800135353,0.),(815.28993963782625,121.30072099262105,0.),(829.20677397719396,75.285043594903527,0.),(829.37444668007993,114.1851106639856,0.),(841.69839034205108,55.415828303150462,0.),(842.22760731053336,105.25129946343458,0.),(849.30653923541013,31.124245472837082,0.),(853.45643863179305,94.714118041587426,0.),(851.84258886653947,3.0181086518954086,0.),(852.05217974514539,-89.97736418512963,0.),(861.95534875922476,-77.910169349428543,0.),(863.06094064386764,82.573566398397901,0.),(870.28658618376471,-64.05097250167087,0.),(871.0411133467486,68.829644533866031,0.),(876.8886988598166,-48.803236083161345,0.),(877.31312038899864,53.796738765929689,0.),(881.60449362843747,-32.570422535216267,0.),(881.79312541918625,37.789235412480593,0.),(884.43397048960412,-15.352531857818303,0.),(884.48112843729427,20.807134473495623,0.),(885.37712944331679,2.8504359490325442,0.),(652.35399061032786,28.939260563381229,0.),(653.8211267605642,-31.522468142186199,0.),(650.29999999999939,5.775291356258094E-12,0.),(658.51596244131645,54.556505700869273,0.),(664.3845070422559,-61.368209255530061,0.),(668.7859154929447,76.851735412481446,0.),(672.25464453385803,-75.10689134807744,0.),(681.78054996646551,-87.315560026828635,0.),(685.3278755868547,-21.540702548622448,0.),(692.9622233400496,-97.994215291743231,0.),(689.80788061703083,-40.220489604289554,0.),(697.27455566732522,-56.542379275647676,0.),(705.79966465459574,-107.14285714285587,0.),(707.72790073775832,-70.50637156272569,0.),(719.9260898725521,-114.47853789404326,0.),(720.43434775319452,-81.693284708248029,0.),(734.9747149564073,-119.71830985915894,0.),(734.66032863848375,-89.683936955054648,0.),(750.40584339369275,-94.478328303162868,0.),(750.94553990609768,-122.86217303824337,0.),(767.67089201877786,-96.076458752509183,0.),(767.83856472165803,-123.91012743125033,0.),(785.21888832997774,-94.462608987267132,0.),(783.57883970490275,-122.96172870556188,0.),(798.77417840376359,-120.11653252850228,0.),(801.14255533198389,-89.621059691483239,0.),(813.42458081824077,-115.37453890005999,0.),(815.44189302481641,-81.551810865186368,0.),(827.53004694836022,-108.73574782025234,0.),(828.11690140844962,-70.254862508382303,0.),(840.57707914151524,-100.25255700871639,0.),(838.4968896713624,-55.992203219314113,0.),(845.91116700201405,-39.025821596236433,0.),(850.35973340040164,-19.355717639166595,0.),(653.8211267605642,-31.522468142186199,4.9999982118606656),(652.35399061032786,28.939260563381229,4.9999982118606656),(650.29999999999939,5.775291356258094E-12,4.9999982118606656),(658.51596244131645,54.556505700869273,4.9999982118606656),(664.3845070422559,-61.368209255530061,4.9999982118606656),(668.7859154929447,76.851735412481446,4.9999982118606656),(672.25464453385803,-75.10689134807744,4.9999982118606656),(683.16384976525592,95.824949698188902,4.9999982118606656),(681.78054996646551,-87.315560026828635,4.9999982118606656),(683.83454057679694,-0.50301810865789776,4.9999982118606656),(685.3278755868547,-21.540702548622448,4.9999982118606656),(692.9622233400496,-97.994215291743231,4.9999982118606656),(689.80788061703083,-40.220489604289554,4.9999982118606656),(697.27455566732522,-56.542379275647676,4.9999982118606656),(705.79966465459574,-107.14285714285587,4.9999982118606656),(707.72790073775832,-70.50637156272569,4.9999982118606656),(719.9260898725521,-114.47853789404326,4.9999982118606656),(720.43434775319452,-81.693284708248029,4.9999982118606656),(734.9747149564073,-119.71830985915894,4.9999982118606656),(734.66032863848375,-89.683936955054648,4.9999982118606656),(750.40584339369275,-94.478328303162868,4.9999982118606656),(750.94553990609768,-122.86217303824337,4.9999982118606656),(767.67089201877786,-96.076458752509183,4.9999982118606656),(767.83856472165803,-123.91012743125033,4.9999982118606656),(785.21888832997774,-94.462608987267132,4.9999982118606656),(783.57883970490275,-122.96172870556188,4.9999982118606656),(798.77417840376359,-120.11653252850228,4.9999982118606656),(801.14255533198389,-89.621059691483239,4.9999982118606656),(813.42458081824077,-115.37453890005999,4.9999982118606656),(815.44189302481641,-81.551810865186368,4.9999982118606656),(827.53004694836022,-108.73574782025234,4.9999982118606656),(828.11690140844962,-70.254862508382303,4.9999982118606656),(840.57707914151524,-100.25255700871639,4.9999982118606656),(838.4968896713624,-55.992203219314113,4.9999982118606656),(845.91116700201405,-39.025821596236433,4.9999982118606656),(852.05217974514539,-89.97736418512963,4.9999982118606656),(850.35973340040164,-19.355717639166595,4.9999982118606656),(851.84258886653947,3.0181086518954086,4.9999982118606656),(685.39075285042031,25.260940643870526,4.9999982118606656),(700.7904426559403,110.97313044936836,4.9999982118606656),(690.05938967134534,47.053152246819032,4.9999982118606656),(697.84045103957476,64.873616700199179,4.9999982118606656),(708.73393695505683,78.722334004022514,4.9999982118606656),(720.80637156270768,121.79325955735038,4.9999982118606656),(721.78620892017318,89.102322266941144,4.9999982118606656),(743.21163648557854,128.2853370221292,4.9999982118606656),(736.0436284372887,96.516599597584118,4.9999982118606656),(751.50619550637134,100.96516599596875,4.9999982118606656),(768.006237424544,130.44936284372793,4.9999982118606656),(768.17391012742996,102.44802146211237,4.9999982118606656),(784.60583501005544,129.4328470824951,4.9999982118606656),(791.29178403756475,99.36703554659934,4.9999982118606656),(800.36706908115434,126.3832997987909,4.9999982118606656),(812.02032193159323,90.124077800135353,4.9999982118606656),(815.28993963782625,121.30072099262105,4.9999982118606656),(829.20677397719396,75.285043594903527,4.9999982118606656),(829.37444668007993,114.1851106639856,4.9999982118606656),(841.69839034205108,55.415828303150462,4.9999982118606656),(842.22760731053336,105.25129946343458,4.9999982118606656),(849.30653923541013,31.124245472837082,4.9999982118606656),(853.45643863179305,94.714118041587426,4.9999982118606656),(861.95534875922476,-77.910169349428543,4.9999982118606656),(863.06094064386764,82.573566398397901,4.9999982118606656),(870.28658618376471,-64.05097250167087,4.9999982118606656),(871.0411133467486,68.829644533866031,4.9999982118606656),(876.8886988598166,-48.803236083161345,4.9999982118606656),(877.31312038899864,53.796738765929689,4.9999982118606656),(881.60449362843747,-32.570422535216267,4.9999982118606656),(881.79312541918625,37.789235412480593,4.9999982118606656),(884.43397048960412,-15.352531857818303,4.9999982118606656),(884.48112843729427,20.807134473495623,4.9999982118606656),(885.37712944331679,2.8504359490325442,4.9999982118606656),(0.30000000000570703,200.00000000000071,-7.4505806537672468E-07),(200.299999999992,-5.775291356258094E-12,-7.4505806537672468E-07),(0.3000000000028194,0.,-7.4505806537672468E-07),(200.29999999999777,200.00000000000071,-7.4505806537672468E-07),(200.299999999992,-5.775291356258094E-12,99.99999925494194),(0.30000000000570703,200.00000000000071,99.99999925494194),(0.3000000000028194,0.,99.99999925494194),(200.29999999999777,200.00000000000071,99.99999925494194),(200.299999999992,-5.775291356258094E-12,99.99999925494194),(0.3000000000028194,0.,-7.4505806537672468E-07),(200.299999999992,-5.775291356258094E-12,-7.4505806537672468E-07),(0.3000000000028194,0.,99.99999925494194),(0.30000000000570703,200.00000000000071,99.99999925494194),(0.3000000000028194,0.,-7.4505806537672468E-07),(0.3000000000028194,0.,99.99999925494194),(0.30000000000570703,200.00000000000071,-7.4505806537672468E-07),(0.30000000000570703,200.00000000000071,99.99999925494194),(200.29999999999777,200.00000000000071,-7.4505806537672468E-07),(0.30000000000570703,200.00000000000071,-7.4505806537672468E-07),(200.29999999999777,200.00000000000071,99.99999925494194),(200.29999999999777,200.00000000000071,-7.4505806537672468E-07),(200.299999999992,-5.775291356258094E-12,99.99999925494194),(200.299999999992,-5.775291356258094E-12,-7.4505806537672468E-07),(200.29999999999777,200.00000000000071,99.99999925494194),(-51.846210596914624,-658.38363514419666,-7.4505806537672468E-07),(-61.906572769951296,-715.56002682763528,-7.4505806537672468E-07),(-69.703353454056312,-668.71646545943383,-7.4505806537672468E-07),(-58.532159624415272,-701.41264252179872,-7.4505806537672468E-07),(-48.408920187792745,-689.48692152917658,-7.4505806537672468E-07),(-30.426022803488035,-652.09590878605093,-7.4505806537672468E-07),(-40.659297451374954,-684.75540744466866,-7.4505806537672468E-07),(-30.908081824280131,-681.37575452717124,-7.4505806537672468E-07),(-5.4008718980536052,-678.67203219316752,-7.4505806537672468E-07),(-6.7422535211268944,-650.00000000001387,-7.4505806537672468E-07),(18.97454728369987,-652.20070422534809,-7.4505806537672468E-07),(19.477565392351991,-681.64822266934289,-7.4505806537672468E-07),(41.463648558022328,-658.80281690140873,-7.4505806537672468E-07),(29.323096914821257,-685.36846076458517,-7.4505806537672468E-07),(37.439503688799569,-690.57679409792092,-7.4505806537672468E-07),(43.942060697521399,-697.24178403755866,-7.4505806537672468E-07),(59.928604963113365,-669.68058350100648,-7.4505806537672468E-07),(48.946042924212541,-705.33199195170687,-7.4505806537672468E-07),(54.458283031520089,-725.7880617035695,-7.4505806537672468E-07),(85.645405767943018,-723.44064386319485,-7.4505806537672468E-07),(73.572971160297854,-684.70824949698726,-7.4505806537672468E-07),(82.208115358821146,-702.94265593562375,-7.4505806537672468E-07),(-90.620523138827878,-699.73591549295634,-7.4505806537672468E-07),(-91.102582159619985,-733.85731052986057,-7.4505806537672468E-07),(-93.261368209254414,-717.73977196512396,-7.4505806537672468E-07),(-84.626224010728237,-748.3400402414461,-7.4505806537672468E-07),(-82.697987927559836,-682.94768611669906,-7.4505806537672468E-07),(-73.748457411130417,-760.89453386988623,-7.4505806537672468E-07),(-58.385446009389327,-771.22736418511181,-7.4505806537672468E-07),(-59.517236753856601,-727.63246143529204,-7.4505806537672468E-07),(-52.349228705566745,-737.35747820254528,-7.4505806537672468E-07),(-39.731857813549411,-778.66784037559069,-7.4505806537672468E-07),(-35.393326626426301,-746.01358148892859,-7.4505806537672468E-07),(-10.934071093224064,-786.56941649898999,-7.4505806537672468E-07),(-3.3049631120050207,-754.87927565392363,-7.4505806537672468E-07),(32.828504359490374,-798.55801475520093,-7.4505806537672468E-07),(30.12478202548666,-763.28386988598095,-7.4505806537672468E-07),(51.104828973844086,-770.55667337357374,-7.4505806537672468E-07),(46.074647887325746,-805.11820925553559,-7.4505806537672468E-07),(54.961301140175095,-813.06170355466077,-7.4505806537672468E-07),(69.758417169683995,-781.76978537893774,-7.4505806537672468E-07),(59.991482226693435,-822.43041582830222,-7.4505806537672468E-07),(61.668209255532879,-833.26626425217421,-7.4505806537672468E-07),(68.102649228704578,-882.98122065727694,-7.4505806537672468E-07),(81.788933601609116,-867.55533199196441,-7.4505806537672468E-07),(82.794969818919128,-795.62374245473984,-7.4505806537672468E-07),(90.214486921529272,-849.63531187122533,-7.4505806537672468E-07),(90.46599597585822,-811.95087189806509,-7.4505806537672468E-07),(93.023004694833105,-830.58350100603343,-7.4505806537672468E-07),(-71.966934942990861,-818.3433936955023,-7.4505806537672468E-07),(-98.941281019450813,-844.39553990610386,-7.4505806537672468E-07),(-102.65103957075011,-821.02615694164308,-7.4505806537672468E-07),(-89.153386988597333,-865.20791415158396,-7.4505806537672468E-07),(-73.895171026159247,-882.28957075788173,-7.4505806537672468E-07),(-68.341012743122988,-835.13162307175969,-7.4505806537672468E-07),(-53.77444668007724,-894.46680080482986,-7.4505806537672468E-07),(-61.82273641851409,-848.60831656606979,-7.4505806537672468E-07),(-51.657578806165745,-859.29745137493023,-7.4505806537672468E-07),(-28.518745808182551,-901.7605633802799,-7.4505806537672468E-07),(-37.091012743122882,-867.72300469483889,-7.4505806537672468E-07),(-19.275788061707019,-873.19332662644081,-7.4505806537672468E-07),(2.1443997317253434,-904.19181757210617,-7.4505806537672468E-07),(0.63534540576897591,-875.01676727028882,-7.4505806537672468E-07),(18.157142857138727,-873.63346747149262,-7.4505806537672468E-07),(27.14859154929686,-901.78152246814284,-7.4505806537672468E-07),(33.499195171025576,-869.4835680751155,-7.4505806537672468E-07),(49.511938296447624,-894.55063715627,-7.4505806537672468E-07),(45.927934272299808,-862.92337357478652,-7.4505806537672468E-07),(54.709792085849038,-854.30918846411748,-7.4505806537672468E-07),(59.928604963110473,-844.22786720323529,-7.4505806537672468E-07),(-98.941281019450813,-844.39553990610386,4.999999254941935),(-71.966934942990861,-818.3433936955023,4.999999254941935),(-102.65103957075011,-821.02615694164308,4.999999254941935),(-89.153386988597333,-865.20791415158396,4.999999254941935),(-73.895171026159247,-882.28957075788173,4.999999254941935),(-68.341012743122988,-835.13162307175969,4.999999254941935),(-53.77444668007724,-894.46680080482986,4.999999254941935),(-61.82273641851409,-848.60831656606979,4.999999254941935),(-51.657578806165745,-859.29745137493023,4.999999254941935),(-28.518745808182551,-901.7605633802799,4.999999254941935),(-37.091012743122882,-867.72300469483889,4.999999254941935),(-19.275788061707019,-873.19332662644081,4.999999254941935),(2.1443997317253434,-904.19181757210617,4.999999254941935),(0.63534540576897591,-875.01676727028882,4.999999254941935),(18.157142857138727,-873.63346747149262,4.999999254941935),(27.14859154929686,-901.78152246814284,4.999999254941935),(33.499195171025576,-869.4835680751155,4.999999254941935),(49.511938296447624,-894.55063715627,4.999999254941935),(45.927934272299808,-862.92337357478652,4.999999254941935),(54.709792085849038,-854.30918846411748,4.999999254941935),(68.102649228704578,-882.98122065727694,4.999999254941935),(59.928604963110473,-844.22786720323529,4.999999254941935),(61.668209255532879,-833.26626425217421,4.999999254941935),(-91.102582159619985,-733.85731052986057,4.999999254941935),(-90.620523138827878,-699.73591549295634,4.999999254941935),(-93.261368209254414,-717.73977196512396,4.999999254941935),(-84.626224010728237,-748.3400402414461,4.999999254941935),(-82.697987927559836,-682.94768611669906,4.999999254941935),(-73.748457411130417,-760.89453386988623,4.999999254941935),(-69.703353454056312,-668.71646545943383,4.999999254941935),(-58.385446009389327,-771.22736418511181,4.999999254941935),(-61.906572769951296,-715.56002682763528,4.999999254941935),(-59.517236753856601,-727.63246143529204,4.999999254941935),(-52.349228705566745,-737.35747820254528,4.999999254941935),(-39.731857813549411,-778.66784037559069,4.999999254941935),(-35.393326626426301,-746.01358148892859,4.999999254941935),(-10.934071093224064,-786.56941649898999,4.999999254941935),(-3.3049631120050207,-754.87927565392363,4.999999254941935),(32.828504359490374,-798.55801475520093,4.999999254941935),(30.12478202548666,-763.28386988598095,4.999999254941935),(51.104828973844086,-770.55667337357374,4.999999254941935),(46.074647887325746,-805.11820925553559,4.999999254941935),(54.961301140175095,-813.06170355466077,4.999999254941935),(69.758417169683995,-781.76978537893774,4.999999254941935),(59.991482226693435,-822.43041582830222,4.999999254941935),(81.788933601609116,-867.55533199196441,4.999999254941935),(82.794969818919128,-795.62374245473984,4.999999254941935),(90.214486921529272,-849.63531187122533,4.999999254941935),(90.46599597585822,-811.95087189806509,4.999999254941935),(93.023004694833105,-830.58350100603343,4.999999254941935),(-51.846210596914624,-658.38363514419666,4.999999254941935),(-58.532159624415272,-701.41264252179872,4.999999254941935),(-48.408920187792745,-689.48692152917658,4.999999254941935),(-30.426022803488035,-652.09590878605093,4.999999254941935),(-40.659297451374954,-684.75540744466866,4.999999254941935),(-30.908081824280131,-681.37575452717124,4.999999254941935),(-5.4008718980536052,-678.67203219316752,4.999999254941935),(-6.7422535211268944,-650.00000000001387,4.999999254941935),(18.97454728369987,-652.20070422534809,4.999999254941935),(19.477565392351991,-681.64822266934289,4.999999254941935),(41.463648558022328,-658.80281690140873,4.999999254941935),(29.323096914821257,-685.36846076458517,4.999999254941935),(37.439503688799569,-690.57679409792092,4.999999254941935),(43.942060697521399,-697.24178403755866,4.999999254941935),(59.928604963113365,-669.68058350100648,4.999999254941935),(48.946042924212541,-705.33199195170687,4.999999254941935),(54.458283031520089,-725.7880617035695,4.999999254941935),(85.645405767943018,-723.44064386319485,4.999999254941935),(73.572971160297854,-684.70824949698726,4.999999254941935),(82.208115358821146,-702.94265593562375,4.999999254941935),(-102.65103957075011,-821.02615694164308,4.999999254941935),(-71.966934942990861,-818.3433936955023,-7.4505806537672468E-07),(-102.65103957075011,-821.02615694164308,-7.4505806537672468E-07),(-71.966934942990861,-818.3433936955023,4.999999254941935),(-71.966934942990861,-818.3433936955023,-7.4505806537672468E-07),(-68.341012743122988,-835.13162307175969,4.999999254941935),(-68.341012743122988,-835.13162307175969,-7.4505806537672468E-07),(-71.966934942990861,-818.3433936955023,4.999999254941935),(-68.341012743122988,-835.13162307175969,-7.4505806537672468E-07),(-61.82273641851409,-848.60831656606979,4.999999254941935),(-61.82273641851409,-848.60831656606979,-7.4505806537672468E-07),(-68.341012743122988,-835.13162307175969,4.999999254941935),(-61.82273641851409,-848.60831656606979,-7.4505806537672468E-07),(-51.657578806165745,-859.29745137493023,4.999999254941935),(-51.657578806165745,-859.29745137493023,-7.4505806537672468E-07),(-61.82273641851409,-848.60831656606979,4.999999254941935),(-51.657578806165745,-859.29745137493023,4.999999254941935),(-37.091012743122882,-867.72300469483889,-7.4505806537672468E-07),(-51.657578806165745,-859.29745137493023,-7.4505806537672468E-07),(-37.091012743122882,-867.72300469483889,4.999999254941935),(-37.091012743122882,-867.72300469483889,4.999999254941935),(-19.275788061707019,-873.19332662644081,-7.4505806537672468E-07),(-37.091012743122882,-867.72300469483889,-7.4505806537672468E-07),(-19.275788061707019,-873.19332662644081,4.999999254941935),(-19.275788061707019,-873.19332662644081,4.999999254941935),(0.63534540576897591,-875.01676727028882,-7.4505806537672468E-07),(-19.275788061707019,-873.19332662644081,-7.4505806537672468E-07),(0.63534540576897591,-875.01676727028882,4.999999254941935),(0.63534540576897591,-875.01676727028882,4.999999254941935),(18.157142857138727,-873.63346747149262,-7.4505806537672468E-07),(0.63534540576897591,-875.01676727028882,-7.4505806537672468E-07),(18.157142857138727,-873.63346747149262,4.999999254941935),(18.157142857138727,-873.63346747149262,4.999999254941935),(33.499195171025576,-869.4835680751155,-7.4505806537672468E-07),(18.157142857138727,-873.63346747149262,-7.4505806537672468E-07),(33.499195171025576,-869.4835680751155,4.999999254941935),(33.499195171025576,-869.4835680751155,4.999999254941935),(45.927934272299808,-862.92337357478652,-7.4505806537672468E-07),(33.499195171025576,-869.4835680751155,-7.4505806537672468E-07),(45.927934272299808,-862.92337357478652,4.999999254941935),(45.927934272299808,-862.92337357478652,4.999999254941935),(54.709792085849038,-854.30918846411748,-7.4505806537672468E-07),(45.927934272299808,-862.92337357478652,-7.4505806537672468E-07),(54.709792085849038,-854.30918846411748,4.999999254941935),(59.928604963110473,-844.22786720323529,4.999999254941935),(54.709792085849038,-854.30918846411748,-7.4505806537672468E-07),(54.709792085849038,-854.30918846411748,4.999999254941935),(59.928604963110473,-844.22786720323529,-7.4505806537672468E-07),(61.668209255532879,-833.26626425217421,4.999999254941935),(59.928604963110473,-844.22786720323529,-7.4505806537672468E-07),(59.928604963110473,-844.22786720323529,4.999999254941935),(61.668209255532879,-833.26626425217421,-7.4505806537672468E-07),(59.991482226693435,-822.43041582830222,4.999999254941935),(61.668209255532879,-833.26626425217421,-7.4505806537672468E-07),(61.668209255532879,-833.26626425217421,4.999999254941935),(59.991482226693435,-822.43041582830222,-7.4505806537672468E-07),(54.961301140175095,-813.06170355466077,4.999999254941935),(59.991482226693435,-822.43041582830222,-7.4505806537672468E-07),(59.991482226693435,-822.43041582830222,4.999999254941935),(54.961301140175095,-813.06170355466077,-7.4505806537672468E-07),(54.961301140175095,-813.06170355466077,4.999999254941935),(46.074647887325746,-805.11820925553559,-7.4505806537672468E-07),(54.961301140175095,-813.06170355466077,-7.4505806537672468E-07),(46.074647887325746,-805.11820925553559,4.999999254941935),(46.074647887325746,-805.11820925553559,4.999999254941935),(32.828504359490374,-798.55801475520093,-7.4505806537672468E-07),(46.074647887325746,-805.11820925553559,-7.4505806537672468E-07),(32.828504359490374,-798.55801475520093,4.999999254941935),(32.828504359490374,-798.55801475520093,4.999999254941935),(-10.934071093224064,-786.56941649898999,-7.4505806537672468E-07),(32.828504359490374,-798.55801475520093,-7.4505806537672468E-07),(-10.934071093224064,-786.56941649898999,4.999999254941935),(-10.934071093224064,-786.56941649898999,4.999999254941935),(-39.731857813549411,-778.66784037559069,-7.4505806537672468E-07),(-10.934071093224064,-786.56941649898999,-7.4505806537672468E-07),(-39.731857813549411,-778.66784037559069,4.999999254941935),(-39.731857813549411,-778.66784037559069,4.999999254941935),(-58.385446009389327,-771.22736418511181,-7.4505806537672468E-07),(-39.731857813549411,-778.66784037559069,-7.4505806537672468E-07),(-58.385446009389327,-771.22736418511181,4.999999254941935),(-58.385446009389327,-771.22736418511181,4.999999254941935),(-73.748457411130417,-760.89453386988623,-7.4505806537672468E-07),(-58.385446009389327,-771.22736418511181,-7.4505806537672468E-07),(-73.748457411130417,-760.89453386988623,4.999999254941935),(-84.626224010728237,-748.3400402414461,4.999999254941935),(-73.748457411130417,-760.89453386988623,-7.4505806537672468E-07),(-73.748457411130417,-760.89453386988623,4.999999254941935),(-84.626224010728237,-748.3400402414461,-7.4505806537672468E-07),(-91.102582159619985,-733.85731052986057,4.999999254941935),(-84.626224010728237,-748.3400402414461,-7.4505806537672468E-07),(-84.626224010728237,-748.3400402414461,4.999999254941935),(-91.102582159619985,-733.85731052986057,-7.4505806537672468E-07),(-93.261368209254414,-717.73977196512396,4.999999254941935),(-91.102582159619985,-733.85731052986057,-7.4505806537672468E-07),(-91.102582159619985,-733.85731052986057,4.999999254941935),(-93.261368209254414,-717.73977196512396,-7.4505806537672468E-07),(-90.620523138827878,-699.73591549295634,4.999999254941935),(-93.261368209254414,-717.73977196512396,-7.4505806537672468E-07),(-93.261368209254414,-717.73977196512396,4.999999254941935),(-90.620523138827878,-699.73591549295634,-7.4505806537672468E-07),(-82.697987927559836,-682.94768611669906,4.999999254941935),(-90.620523138827878,-699.73591549295634,-7.4505806537672468E-07),(-90.620523138827878,-699.73591549295634,4.999999254941935),(-82.697987927559836,-682.94768611669906,-7.4505806537672468E-07),(-69.703353454056312,-668.71646545943383,4.999999254941935),(-82.697987927559836,-682.94768611669906,-7.4505806537672468E-07),(-82.697987927559836,-682.94768611669906,4.999999254941935),(-69.703353454056312,-668.71646545943383,-7.4505806537672468E-07),(-69.703353454056312,-668.71646545943383,4.999999254941935),(-51.846210596914624,-658.38363514419666,-7.4505806537672468E-07),(-69.703353454056312,-668.71646545943383,-7.4505806537672468E-07),(-51.846210596914624,-658.38363514419666,4.999999254941935),(-51.846210596914624,-658.38363514419666,4.999999254941935),(-30.426022803488035,-652.09590878605093,-7.4505806537672468E-07),(-51.846210596914624,-658.38363514419666,-7.4505806537672468E-07),(-30.426022803488035,-652.09590878605093,4.999999254941935),(-30.426022803488035,-652.09590878605093,4.999999254941935),(-6.7422535211268944,-650.00000000001387,-7.4505806537672468E-07),(-30.426022803488035,-652.09590878605093,-7.4505806537672468E-07),(-6.7422535211268944,-650.00000000001387,4.999999254941935),(-6.7422535211268944,-650.00000000001387,4.999999254941935),(18.97454728369987,-652.20070422534809,-7.4505806537672468E-07),(-6.7422535211268944,-650.00000000001387,-7.4505806537672468E-07),(18.97454728369987,-652.20070422534809,4.999999254941935),(18.97454728369987,-652.20070422534809,4.999999254941935),(41.463648558022328,-658.80281690140873,-7.4505806537672468E-07),(18.97454728369987,-652.20070422534809,-7.4505806537672468E-07),(41.463648558022328,-658.80281690140873,4.999999254941935),(41.463648558022328,-658.80281690140873,4.999999254941935),(59.928604963113365,-669.68058350100648,-7.4505806537672468E-07),(41.463648558022328,-658.80281690140873,-7.4505806537672468E-07),(59.928604963113365,-669.68058350100648,4.999999254941935),(59.928604963113365,-669.68058350100648,-7.4505806537672468E-07),(73.572971160297854,-684.70824949698726,4.999999254941935),(73.572971160297854,-684.70824949698726,-7.4505806537672468E-07),(59.928604963113365,-669.68058350100648,4.999999254941935),(73.572971160297854,-684.70824949698726,-7.4505806537672468E-07),(82.208115358821146,-702.94265593562375,4.999999254941935),(82.208115358821146,-702.94265593562375,-7.4505806537672468E-07),(73.572971160297854,-684.70824949698726,4.999999254941935),(82.208115358821146,-702.94265593562375,-7.4505806537672468E-07),(85.645405767943018,-723.44064386319485,4.999999254941935),(85.645405767943018,-723.44064386319485,-7.4505806537672468E-07),(82.208115358821146,-702.94265593562375,4.999999254941935),(85.645405767943018,-723.44064386319485,4.999999254941935),(54.458283031520089,-725.7880617035695,-7.4505806537672468E-07),(85.645405767943018,-723.44064386319485,-7.4505806537672468E-07),(54.458283031520089,-725.7880617035695,4.999999254941935),(48.946042924212541,-705.33199195170687,4.999999254941935),(54.458283031520089,-725.7880617035695,-7.4505806537672468E-07),(54.458283031520089,-725.7880617035695,4.999999254941935),(48.946042924212541,-705.33199195170687,-7.4505806537672468E-07),(43.942060697521399,-697.24178403755866,4.999999254941935),(48.946042924212541,-705.33199195170687,-7.4505806537672468E-07),(48.946042924212541,-705.33199195170687,4.999999254941935),(43.942060697521399,-697.24178403755866,-7.4505806537672468E-07),(37.439503688799569,-690.57679409792092,4.999999254941935),(43.942060697521399,-697.24178403755866,-7.4505806537672468E-07),(43.942060697521399,-697.24178403755866,4.999999254941935),(37.439503688799569,-690.57679409792092,-7.4505806537672468E-07),(37.439503688799569,-690.57679409792092,4.999999254941935),(29.323096914821257,-685.36846076458517,-7.4505806537672468E-07),(37.439503688799569,-690.57679409792092,-7.4505806537672468E-07),(29.323096914821257,-685.36846076458517,4.999999254941935),(29.323096914821257,-685.36846076458517,4.999999254941935),(19.477565392351991,-681.64822266934289,-7.4505806537672468E-07),(29.323096914821257,-685.36846076458517,-7.4505806537672468E-07),(19.477565392351991,-681.64822266934289,4.999999254941935),(19.477565392351991,-681.64822266934289,4.999999254941935),(-5.4008718980536052,-678.67203219316752,-7.4505806537672468E-07),(19.477565392351991,-681.64822266934289,-7.4505806537672468E-07),(-5.4008718980536052,-678.67203219316752,4.999999254941935),(-5.4008718980536052,-678.67203219316752,4.999999254941935),(-30.908081824280131,-681.37575452717124,-7.4505806537672468E-07),(-5.4008718980536052,-678.67203219316752,-7.4505806537672468E-07),(-30.908081824280131,-681.37575452717124,4.999999254941935),(-30.908081824280131,-681.37575452717124,4.999999254941935),(-40.659297451374954,-684.75540744466866,-7.4505806537672468E-07),(-30.908081824280131,-681.37575452717124,-7.4505806537672468E-07),(-40.659297451374954,-684.75540744466866,4.999999254941935),(-40.659297451374954,-684.75540744466866,4.999999254941935),(-48.408920187792745,-689.48692152917658,-7.4505806537672468E-07),(-40.659297451374954,-684.75540744466866,-7.4505806537672468E-07),(-48.408920187792745,-689.48692152917658,4.999999254941935),(-48.408920187792745,-689.48692152917658,-7.4505806537672468E-07),(-58.532159624415272,-701.41264252179872,4.999999254941935),(-58.532159624415272,-701.41264252179872,-7.4505806537672468E-07),(-48.408920187792745,-689.48692152917658,4.999999254941935),(-58.532159624415272,-701.41264252179872,-7.4505806537672468E-07),(-61.906572769951296,-715.56002682763528,4.999999254941935),(-61.906572769951296,-715.56002682763528,-7.4505806537672468E-07),(-58.532159624415272,-701.41264252179872,4.999999254941935),(-61.906572769951296,-715.56002682763528,-7.4505806537672468E-07),(-59.517236753856601,-727.63246143529204,4.999999254941935),(-59.517236753856601,-727.63246143529204,-7.4505806537672468E-07),(-61.906572769951296,-715.56002682763528,4.999999254941935),(-59.517236753856601,-727.63246143529204,-7.4505806537672468E-07),(-52.349228705566745,-737.35747820254528,4.999999254941935),(-52.349228705566745,-737.35747820254528,-7.4505806537672468E-07),(-59.517236753856601,-727.63246143529204,4.999999254941935),(-52.349228705566745,-737.35747820254528,4.999999254941935),(-35.393326626426301,-746.01358148892859,-7.4505806537672468E-07),(-52.349228705566745,-737.35747820254528,-7.4505806537672468E-07),(-35.393326626426301,-746.01358148892859,4.999999254941935),(-35.393326626426301,-746.01358148892859,4.999999254941935),(-3.3049631120050207,-754.87927565392363,-7.4505806537672468E-07),(-35.393326626426301,-746.01358148892859,-7.4505806537672468E-07),(-3.3049631120050207,-754.87927565392363,4.999999254941935),(-3.3049631120050207,-754.87927565392363,4.999999254941935),(30.12478202548666,-763.28386988598095,-7.4505806537672468E-07),(-3.3049631120050207,-754.87927565392363,-7.4505806537672468E-07),(30.12478202548666,-763.28386988598095,4.999999254941935),(30.12478202548666,-763.28386988598095,4.999999254941935),(51.104828973844086,-770.55667337357374,-7.4505806537672468E-07),(30.12478202548666,-763.28386988598095,-7.4505806537672468E-07),(51.104828973844086,-770.55667337357374,4.999999254941935),(51.104828973844086,-770.55667337357374,4.999999254941935),(69.758417169683995,-781.76978537893774,-7.4505806537672468E-07),(51.104828973844086,-770.55667337357374,-7.4505806537672468E-07),(69.758417169683995,-781.76978537893774,4.999999254941935),(69.758417169683995,-781.76978537893774,-7.4505806537672468E-07),(82.794969818919128,-795.62374245473984,4.999999254941935),(82.794969818919128,-795.62374245473984,-7.4505806537672468E-07),(69.758417169683995,-781.76978537893774,4.999999254941935),(82.794969818919128,-795.62374245473984,-7.4505806537672468E-07),(90.46599597585822,-811.95087189806509,4.999999254941935),(90.46599597585822,-811.95087189806509,-7.4505806537672468E-07),(82.794969818919128,-795.62374245473984,4.999999254941935),(90.46599597585822,-811.95087189806509,-7.4505806537672468E-07),(93.023004694833105,-830.58350100603343,4.999999254941935),(93.023004694833105,-830.58350100603343,-7.4505806537672468E-07),(90.46599597585822,-811.95087189806509,4.999999254941935),(93.023004694833105,-830.58350100603343,-7.4505806537672468E-07),(90.214486921529272,-849.63531187122533,4.999999254941935),(90.214486921529272,-849.63531187122533,-7.4505806537672468E-07),(93.023004694833105,-830.58350100603343,4.999999254941935),(90.214486921529272,-849.63531187122533,-7.4505806537672468E-07),(81.788933601609116,-867.55533199196441,4.999999254941935),(81.788933601609116,-867.55533199196441,-7.4505806537672468E-07),(90.214486921529272,-849.63531187122533,4.999999254941935),(81.788933601609116,-867.55533199196441,-7.4505806537672468E-07),(68.102649228704578,-882.98122065727694,4.999999254941935),(68.102649228704578,-882.98122065727694,-7.4505806537672468E-07),(81.788933601609116,-867.55533199196441,4.999999254941935),(68.102649228704578,-882.98122065727694,4.999999254941935),(49.511938296447624,-894.55063715627,-7.4505806537672468E-07),(68.102649228704578,-882.98122065727694,-7.4505806537672468E-07),(49.511938296447624,-894.55063715627,4.999999254941935),(49.511938296447624,-894.55063715627,4.999999254941935),(27.14859154929686,-901.78152246814284,-7.4505806537672468E-07),(49.511938296447624,-894.55063715627,-7.4505806537672468E-07),(27.14859154929686,-901.78152246814284,4.999999254941935),(27.14859154929686,-901.78152246814284,4.999999254941935),(2.1443997317253434,-904.19181757210617,-7.4505806537672468E-07),(27.14859154929686,-901.78152246814284,-7.4505806537672468E-07),(2.1443997317253434,-904.19181757210617,4.999999254941935),(2.1443997317253434,-904.19181757210617,4.999999254941935),(-28.518745808182551,-901.7605633802799,-7.4505806537672468E-07),(2.1443997317253434,-904.19181757210617,-7.4505806537672468E-07),(-28.518745808182551,-901.7605633802799,4.999999254941935),(-28.518745808182551,-901.7605633802799,4.999999254941935),(-53.77444668007724,-894.46680080482986,-7.4505806537672468E-07),(-28.518745808182551,-901.7605633802799,-7.4505806537672468E-07),(-53.77444668007724,-894.46680080482986,4.999999254941935),(-53.77444668007724,-894.46680080482986,4.999999254941935),(-73.895171026159247,-882.28957075788173,-7.4505806537672468E-07),(-53.77444668007724,-894.46680080482986,-7.4505806537672468E-07),(-73.895171026159247,-882.28957075788173,4.999999254941935),(-89.153386988597333,-865.20791415158396,4.999999254941935),(-73.895171026159247,-882.28957075788173,-7.4505806537672468E-07),(-73.895171026159247,-882.28957075788173,4.999999254941935),(-89.153386988597333,-865.20791415158396,-7.4505806537672468E-07),(-98.941281019450813,-844.39553990610386,4.999999254941935),(-89.153386988597333,-865.20791415158396,-7.4505806537672468E-07),(-89.153386988597333,-865.20791415158396,4.999999254941935),(-98.941281019450813,-844.39553990610386,-7.4505806537672468E-07),(-102.65103957075011,-821.02615694164308,4.999999254941935),(-98.941281019450813,-844.39553990610386,-7.4505806537672468E-07),(-98.941281019450813,-844.39553990610386,4.999999254941935),(-102.65103957075011,-821.02615694164308,-7.4505806537672468E-07)));
#1011=IFCSTYLEDITEM(#1009,(#1012),$);
#1012=IFCSURFACESTYLE('virtual_black',.BOTH.,(#1003));
#1013=IFCSHAPEREPRESENTATION(#12,'Body','Tessellation',(#1009));
#1014=IFCPRODUCTDEFINITIONSHAPE($,$,(#1013));
#1015=IFCSITE('2syxA9_lr7Ew2uZai3VhhS',#1,'road - site','A designated parking area, providing space for vehicles.',$,#1016,$,$,.PARTIAL.,$,$,0.,$,$);
#1016=IFCLOCALPLACEMENT(#22,#1017);
#1017=IFCAXIS2PLACEMENT3D(#1018,#1019,#1020);
#1018=IFCCARTESIANPOINT((-17320.50807568874,10000.000000000058,0.));
#1019=IFCDIRECTION((0.,0.,1.));
#1020=IFCDIRECTION((-0.50000000000000033,0.8660254037844386,0.));
#1021=IFCBUILDING('1AfgOmh7nDOedEyHKWgbIw',#1,'road','A well-constructed road, connecting various parts of the infrastructure.',$,#1023,$,$,.COMPLEX.,0.,0.,$);
#1022=IFCRELAGGREGATES('1u1ff5x5DCIP_M_aflNaeS',#1,'road - site container',$,#1015,(#1021));
#1023=IFCLOCALPLACEMENT(#1016,#1024);
#1024=IFCAXIS2PLACEMENT3D(#1025,#1026,#1027);
#1025=IFCCARTESIANPOINT((0.,0.,0.));
#1026=IFCDIRECTION((0.,0.,1.));
#1027=IFCDIRECTION((1.,0.,0.));
#1028=IFCBUILDING('2pS6pdNUf5JhK0$Ap6Vb7C',#1,'road segment','A segment of the road, connecting various parts of the infrastructure.','roadsegment',#1030,$,$,.PARTIAL.,0.,0.,$);
#1029=IFCRELAGGREGATES('3i1EyPo5bBfBqc7yAYRJt2',#1,'road container',$,#1021,(#1028));
#1030=IFCLOCALPLACEMENT(#1023,#1031);
#1031=IFCAXIS2PLACEMENT3D(#1032,#1033,#1034);
#1032=IFCCARTESIANPOINT((0.,0.,0.));
#1033=IFCDIRECTION((0.,0.,1.));
#1034=IFCDIRECTION((1.,0.,0.));
#1035=IFCBUILDINGSTOREY('2v_vgJ52rCdOoY4xv9BEGs',#1,'road carriageway','The carriageway, providing a smooth driving surface for vehicles in the parking area.',$,#1037,$,$,.ELEMENT.,0.);
#1036=IFCRELAGGREGATES('1319Xi9PfC3h$8QChShCMV',#1,'road segment container',$,#1028,(#1035,#1165,#1176));
#1037=IFCLOCALPLACEMENT(#1030,#1038);
#1038=IFCAXIS2PLACEMENT3D(#1039,#1040,#1041);
#1039=IFCCARTESIANPOINT((0.,0.,0.));
#1040=IFCDIRECTION((0.,0.,1.));
#1041=IFCDIRECTION((1.,0.,0.));
#1042=IFCSLAB('1hIucSGDb5YfQIf0E4zTy_',#1,'road - asphalt binder course','A durable asphalt binder course, forming a key layer of the road.','core',#1054,#1063,'454425.1918123.1918126.1918136.1918138.1918143',$);
#1043=IFCPROPERTYENUMERATEDVALUE('Status',$,(IFCLABEL('UNSET')),#58);
#1044=IFCPROPERTYSINGLEVALUE('IsExternal',$,IFCBOOLEAN(.T.),$);
#1045=IFCPROPERTYSINGLEVALUE('LoadBearing',$,IFCBOOLEAN(.T.),$);
#1046=IFCPROPERTYSET('0HdeVPoN14LBZa6Puprub3',#1,'Pset_SlabCommon',$,(#1043,#1044,#1045));
#1047=IFCRELDEFINESBYPROPERTIES('3w5FNEUxb9gfKibhLsP9jS',#1,$,$,(#1042),#1046);
#1048=IFCQUANTITYVOLUME('NetVolume',$,$,5.76000000000007,$);
#1049=IFCQUANTITYLENGTH('Depth',$,$,80.000000000001279,$);
#1050=IFCQUANTITYAREA('NetArea',$,$,71.99999999999973,$);
#1051=IFCELEMENTQUANTITY('06GjtnAET4Xenam6lXgVxB',#1,'Qto_SlabBaseQuantities',$,$,(#1048,#1049,#1050));
#1052=IFCRELDEFINESBYPROPERTIES('14FyGOCHH39vsen3eBR__Q',#1,$,$,(#1042),#1051);
#1053=IFCRELCONTAINEDINSPATIALSTRUCTURE('2PeFxZy3HBvQTbZahQ0Zo9',#1,$,$,(#1042,#1064,#1080,#1091,#1099,#1107,#1115,#1123,#1144),#1035);
#1054=IFCLOCALPLACEMENT(#1037,#1055);
#1055=IFCAXIS2PLACEMENT3D(#1056,#1057,#1058);
#1056=IFCCARTESIANPOINT((7.5078787631355223E-11,8.0680820246925568E-09,-9.0238927441532719E-14));
#1057=IFCDIRECTION((0.,0.,1.));
#1058=IFCDIRECTION((1.,0.,0.));
#1059=IFCTRIANGULATEDFACESET(#1060,((-1.,0.,0.),(-1.,0.,0.),(-1.,0.,0.),(-1.,0.,0.),(0.,-1.,0.),(0.,-1.,0.),(0.,-1.,0.),(0.,-1.,0.),(0.,0.,-1.),(0.,0.,-1.),(0.,0.,-1.),(0.,0.,-1.),(1.,0.,0.),(1.,0.,0.),(1.,0.,0.),(1.,0.,0.),(0.,0.,1.),(0.,0.,1.),(0.,0.,1.),(0.,0.,1.),(0.,1.,0.),(0.,1.,0.),(0.,1.,0.),(0.,1.,0.)),$,((1,2,3),(2,1,4),(5,6,7),(6,5,8),(9,10,11),(10,9,12),(13,14,15),(14,13,16),(17,18,19),(18,17,20),(21,22,23),(22,21,24)),$);
#1060=IFCCARTESIANPOINTLIST3D(((-1800.0000000000057,9999.9999999999109,-39.999999999997392),(-1800.0000000000057,-9999.99999999996,-119.99999999999868),(-1800.0000000000057,-9999.99999999996,-39.999999999997392),(-1800.0000000000057,9999.9999999999109,-119.99999999999868),(1800.0000000000057,-9999.99999999996,-39.999999999997392),(-1800.0000000000057,-9999.99999999996,-119.99999999999868),(1800.0000000000057,-9999.99999999996,-119.99999999999868),(-1800.0000000000057,-9999.99999999996,-39.999999999997392),(1800.0000000000057,9999.9999999999109,-119.99999999999868),(-1800.0000000000057,-9999.99999999996,-119.99999999999868),(-1800.0000000000057,9999.9999999999109,-119.99999999999868),(1800.0000000000057,-9999.99999999996,-119.99999999999868),(1800.0000000000057,9999.9999999999109,-119.99999999999868),(1800.0000000000057,-9999.99999999996,-39.999999999997392),(1800.0000000000057,-9999.99999999996,-119.99999999999868),(1800.0000000000057,9999.9999999999109,-39.999999999997392),(1800.0000000000057,-9999.99999999996,-39.999999999997392),(-1800.0000000000057,9999.9999999999109,-39.999999999997392),(-1800.0000000000057,-9999.99999999996,-39.999999999997392),(1800.0000000000057,9999.9999999999109,-39.999999999997392),(-1800.0000000000057,9999.9999999999109,-39.999999999997392),(1800.0000000000057,9999.9999999999109,-119.99999999999868),(-1800.0000000000057,9999.9999999999109,-119.99999999999868),(1800.0000000000057,9999.9999999999109,-39.999999999997392)));
#1061=IFCSTYLEDITEM(#1059,(#81),$);
#1062=IFCSHAPEREPRESENTATION(#12,'Body','Tessellation',(#1059));
#1063=IFCPRODUCTDEFINITIONSHAPE($,$,(#1062));
#1064=IFCSLAB('2Hv0cNhjPCV8n4VnOiLlhy',#1,'road - asphalt surface course','A smooth asphalt surface, providing a durable driving layer.','pavement',#1070,#1079,'454425.1918123.1918126.1918136.1918138.1918144',$);
#1065=IFCPROPERTYENUMERATEDVALUE('Status',$,(IFCLABEL('UNSET')),#58);
#1066=IFCPROPERTYSINGLEVALUE('IsExternal',$,IFCBOOLEAN(.T.),$);
#1067=IFCPROPERTYSINGLEVALUE('LoadBearing',$,IFCBOOLEAN(.T.),$);
#1068=IFCPROPERTYSET('0KN3RAeJT4RxG_f0XgFo9v',#1,'Pset_SlabCommon',$,(#1065,#1066,#1067));
#1069=IFCRELDEFINESBYPROPERTIES('3_XOiTEB934vSoVXQ_B_fu',#1,$,$,(#1064),#1068);
#1070=IFCLOCALPLACEMENT(#1037,#1071);
#1071=IFCAXIS2PLACEMENT3D(#1072,#1073,#1074);
#1072=IFCCARTESIANPOINT((7.2191141953226179E-11,8.0738573160488152E-09,-9.0238927441532655E-14));
#1073=IFCDIRECTION((0.,0.,1.));
#1074=IFCDIRECTION((1.,-7.2164496600635195E-16,0.));
#1075=IFCTRIANGULATEDFACESET(#1076,((-1.,3.552713678800511E-16,0.),(-1.,3.552713678800511E-16,0.),(-1.,3.552713678800511E-16,0.),(-1.,3.552713678800511E-16,0.),(3.3306690738754731E-16,-1.,0.),(3.3306690738754731E-16,-1.,0.),(3.3306690738754731E-16,-1.,0.),(3.3306690738754731E-16,-1.,0.),(0.,0.,-1.),(0.,0.,-1.),(0.,0.,-1.),(0.,0.,-1.),(1.,-3.552713678800511E-16,0.),(1.,-3.552713678800511E-16,0.),(1.,-3.552713678800511E-16,0.),(1.,-3.552713678800511E-16,0.),(0.,0.,1.),(0.,0.,1.),(0.,0.,1.),(0.,0.,1.),(-3.3306690738754731E-16,1.,0.),(-3.3306690738754731E-16,1.,0.),(-3.3306690738754731E-16,1.,0.),(-3.3306690738754731E-16,1.,0.)),$,((1,2,3),(2,1,4),(5,6,7),(6,5,8),(9,10,11),(10,9,12),(13,14,15),(14,13,16),(17,18,19),(18,17,20),(21,22,23),(22,21,24)),$);
#1076=IFCCARTESIANPOINTLIST3D(((-1800.000000000005,9999.9999999999163,2.1657342585967822E-12),(-1799.9999999999934,-9999.99999999996,-39.999999999998074),(-1799.9999999999934,-9999.99999999996,2.1657342585967822E-12),(-1800.000000000005,9999.9999999999163,-39.999999999998074),(1800.000000000002,-9999.9999999999545,2.1657342585967822E-12),(-1799.9999999999934,-9999.99999999996,-39.999999999998074),(1800.000000000002,-9999.9999999999545,-39.999999999998074),(-1799.9999999999934,-9999.99999999996,2.1657342585967822E-12),(1800.000000000005,9999.9999999999309,-39.999999999998074),(-1799.9999999999934,-9999.99999999996,-39.999999999998074),(-1800.000000000005,9999.9999999999163,-39.999999999998074),(1800.000000000002,-9999.9999999999545,-39.999999999998074),(1800.000000000005,9999.9999999999309,-39.999999999998074),(1800.000000000002,-9999.9999999999545,2.1657342585967822E-12),(1800.000000000002,-9999.9999999999545,-39.999999999998074),(1800.000000000005,9999.9999999999309,2.1657342585967822E-12),(-1799.9999999999934,-9999.99999999996,2.1657342585967822E-12),(1800.000000000005,9999.9999999999309,2.1657342585967822E-12),(-1800.000000000005,9999.9999999999163,2.1657342585967822E-12),(1800.000000000002,-9999.9999999999545,2.1657342585967822E-12),(-1800.000000000005,9999.9999999999163,2.1657342585967822E-12),(1800.000000000005,9999.9999999999309,-39.999999999998074),(-1800.000000000005,9999.9999999999163,-39.999999999998074),(1800.000000000005,9999.9999999999309,2.1657342585967822E-12)));
#1077=IFCSTYLEDITEM(#1075,(#109),$);
#1078=IFCSHAPEREPRESENTATION(#12,'Body','Tessellation',(#1075));
#1079=IFCPRODUCTDEFINITIONSHAPE($,$,(#1078));
#1080=IFCSURFACEFEATURE('3736_hvIzFCRBgB1NzaIAG',#1,'road - line marking','Clear and precise line markings, guiding traffic safely.','linemarking',#1081,#1090,'454425.1918123.1918126.1918136.1918138.1918144.2051805',.USERDEFINED.);
#1081=IFCLOCALPLACEMENT(#1070,#1082);
#1082=IFCAXIS2PLACEMENT3D(#1083,#1084,#1085);
#1083=IFCCARTESIANPOINT((8.6629370343871402E-12,6999.9999999919009,-1.0018533496306849E-29));
#1084=IFCDIRECTION((0.,0.,1.));
#1085=IFCDIRECTION((-4.6629367034256575E-15,1.,0.));
#1086=IFCTRIANGULATEDFACESET(#1087,((0.,0.,1.),(0.,0.,1.),(0.,0.,1.),(0.,0.,1.)),$,((1,2,3),(2,1,4)),$);
#1087=IFCCARTESIANPOINTLIST3D(((-2.887645678129049E-12,-50.000000000014609,0.),(2000.0000000000027,49.999999999980069,0.),(-8.6629370343871466E-12,49.999999999985732,0.),(2000.0000000000116,-50.000000000020272,0.)));
#1088=IFCSTYLEDITEM(#1086,(#251),$);
#1089=IFCSHAPEREPRESENTATION(#12,'Body','Tessellation',(#1086));
#1090=IFCPRODUCTDEFINITIONSHAPE($,$,(#1089));
#1091=IFCSURFACEFEATURE('1HY$KHGVb0Y9iLwHsRZfqX',#1,'road - line marking','Clear and precise line markings, guiding traffic safely.','linemarking',#1092,#1098,'454425.1918123.1918126.1918136.1918138.1918144.2051907',.USERDEFINED.);
#1092=IFCLOCALPLACEMENT(#1070,#1093);
#1093=IFCAXIS2PLACEMENT3D(#1094,#1095,#1096);
#1094=IFCCARTESIANPOINT((-2.887645678129047E-12,2999.9999999919023,-1.0018533496306849E-29));
#1095=IFCDIRECTION((0.,0.,1.));
#1096=IFCDIRECTION((-4.6629367034256575E-15,1.,0.));
#1097=IFCSHAPEREPRESENTATION(#12,'Body','Tessellation',(#1086));
#1098=IFCPRODUCTDEFINITIONSHAPE($,$,(#1097));
#1099=IFCSURFACEFEATURE('3SstlkwwP25gbEsTjECubM',#1,'road - line marking','Clear and precise line markings, guiding traffic safely.','linemarking',#1100,#1106,'454425.1918123.1918126.1918136.1918138.1918144.2051908',.USERDEFINED.);
#1100=IFCLOCALPLACEMENT(#1070,#1101);
#1101=IFCAXIS2PLACEMENT3D(#1102,#1103,#1104);
#1102=IFCCARTESIANPOINT((2.887645678129047E-12,-1000.0000000080991,-1.0018533496306849E-29));
#1103=IFCDIRECTION((0.,0.,1.));
#1104=IFCDIRECTION((-4.6629367034256575E-15,1.,0.));
#1105=IFCSHAPEREPRESENTATION(#12,'Body','Tessellation',(#1086));
#1106=IFCPRODUCTDEFINITIONSHAPE($,$,(#1105));
#1107=IFCSURFACEFEATURE('0foyckKPj2OwIIYCa8mzqS',#1,'road - line marking','Clear and precise line markings, guiding traffic safely.','linemarking',#1108,#1114,'454425.1918123.1918126.1918136.1918138.1918144.2051909',.USERDEFINED.);
#1108=IFCLOCALPLACEMENT(#1070,#1109);
#1109=IFCAXIS2PLACEMENT3D(#1110,#1111,#1112);
#1110=IFCCARTESIANPOINT((2.887645678129047E-12,-5000.0000000081009,-1.0018533496306849E-29));
#1111=IFCDIRECTION((0.,0.,1.));
#1112=IFCDIRECTION((-4.6629367034256575E-15,1.,0.));
#1113=IFCSHAPEREPRESENTATION(#12,'Body','Tessellation',(#1086));
#1114=IFCPRODUCTDEFINITIONSHAPE($,$,(#1113));
#1115=IFCSURFACEFEATURE('1Fxh8JXAj0VPU5VkvOYvkk',#1,'road - line marking','Clear and precise line markings, guiding traffic safely.','linemarking',#1116,#1122,'454425.1918123.1918126.1918136.1918138.1918144.2051910',.USERDEFINED.);
#1116=IFCLOCALPLACEMENT(#1070,#1117);
#1117=IFCAXIS2PLACEMENT3D(#1118,#1119,#1120);
#1118=IFCCARTESIANPOINT((2.887645678129047E-12,-9000.0000000080872,-1.0018533496306849E-29));
#1119=IFCDIRECTION((0.,0.,1.));
#1120=IFCDIRECTION((-4.6629367034256575E-15,1.,0.));
#1121=IFCSHAPEREPRESENTATION(#12,'Body','Tessellation',(#1086));
#1122=IFCPRODUCTDEFINITIONSHAPE($,$,(#1121));
#1123=IFCSLAB('1IhMwsHkj23Pk9puusHUBF',#1,'road - subgrade','A stable subgrade, forming the foundation of the road.','subgrade',#1134,#1143,'454425.1918123.1918126.1918136.1918138.1918146',$);
#1124=IFCPROPERTYENUMERATEDVALUE('Status',$,(IFCLABEL('UNSET')),#58);
#1125=IFCPROPERTYSINGLEVALUE('IsExternal',$,$,$);
#1126=IFCPROPERTYSINGLEVALUE('LoadBearing',$,IFCBOOLEAN(.T.),$);
#1127=IFCPROPERTYSET('3Jiyk6ryz208_MeEYDtEb3',#1,'Pset_SlabCommon',$,(#1124,#1125,#1126));
#1128=IFCRELDEFINESBYPROPERTIES('2bb8VZTEbAbB3mlS0uDfkP',#1,$,$,(#1123),#1127);
#1129=IFCQUANTITYVOLUME('NetVolume',$,$,17.999999999999627,$);
#1130=IFCQUANTITYLENGTH('Depth',$,$,249.99999999999656,$);
#1131=IFCQUANTITYAREA('NetArea',$,$,71.999999999999503,$);
#1132=IFCELEMENTQUANTITY('20c1xTVfz9qxIady72nR63',#1,'Qto_SlabBaseQuantities',$,$,(#1129,#1130,#1131));
#1133=IFCRELDEFINESBYPROPERTIES('1x5ST3x3X9vfa1Lm$iCTAp',#1,$,$,(#1123),#1132);
#1134=IFCLOCALPLACEMENT(#1037,#1135);
#1135=IFCAXIS2PLACEMENT3D(#1136,#1137,#1138);
#1136=IFCCARTESIANPOINT((7.5078787631355223E-11,8.0680820246925568E-09,-9.0238927441532719E-14));
#1137=IFCDIRECTION((0.,0.,1.));
#1138=IFCDIRECTION((1.,-2.7755575615628918E-16,0.));
#1139=IFCTRIANGULATEDFACESET(#1140,((-1.,0.,0.),(-1.,0.,0.),(-1.,0.,0.),(-1.,0.,0.),(1.6653345369377356E-16,-1.,0.),(1.6653345369377356E-16,-1.,0.),(1.6653345369377356E-16,-1.,0.),(1.6653345369377356E-16,-1.,0.),(0.,0.,-1.),(0.,0.,-1.),(0.,0.,-1.),(0.,0.,-1.),(1.,0.,0.),(1.,0.,0.),(1.,0.,0.),(1.,0.,0.),(0.,0.,1.),(0.,0.,1.),(0.,0.,1.),(0.,0.,1.),(-1.6653345369377356E-16,1.,0.),(-1.6653345369377356E-16,1.,0.),(-1.6653345369377356E-16,1.,0.),(-1.6653345369377356E-16,1.,0.)),$,((1,2,3),(2,1,4),(5,6,7),(6,5,8),(9,10,11),(10,9,12),(13,14,15),(14,13,16),(17,18,19),(18,17,20),(21,22,23),(22,21,24)),$);
#1140=IFCCARTESIANPOINTLIST3D(((-1799.9999999999829,9999.9999999999109,-119.99999999999579),(-1799.9999999999859,-9999.99999999996,-369.99999999999233),(-1799.9999999999859,-9999.99999999996,-119.99999999999579),(-1799.9999999999829,9999.9999999999109,-369.99999999999233),(1800.0000000000177,-9999.9999999999618,-119.99999999999579),(-1799.9999999999859,-9999.99999999996,-369.99999999999233),(1800.0000000000177,-9999.9999999999618,-369.99999999999233),(-1799.9999999999859,-9999.99999999996,-119.99999999999579),(-1799.9999999999829,9999.9999999999109,-369.99999999999233),(1800.0000000000177,-9999.9999999999618,-369.99999999999233),(-1799.9999999999859,-9999.99999999996,-369.99999999999233),(1800.0000000000148,9999.9999999999109,-369.99999999999233),(1800.0000000000148,9999.9999999999109,-369.99999999999233),(1800.0000000000177,-9999.9999999999618,-119.99999999999579),(1800.0000000000177,-9999.9999999999618,-369.99999999999233),(1800.0000000000148,9999.9999999999109,-119.99999999999579),(1800.0000000000177,-9999.9999999999618,-119.99999999999579),(-1799.9999999999829,9999.9999999999109,-119.99999999999579),(-1799.9999999999859,-9999.99999999996,-119.99999999999579),(1800.0000000000148,9999.9999999999109,-119.99999999999579),(-1799.9999999999829,9999.9999999999109,-119.99999999999579),(1800.0000000000148,9999.9999999999109,-369.99999999999233),(-1799.9999999999829,9999.9999999999109,-369.99999999999233),(1800.0000000000148,9999.9999999999109,-119.99999999999579)));
#1141=IFCSTYLEDITEM(#1139,(#137),$);
#1142=IFCSHAPEREPRESENTATION(#12,'Body','Tessellation',(#1139));
#1143=IFCPRODUCTDEFINITIONSHAPE($,$,(#1142));
#1144=IFCSLAB('0JHBQuEiP0nvPYpJMf4bmS',#1,'road - base course','A solid base course, providing support for the road surface.','subgradebed',#1155,#1164,'454425.1918123.1918126.1918136.1918138.1918147',$);
#1145=IFCPROPERTYENUMERATEDVALUE('Status',$,(IFCLABEL('UNSET')),#58);
#1146=IFCPROPERTYSINGLEVALUE('IsExternal',$,IFCBOOLEAN(.T.),$);
#1147=IFCPROPERTYSINGLEVALUE('LoadBearing',$,IFCBOOLEAN(.T.),$);
#1148=IFCPROPERTYSET('2sYKBhLdDFBe14Vbh7nQtl',#1,'Pset_SlabCommon',$,(#1145,#1146,#1147));
#1149=IFCRELDEFINESBYPROPERTIES('0x3ObZsQD8KQa61QJqC2i1',#1,$,$,(#1144),#1148);
#1150=IFCQUANTITYVOLUME('NetVolume',$,$,8.6399999999913284,$);
#1151=IFCQUANTITYLENGTH('Depth',$,$,120.00000000000287,$);
#1152=IFCQUANTITYAREA('NetArea',$,$,71.999999999926004,$);
#1153=IFCELEMENTQUANTITY('2CG_nh3jbDf8zp1g22ABGk',#1,'Qto_SlabBaseQuantities',$,$,(#1150,#1151,#1152));
#1154=IFCRELDEFINESBYPROPERTIES('1G0T2Zm3D0FAcqsCuJlo5Q',#1,$,$,(#1144),#1153);
#1155=IFCLOCALPLACEMENT(#1037,#1156);
#1156=IFCAXIS2PLACEMENT3D(#1157,#1158,#1159);
#1157=IFCCARTESIANPOINT((7.5078787631355223E-11,8.0680820246925568E-09,-9.0238927441532719E-14));
#1158=IFCDIRECTION((-1.9721522630525295E-31,-4.7331654313260729E-30,1.));
#1159=IFCDIRECTION((1.,0.,3.9443045261050608E-31));
#1160=IFCTRIANGULATEDFACESET(#1161,((1.,-2.0428103653102977E-15,4.0306720923883612E-13),(1.,-2.0428103653102977E-15,4.0306720923883612E-13),(1.,-2.0428103653102977E-15,4.0306720923883612E-13),(1.,-2.0428103653102977E-15,4.0306720923883612E-13),(1.5777218104420243E-30,1.5777218104420311E-31,1.),(1.5777218104420243E-30,1.5777218104420311E-31,1.),(1.5777218104420243E-30,1.5777218104420311E-31,1.),(1.5777218104420243E-30,1.5777218104420311E-31,1.),(-2.2204460492503141E-16,-1.,-7.2191141953223794E-14),(-2.2204460492503141E-16,-1.,-7.2191141953223794E-14),(-2.2204460492503141E-16,-1.,-7.2191141953223794E-14),(-2.2204460492503141E-16,-1.,-7.2191141953223794E-14),(2.2204460492503141E-16,1.,3.4061061487390401E-15),(2.2204460492503141E-16,1.,3.4061061487390401E-15),(2.2204460492503141E-16,1.,3.4061061487390401E-15),(2.2204460492503141E-16,1.,3.4061061487390401E-15),(-1.,-2.6645352591003875E-15,4.1209110198298906E-13),(-1.,-2.6645352591003875E-15,4.1209110198298906E-13),(-1.,-2.6645352591003875E-15,4.1209110198298906E-13),(-1.,-2.6645352591003875E-15,4.1209110198298906E-13),(2.5066368733765151E-17,1.2376268898606299E-14,-1.),(2.5066368733765151E-17,1.2376268898606299E-14,-1.),(2.5066368733765151E-17,1.2376268898606299E-14,-1.),(2.5066368733765151E-17,1.2376268898606299E-14,-1.)),$,((1,2,3),(2,1,4),(5,6,7),(6,5,8),(9,10,11),(10,9,12),(13,14,15),(14,13,16),(17,18,19),(18,17,20),(21,22,23),(22,21,24)),$);
#1161=IFCCARTESIANPOINTLIST3D(((1800.0000000000143,-9999.9999999999291,-489.99999999999505),(1800.0000000000086,9999.9999999999109,-369.99999999999221),(1800.0000000000202,-9999.9999999999382,-369.99999999999216),(1800.0000000001096,9999.9999999999181,-489.99999999974716),(-1799.9999999999798,-9999.9999999999145,-369.99999999999221),(1800.0000000000086,9999.9999999999109,-369.99999999999221),(-1799.9999999999854,9999.9999999999327,-369.99999999999221),(1800.0000000000202,-9999.9999999999382,-369.99999999999216),(1800.0000000000202,-9999.9999999999382,-369.99999999999216),(-1799.9999999999798,-9999.9999999999309,-489.99999999999505),(1800.0000000000143,-9999.9999999999291,-489.99999999999505),(-1799.9999999999798,-9999.9999999999145,-369.99999999999221),(-1799.9999999999854,9999.9999999999327,-369.99999999999221),(1800.0000000001096,9999.9999999999181,-489.99999999974716),(-1800.0000000000837,9999.9999999999254,-489.99999999974733),(1800.0000000000086,9999.9999999999109,-369.99999999999221),(-1799.9999999999798,-9999.9999999999145,-369.99999999999221),(-1800.0000000000837,9999.9999999999254,-489.99999999974733),(-1799.9999999999798,-9999.9999999999309,-489.99999999999505),(-1799.9999999999854,9999.9999999999327,-369.99999999999221),(1800.0000000001096,9999.9999999999181,-489.99999999974716),(-1799.9999999999798,-9999.9999999999309,-489.99999999999505),(-1800.0000000000837,9999.9999999999254,-489.99999999974733),(1800.0000000000143,-9999.9999999999291,-489.99999999999505)));
#1162=IFCSTYLEDITEM(#1160,(#165),$);
#1163=IFCSHAPEREPRESENTATION(#12,'Body','Tessellation',(#1160));
#1164=IFCPRODUCTDEFINITIONSHAPE($,$,(#1163));
#1165=IFCBUILDINGSTOREY('0YqCWlEOfFLOP9cWpIfWnw',#1,'road - shoulder','The shoulder, providing additional space and support alongside the road.','shoulder',#1166,#1175,$,.ELEMENT.,-489.99999999999108);
#1166=IFCLOCALPLACEMENT(#1030,#1167);
#1167=IFCAXIS2PLACEMENT3D(#1168,#1169,#1170);
#1168=IFCCARTESIANPOINT((1799.999999999995,-9999.9999999997526,-489.99999999999108));
#1169=IFCDIRECTION((-1.5543122344752188E-14,-1.,-2.5667961583369146E-14));
#1170=IFCDIRECTION((1.,-1.5432100042289676E-14,-3.937698651994146E-15));
#1171=IFCTRIANGULATEDFACESET(#1172,((2.1027624086400377E-13,2.6570742937494101E-13,1.),(2.1027624086400377E-13,2.6570742937494101E-13,1.),(2.1027624086400377E-13,2.6570742937494101E-13,1.),(2.1027624086400377E-13,2.6570742937494101E-13,1.),(2.1027624086400377E-13,2.6570742937494101E-13,1.),(0.44721359549995665,0.89442719099991652,-1.5530228629333886E-15),(0.44721359549995665,0.89442719099991652,-1.5530228629333886E-15),(0.44721359549995665,0.89442719099991652,-1.5530228629333886E-15),(0.44721359549995665,0.89442719099991652,-1.5530228629333886E-15),(-3.9787163462857509E-14,-1.,1.175788158194499E-15),(-3.9787163462857509E-14,-1.,1.175788158194499E-15),(-3.9787163462857509E-14,-1.,1.175788158194499E-15),(-3.9787163462857509E-14,-1.,1.175788158194499E-15),(1.5914865385142997E-14,1.,-1.2844007339178548E-15),(1.5914865385142997E-14,1.,-1.2844007339178548E-15),(1.5914865385142997E-14,1.,-1.2844007339178548E-15),(1.5914865385142997E-14,1.,-1.2844007339178548E-15),(-1.,1.6419163961735119E-14,9.7699626166972526E-16),(-1.,1.6419163961735119E-14,9.7699626166972526E-16),(-1.,1.6419163961735119E-14,9.7699626166972526E-16),(-1.,1.6419163961735119E-14,9.7699626166972526E-16),(-1.,1.6419163961735119E-14,9.7699626166972526E-16),(-1.,1.6419163961735119E-14,9.7699626166972526E-16),(-2.955968803064454E-13,-7.0938240131345762E-13,-1.),(-2.955968803064454E-13,-7.0938240131345762E-13,-1.),(-2.955968803064454E-13,-7.0938240131345762E-13,-1.),(-2.955968803064454E-13,-7.0938240131345762E-13,-1.),(-2.955968803064454E-13,-7.0938240131345762E-13,-1.)),$,((1,2,3),(2,1,4),(4,1,5),(6,7,8),(7,6,9),(10,11,12),(11,10,13),(14,15,16),(15,14,17),(18,19,20),(19,18,21),(21,18,22),(21,22,23),(24,25,26),(25,27,28),(27,25,24)),$);
#1172=IFCCARTESIANPOINTLIST3D(((1100.000000000003,2.6032409872293483E-27,-1.0822565066348359E-10),(1.0761972208499808E-41,120.00000000000298,2.3876017015330091E-10),(0.,0.,0.),(4.0357395773749316E-41,449.99999999999943,1.147839157056283E-10),(200.00000000000054,449.99999999999636,6.5083050060364742E-12),(200.00000000000054,449.99999999999636,6.5083050060364742E-12),(1099.99999999998,1.5981314049895443E-10,-19999.999999999753),(199.99999999997453,450.00000000015655,-19999.999999999753),(1100.000000000003,2.6032409872293483E-27,-1.0822565066348359E-10),(1100.000000000003,2.6032409872293483E-27,-1.0822565066348359E-10),(-4.6202330850064713E-11,2.4734490011724117E-10,-19999.999999999178),(1099.99999999998,1.5981314049895443E-10,-19999.999999999753),(0.,0.,0.),(-2.5988811103161401E-11,450.00000000016007,-19999.999999999643),(200.00000000000054,449.99999999999636,6.5083050060364742E-12),(199.99999999997453,450.00000000015655,-19999.999999999753),(4.0357395773749316E-41,449.99999999999943,1.147839157056283E-10),(1.0761972208499808E-41,120.00000000000298,2.3876017015330091E-10),(-4.6202330850064713E-11,2.4734490011724117E-10,-19999.999999999178),(0.,0.,0.),(-2.3101165425032357E-11,120.00000000016384,-19999.999999999527),(4.0357395773749316E-41,449.99999999999943,1.147839157056283E-10),(-2.5988811103161401E-11,450.00000000016007,-19999.999999999643),(199.99999999997453,450.00000000015655,-19999.999999999753),(-2.3101165425032357E-11,120.00000000016384,-19999.999999999527),(-2.5988811103161401E-11,450.00000000016007,-19999.999999999643),(1099.99999999998,1.5981314049895443E-10,-19999.999999999753),(-4.6202330850064713E-11,2.4734490011724117E-10,-19999.999999999178)));
#1173=IFCSTYLEDITEM(#1171,(#165),$);
#1174=IFCSHAPEREPRESENTATION(#12,'Body','Tessellation',(#1171));
#1175=IFCPRODUCTDEFINITIONSHAPE($,$,(#1174));
#1176=IFCBUILDINGSTOREY('2Jmv7aVW59tgvJy3nmB5rm',#1,'road - shoulder','The shoulder, providing additional space and support alongside the road.','shoulder',#1177,#1186,$,.ELEMENT.,-489.99999999997698);
#1177=IFCLOCALPLACEMENT(#1030,#1178);
#1178=IFCAXIS2PLACEMENT3D(#1179,#1180,#1181);
#1179=IFCCARTESIANPOINT((-1800.0000000003472,-9999.9999999996817,-489.99999999997698));
#1180=IFCDIRECTION((-1.5543122344752188E-14,-1.,-2.5667961583369143E-14));
#1181=IFCDIRECTION((-1.,1.5543122344752192E-14,3.9376986519941413E-15));
#1182=IFCTRIANGULATEDFACESET(#1183,((2.1033175201523517E-13,-2.6570742937494106E-13,1.),(2.1033175201523517E-13,-2.6570742937494106E-13,1.),(2.1033175201523517E-13,-2.6570742937494106E-13,1.),(2.1033175201523517E-13,-2.6570742937494106E-13,1.),(2.1033175201523517E-13,-2.6570742937494106E-13,1.),(0.44721359549995648,-0.89442719099991652,-1.5530228629332978E-15),(0.44721359549995648,-0.89442719099991652,-1.5530228629332978E-15),(0.44721359549995648,-0.89442719099991652,-1.5530228629332978E-15),(0.44721359549995648,-0.89442719099991652,-1.5530228629332978E-15),(-3.978716346285749E-14,1.,1.1757881581944988E-15),(-3.978716346285749E-14,1.,1.1757881581944988E-15),(-3.978716346285749E-14,1.,1.1757881581944988E-15),(-3.978716346285749E-14,1.,1.1757881581944988E-15),(1.5914865385142994E-14,-1.,-1.2844007339178548E-15),(1.5914865385142994E-14,-1.,-1.2844007339178548E-15),(1.5914865385142994E-14,-1.,-1.2844007339178548E-15),(1.5914865385142994E-14,-1.,-1.2844007339178548E-15),(-1.,-1.6419163961735128E-14,9.7699626166952331E-16),(-1.,-1.6419163961735128E-14,9.7699626166952331E-16),(-1.,-1.6419163961735128E-14,9.7699626166952331E-16),(-1.,-1.6419163961735128E-14,9.7699626166952331E-16),(-1.,-1.6419163961735128E-14,9.7699626166952331E-16),(-1.,-1.6419163961735128E-14,9.7699626166952331E-16),(-2.9565239145767681E-13,7.0938240131345772E-13,-1.),(-2.9565239145767681E-13,7.0938240131345772E-13,-1.),(-2.9565239145767681E-13,7.0938240131345772E-13,-1.),(-2.9565239145767681E-13,7.0938240131345772E-13,-1.),(-2.9565239145767681E-13,7.0938240131345772E-13,-1.)),$,((3,2,1),(4,1,2),(5,1,4),(8,7,6),(9,6,7),(12,11,10),(13,10,11),(16,15,14),(17,14,15),(20,19,18),(21,18,19),(22,18,21),(23,22,21),(26,25,24),(28,27,25),(24,25,27)),$);
#1183=IFCCARTESIANPOINTLIST3D(((1100.0000000000036,-8.6774699574311604E-28,-1.0828671292983822E-10),(-4.8264269013952359E-38,-120.00000000000298,2.3876017015330096E-10),(0.,0.,0.),(-2.3203040031904102E-38,-449.99999999999943,1.1478391570562833E-10),(200.00000000000065,-449.99999999999636,6.4972027757901839E-12),(200.00000000000065,-449.99999999999636,6.4972027757901839E-12),(1099.9999999999804,-1.5981314049895443E-10,-19999.999999999753),(199.99999999997465,-450.00000000015655,-19999.999999999756),(1100.0000000000036,-8.6774699574311604E-28,-1.0828671292983822E-10),(1100.0000000000036,-8.6774699574311604E-28,-1.0828671292983822E-10),(-4.6202330850060694E-11,-2.4734490011724117E-10,-19999.999999999181),(1099.9999999999804,-1.5981314049895443E-10,-19999.999999999753),(0.,0.,0.),(-2.5988811103157372E-11,-450.00000000016007,-19999.999999999651),(200.00000000000065,-449.99999999999636,6.4972027757901839E-12),(199.99999999997465,-450.00000000015655,-19999.999999999756),(-2.3203040031904102E-38,-449.99999999999943,1.1478391570562833E-10),(-4.8264269013952359E-38,-120.00000000000298,2.3876017015330096E-10),(-4.6202330850060694E-11,-2.4734490011724117E-10,-19999.999999999181),(0.,0.,0.),(-2.3101165425028327E-11,-120.00000000016384,-19999.999999999527),(-2.3203040031904102E-38,-449.99999999999943,1.1478391570562833E-10),(-2.5988811103157372E-11,-450.00000000016007,-19999.999999999651),(199.99999999997465,-450.00000000015655,-19999.999999999756),(-2.3101165425028327E-11,-120.00000000016384,-19999.999999999527),(-2.5988811103157372E-11,-450.00000000016007,-19999.999999999651),(1099.9999999999804,-1.5981314049895443E-10,-19999.999999999753),(-4.6202330850060694E-11,-2.4734490011724117E-10,-19999.999999999181)));
#1184=IFCSTYLEDITEM(#1182,(#165),$);
#1185=IFCSHAPEREPRESENTATION(#12,'Body','Tessellation',(#1182));
#1186=IFCPRODUCTDEFINITIONSHAPE($,$,(#1185));
ENDSEC;
END-ISO-10303-21;
